Title,Allergens,Calories,Fat,Saturated Fat,Carbohydrate,Sugar,Dietary Fiber,Protein,Cholesterol,Sodium,Ingredients
Queso Frito Rice,Milk,Calories 630kcal,Fat 25g,Saturated Fat 11g,Carbohydrate 85g,Sugar 4g,Dietary Fiber 9g,Protein 21g,Cholesterol 40mg,Sodium 340mg,1 unitRed Onion; 2 cloveGarlic; 3/4 cupBasmati Rice; 2 unitPoblano Pepper; 4 ounceGrilling Cheese; 1/2 ounceCilantro; 1 unitLemon; 1 tablespoonCuban Spice Blend; 4 teaspoonOlive Oil; Salt; Pepper
Quick and Easy Spanish Chicken,Milk,Calories 530kcal,Fat 17g,Saturated Fat 6g,Carbohydrate 59g,Sugar 8g,Dietary Fiber 4g,Protein 35g,Cholesterol 120mg,Sodium 560mg,4 cloveGarlic; 3 unitChicken Stock Concentrate; 1 teaspoonTurmeric; 1 cupJasmine Rice; 2 unitBell Pepper; 4 unitScallions; 16 ouncePulled Chicken; 2 teaspoonCumin; 3 ounceTomato Paste; 1 teaspoonHot Smoked Paprika; 1 unitLemon; 1 tablespoonVegetable Oil; 2 tablespoonButter; Salt; Pepper
Quick Beef Ragù Spaghetti,Soy; Wheat; Milk,Calories 820kcal,Fat 30g,Saturated Fat 12g,Carbohydrate 92g,Sugar 18g,Dietary Fiber 8g,Protein 45g,Cholesterol 110mg,Sodium 1180mg,2 unitZucchini; 2 unitYellow Onion; 4 cloveGarlic; 1/4 ounceThyme; 20 ounceGround Beef; 1 tablespoonItalian Seasoning; 4 tablespoonSoy Sauce; 12 ounceSpaghetti; 27.52 ounceCrushed Tomatoes; 1/2 cupParmesan Cheese; 1 teaspoonChili Flakes; 2 teaspoonOlive Oil; Salt; Pepper
Quick Creamy Penne,Tree Nuts; Wheat; Milk,Calories 610kcal,Fat 23g,Saturated Fat 7g,Carbohydrate 82g,Sugar 8g,Dietary Fiber 7g,Protein 23g,Cholesterol 35mg,Sodium 400mg,1/4 ounceMint; 2 cloveGarlic; 1 ouncePine Nuts; 6 ouncePenne Pasta; 4 ouncePeas; 4 tablespoonSour Cream; 1 unitVeggie Stock Concentrate; 1/4 cupParmesan Cheese; 1 teaspoonOlive Oil; Salt; Pepper
Quick Sausage Bolognese,Milk; Wheat,Calories 891kcal,Fat 28g,Saturated Fat 10g,Carbohydrate 103g,Sugar 19g,Dietary Fiber 11g,Protein 42g,Cholesterol 89mg,Sodium 1368mg,1 unitYellow Onion; 2 unitCarrots; 2 cloveGarlic; 4 ounceButton Mushrooms; 18 ounceSweet Italian Pork Sausage; 2 boxCrushed Tomatoes; 1 unitChicken Stock Concentrate; 1/2 cupParmesan Cheese; 12 ounceSpaghetti; 10 ounceSpinach; 1/4 ounceParsley; unitSalt; unitPepper; 4 teaspoonOlive Oil
Quick Sausage Bolognese,Wheat; Milk,Calories 890kcal,Fat 44g,Saturated Fat 16g,Carbohydrate 94g,Sugar 14g,Dietary Fiber 9g,Protein 39g,Cholesterol 95mg,Sodium 1680mg,1 unitYellow Onion; 4 unitCarrots; 2 cloveGarlic; 4 ounceButton Mushrooms; 1/4 ounceParsley; 12 ounceSpaghetti; 18 ounceSweet Italian Pork Sausage; 2 boxCrushed Tomatoes; 1 unitChicken Stock Concentrate; 10 ounceSpinach; 1/2 cupParmesan Cheese; 4 teaspoonOlive Oil; Salt; Pepper
Quick Sausage Bolognese,Milk; Wheat,Calories 847kcal,Fat 36g,Saturated Fat 14g,Carbohydrate 96g,Sugar 19g,Dietary Fiber 9g,Protein 42g,,Sodium 1391mg,1 unitYellow Onion; 2 unitCarrots; 2 cloveGarlic; 4 ounceButton Mushrooms; 18 ounceSweet Italian Pork Sausage; 2 boxCrushed Tomatoes; 1 unitBeef Stock Concentrate; 1/2 cupParmesan Cheese; 12 ounceSpaghetti; 10 ounceSpinach; 1/2 ounceBasil; unitSalt; unitPepper; 2 teaspoonOlive Oil
Quickest Crispy Chicken,Soy; Wheat; Milk,Calories 780kcal,Fat 38g,Saturated Fat 12g,Carbohydrate 71g,Sugar 17g,Dietary Fiber 8g,Protein 40g,Cholesterol 145mg,Sodium 580mg,2 cloveGarlic; 1 tablespoonItalian Seasoning; 2 unitDemi-Baguette; 1/4 cupPanko Breadcrumbs; 10 ounceChicken Breasts; 1 tablespoonSour Cream; 1 unitRoma Tomato; 1 unitLemon; 2 ounceArugula; 1 ounceDried Cranberries; 2 tablespoonButter; 2 tablespoonVegetable Oil; 2 teaspoonOlive Oil; Salt; Pepper
Quickest Mac and Cheese,Wheat; Milk,Calories 616kcal,Fat 25g,Saturated Fat 13g,Carbohydrate 76g,Sugar 8g,Dietary Fiber 6g,Protein 25g,Cholesterol 59mg,Sodium 376mg,12 ounceGemelli Pasta; 1.5 cupCheddar Cheese; 2 ounceCream Cheese; 5 ounceSpinach; 1 unitRoma Tomato; 1 unitYellow Onion; 1 boxMilk; 1/4 cupPanko Breadcrumbs; 1 tablespoonButter; 2 teaspoonOlive Oil; unitSalt; unitPepper
Quick-Marinated Steak,,Calories 641kcal,Fat 28g,,Carbohydrate 52g,,Dietary Fiber 10g,Protein 46g,,,Ingredientsserving amount2412 ounceSteak1 unitGreen Bell Pepper1 unitZucchini1 bunchAsparagus12 ounceYukon Gold Potatoes2 tablespoonBalsamic Vinegar1 sprigRosemary1 unitOrange2 cloveGarlic; 12 ounceSteak; 1 unitGreen Bell Pepper; 1 unitZucchini; 1 bunchAsparagus; 12 ounceYukon Gold Potatoes; 2 tablespoonBalsamic Vinegar; 1 sprigRosemary; 1 unitOrange; 2 cloveGarlic
"Quinoa-Stuffed Peppers with Feta Cheese, Mushrooms, and Shallot",Milk; Soy; Wheat,Calories 593kcal,Fat 27g,Saturated Fat 6g,Carbohydrate 68g,Sugar 14g,Dietary Fiber 11g,Protein 25g,,Sodium 1257mg,2 unitRed Bell Pepper; 2 cloveGarlic; 2 ounceShallot; 1/4 ounceParsley; 4 ounceButton Mushrooms; 2 ounceFeta Cheese; 3/4 cupQuinoa; 1 unitVeggie Stock Concentrate; 6 teaspoonSoy Sauce; 1 ouncePepitas; 2 tablespoonWhite Wine Vinegar; 4 teaspoonOlive Oil
