Title,Allergens,Calories,Fat,Saturated Fat,Carbohydrate,Sugar,Dietary Fiber,Protein,Cholesterol,Sodium,Ingredients
Rachael Ray's Grilled Buffalo Chicken,Milk,Calories 590kcal,Fat 27g,Saturated Fat 12g,Carbohydrate 43g,Sugar 7g,Dietary Fiber 5g,Protein 45g,Cholesterol 150mg,Sodium 1640mg,1 unitRusset Potato; 2 unitScallions; 1 unitCelery; 1 unitCarrots; 1 tablespoonWhite Wine Vinegar; 12 ounceChicken Breasts; 1/4 cupFrank's Red Hot Sauce; 4 tablespoonSour Cream; 1/2 teaspoonCelery Salt; 1 tablespoonOlive Oil; 2 tablespoonButter; 1 pinchSugar; Salt; Pepper
Rajas Quesadillas,Milk; Soy; Wheat,Calories 680kcal,Fat 40g,Saturated Fat 20g,Carbohydrate 62g,Sugar 10g,Dietary Fiber 7g,Protein 21g,Cholesterol 75mg,Sodium 1130mg,1 unitPoblano Pepper; 2 unitRoma Tomato; 1 unitLime; 1 tablespoonSouthwest Spice Blend; 1/2 cupMexican Cheese Blend; 4 tablespoonGuacamole; 1 unitRed Onion; 1/4 ounceCilantro; 4 tablespoonSour Cream; 2 unitFlour Tortillas; 1/2 cupPepper Jack Cheese; 2 teaspoonOlive Oil; Salt; Pepper
Rajas Quesadillas,Milk; Soy; Wheat,Calories 700kcal,Fat 42g,Saturated Fat 18g,Carbohydrate 61g,Sugar 10g,Dietary Fiber 7g,Protein 21g,Cholesterol 75mg,Sodium 1110mg,1 unitPoblano Pepper; 2 unitRoma Tomato; 1 unitLime; 1 tablespoonSouthwest Spice Blend; 1/2 cupMexican Cheese Blend; 4 tablespoonGuacamole; 1 unitRed Onion; 1/4 ounceCilantro; 4 tablespoonSour Cream; 2 unitFlour Tortillas; 1/2 cupPepper Jack Cheese; 2 teaspoonOlive Oil; Salt; Pepper
Ranch Steak,,Calories 180kcal,Fat 8g,Saturated Fat2.5 g,,,,Protein 26g,Cholesterol 70mg,Sodium 410mg,Ingredients/ serving 2 people10 ounceRanch Steak; 10 ounceRanch Steak
Rapid Butternut Squash Agnolotti,Eggs; Milk; Wheat; Tree Nuts,Calories 638kcal,Fat 38g,Saturated Fat 15g,Carbohydrate 59g,Sugar 8g,Dietary Fiber 9g,Protein 24g,Cholesterol 67mg,Sodium 439mg,9 ounceButternut Squash Agnolotti; 8 ounceKale; 1/4 ounceSage; 1 unitShallot; 2 cloveGarlic; 1/4 cupParmesan Cheese; 1 ouncePine Nuts; unitSalt; unitPepper; 1 tablespoonOlive Oil; 2 tablespoonButter
Rapid Crispy Shrimp Tacos,Eggs; Shellfish; Wheat; Milk,Calories 679kcal,Fat 31g,Saturated Fat 9g,Carbohydrate 63g,Sugar 9g,Dietary Fiber 5g,Protein 32g,Cholesterol 243mg,Sodium 1037mg,1/4 ounceCilantro; 1 unitLime; 1 jarMayonnaise; 2 tablespoonWhite Wine Vinegar; 1 tablespoonBlackening Spice; 10 ounceShrimp; 1 tablespoonCornstarch; 6 unitFlour Tortilla; 4 tablespoonSour Cream; 4 ounceShredded Red Cabbage; 4 ounceShredded Carrot; unitSalt; unitPepper; 2 teaspoonVegetable Oil; 1 teaspoonSugar
Rapid Maple Balsamic Chicken,Milk,Calories 567kcal,Fat 22g,Saturated Fat 10g,Carbohydrate 48g,Sugar 15g,Dietary Fiber 8g,Protein 46g,Cholesterol 139mg,Sodium 268mg,8 ounceBroccoli Florets; 1 teaspoonSweet and Smoky Spice Blend; 2 unitSweet Potatoes; 12 ounceChicken Breasts; 2 tablespoonBalsamic Vinegar; 2 teaspoonMaple Syrup; unitSalt; unitPepper; 2.5 tablespoonButter; 2 teaspoonVegetable Oil
Rapid Stir-Fried Beef,Soy; Wheat; Eggs,Calories 754kcal,Fat 29g,Saturated Fat 6g,Carbohydrate 77g,Sugar 9g,Dietary Fiber 6g,Protein 54g,Cholesterol 102mg,Sodium 1620mg,12 ounceBeef Sirloin Tips; 2 unitScallions; 2 cloveGarlic; 1 tablespoonCornstarch; 1 thumbGinger; 16 ounceYakisoba Noodles; 1 unitKetchup; 4 unitSoy Sauce; 1 jarHoisin Sauce Jar; 8 ounceBroccoli Florets; 1 tablespoonSesame Oil; 1 teaspoonSriracha; 4 teaspoonVegetable Oil; unitSalt; unitPepper
Red Hot Tomato Soup,Wheat; Milk,Calories 850kcal,Fat 48g,Saturated Fat 19g,Carbohydrate 90g,Sugar 21g,Dietary Fiber 10g,Protein 26g,Cholesterol 85mg,Sodium 1490mg,1 unitYellow Onion; 2 cloveGarlic; 1 unitLemon; 13.76 ounceCrushed Tomatoes; 1 unitVeggie Stock Concentrate; 4 unitNaan Bread; 1/2 cupMozzarella Cheese; 6 tablespoonSour Cream; 1 teaspoonChili Flakes; 2 ounceMixed Greens; 1 ounceSunflower Seeds; 2 tablespoonButter; 4 teaspoonOlive Oil; 1 teaspoonSugar; Salt; Pepper
Red Rice Bowl,Eggs; Soy; Wheat; Milk,Calories 601kcal,Fat 21g,Saturated Fat 6g,Carbohydrate 88g,Sugar 6g,Dietary Fiber 8g,Protein 21g,Cholesterol 291mg,Sodium 747mg,1 cupRed Rice; 4 ounceButton Mushrooms; 4 ounceShredded Red Cabbage; 5 ounceSpinach; 2 cloveGarlic; 2 unitScallions; 2 unitEggs; 2 tablespoonWhite Wine Vinegar; 1 ounceSoy Sauce; 1 teaspoonSriracha; 1 tablespoonButter; 1 tablespoonOlive Oil; unitSalt; unitPepper
Red Sauce Rigatoni,Wheat; Milk,Calories 790kcal,Fat 30g,Saturated Fat 12g,Carbohydrate 88g,Sugar 13g,Dietary Fiber 7g,Protein 48g,Cholesterol 110mg,Sodium 670mg,1 unitYellow Onion; 4 cloveGarlic; 1/4 ounceBasil; 4 ounceTuscan Kale; 2 boxCrushed Tomatoes; 20 ounceGround Beef; 2 teaspoonMeatloaf Spice Blend; 1/4 cupPanko Breadcrumbs; 12 ounceRigatoni Pasta; 1/2 cupParmesan Cheese; 2 teaspoonOlive Oil; Salt; Pepper
Rib-Eye Steak and Savory Mushroom Sauce,Milk,Calories 1020kcal,Fat 68g,Saturated Fat 32g,Carbohydrate 36g,Sugar 4g,Dietary Fiber 3g,Protein 65g,Cholesterol 205mg,Sodium 720mg,1 unitRusset Potato; 2 unitScallions; 2 cloveGarlic; 4 ounceButton Mushrooms; 20 ounceRib-Eye Steak; 2 tablespoonSour Cream; 1/4 cupMonterey Jack Cheese; 1 unitBeef Stock Concentrate; 2 tablespoonButter; 1 teaspoonOlive Oil; 2 teaspoonVegetable Oil; Salt; Pepper
Rib-Eye Steak and Truffled Potato Gratin,Milk; Wheat,Calories 890kcal,Fat 58g,Saturated Fat 23g,Carbohydrate 46g,Sugar 10g,Dietary Fiber 7g,Protein 44g,Cholesterol 140mg,Sodium 850mg,1 unitRoma Tomato; 2 cloveGarlic; 12 ounceYukon Gold Potatoes; 1/4 ounceChives; 6.75 ounceMilk; 0.7 ounceTruffle Zest; 2 tablespoonFlour; 1/4 cupParmesan Cheese; 12 ounceRib-Eye Steak; 1 teaspoonDried Rosemary; 5 ounceSpinach; 1 unitBeef Stock Concentrate; 1 teaspoonSugar; 3 teaspoonOlive Oil; Salt; Pepper
Rib-Eye Steak Béarnaise,Milk,Calories 880kcal,Fat 64g,Saturated Fat 26g,Carbohydrate 39g,Sugar 6g,Dietary Fiber 8g,Protein 36g,Cholesterol 150mg,Sodium 530mg,12 ounceFingerling Potatoes; 1/4 ounceRosemary; 1 unitShallot; 1/4 ounceTarragon; 8 ounceAsparagus; 12 ounceRib-Eye Steak; 5 teaspoonWhite Wine Vinegar; 1 unitBeef Stock Concentrate; 1 tablespoonVegetable Oil; 2 tablespoonButter; Salt; Pepper
Rib-Eye Steak Over Gruyère Mashed Potatoes,Tree Nuts; Milk,Calories 1060kcal,Fat 80g,Saturated Fat 31g,Carbohydrate 44g,Sugar 8g,Dietary Fiber 10g,Protein 44g,Cholesterol 175mg,Sodium 500mg,1 ounceHazelnuts; 12 ounceYukon Gold Potatoes; 8 ounceCarrot; 2 cloveGarlic; 1/4 ounceParsley; 12 ounceRib-Eye Steak; 1 teaspoonPaprika; 1 tablespoonBold & Savory Steak Spice; 2 teaspoonDijon Mustard; 2 tablespoonSour Cream; 1/2 cupGruyère Cheese; 1 tablespoonVegetable Oil; 1 tablespoonButter; Salt; Pepper
Rib-Eye Steak Over Truffled Mashed Potatoes,Tree Nuts; Milk,Calories 1010kcal,Fat 73g,Saturated Fat 28g,Carbohydrate 52g,Sugar 12g,Dietary Fiber 9g,Protein 39g,Cholesterol 160mg,Sodium 560mg,12 ounceYukon Gold Potatoes; 1/4 teaspoonTricolor Peppercorns; 1/4 ounceParsley; 1 unitShallot; 6 ounceGreen Beans; 12 ounceRib-Eye Steak; 1 unitBeef Demi-Glace; 4 tablespoonSour Cream; 1/2 teaspoonTruffle Oil; 1 ounceAlmonds; 1 tablespoonVegetable Oil; 1 tablespoonButter; Salt; Pepper
Ribeye with Tarragon Sauce,Milk,Calories 1080kcal,Fat 77g,Saturated Fat 32g,Carbohydrate 35g,Sugar 5g,Dietary Fiber 7g,Protein 63g,Cholesterol 200mg,Sodium 790mg,8 ounceAsparagus; 12 ounceYukon Gold Potatoes; 1/4 ounceTarragon; 5 teaspoonGarlic Oil; 20 ounceRib-Eye Steak; 1 unitBeef Stock Concentrate; 2 teaspoonDijon Mustard; 4 tablespoonSour Cream; 1 teaspoonOlive Oil; 1 teaspoonVegetable Oil; 2 tablespoonButter; Salt; Pepper
Rigatoni “a la Vodka”,Wheat; Milk,Calories 659kcal,Fat 22g,Saturated Fat 10g,Carbohydrate 91g,Sugar 13g,Dietary Fiber 5g,Protein 26g,Cholesterol 52mg,Sodium 925mg,12 ounceRigatoni Pasta; 4 cloveGarlic; 1/4 ounceParsley; 4 ouncePancetta; 1/2 cupParmesan Cheese; 2 tablespoonFlour; 1 boxCrushed Tomatoes; 5 ounceSpinach; 2 boxMilk; 1/2 cupPanko Breadcrumbs; unitSalt; unitPepper; 1 tablespoonButter
Risotto alla Tex-Mex,Milk,Calories 530kcal,Fat 19g,Saturated Fat 5g,Carbohydrate 77g,Sugar 8g,Dietary Fiber 6g,Protein 16g,Cholesterol 10mg,Sodium 290mg,1 unitRed Bell Pepper; 1/4 cupMonterey Jack Cheese; 1/2 canCorn; 3/4 cupArborio Rice; 1/4 unitCilantro; 1 unitVeggie Stock Concentrate; 2 cloveGarlic; 1 unitShallot; 1 teaspoonCumin; 1 ouncePepitas; 1 unitJalapeño; 1 tablespoonOlive Oil; unitSalt; unitPepper
Roast Turkey & Classic Gravy,Milk; Wheat,,,,,,,,,,1 unit14-16lb Honeysuckle White Turkey; 1/2 unitLemon; 2 unitShallot; 5 cloveGarlic; 2 sprigThyme; 2 ounceGarlic Herb Butter; 1/2 teaspoonDried Thyme; 1/2 teaspoonSage; 3 tablespoonFlour; 2 unitChicken Demi-Glace; 1 unitChicken Stock Concentrate; Salt; Pepper
Roasted Beet & Lentil Salad,Tree Nuts; Milk,Calories 691kcal,Fat 34g,,Carbohydrate 72g,,Dietary Fiber 23g,Protein 30g,,,8 ouncePre-Cooked Beets; 2 ounceArugula; 1 unitRed Onion; 10 ounceYukon Gold Potatoes; 1 ounceWalnuts; 2 tablespoonBalsamic Vinegar; 2 ounceCrumbled Goat Cheese; 1/2 cupLentils; 1 sprigThyme; 1/2 tablespoonHoney; 1 unitVeggie Stock Concentrate; 2 tablespoonOlive Oil; unitSalt; unitPepper
"Roasted Beet and Lentil Salad with Feta Cheese, Arugula, and Walnuts",Tree Nuts; Milk,Calories 602kcal,Fat 22g,Saturated Fat 6g,Carbohydrate 81g,Sugar 27g,Dietary Fiber 14g,Protein 23g,,Sodium 622mg,8.8 ouncePre-Cooked Beets; 2 ounceArugula; 1 unitRed Onion; 10 ounceBaby Potatoes; 1 ounceWalnuts; 2 tablespoonBalsamic Vinegar; 2 ounceFeta Cheese; 1/2 cupLentils; 1/4 ounceThyme; 1 ounceHoney; 1 unitVeggie Stock Concentrate; 1 tablespoonOlive Oil; boxSalt; boxPepper
Roasted Broccoli and Potato Chowder,Wheat; Milk; Soy,Calories 690kcal,Fat 38g,Saturated Fat 19g,Carbohydrate 66g,Sugar 11g,Dietary Fiber 8g,Protein 20g,Cholesterol 85mg,Sodium 840mg,8 ounceBroccoli Florets; 1/2 unitYellow Onion; 12 ounceYukon Gold Potatoes; 1 tablespoonFlour; 1 teaspoonGarlic Powder; 6.75 ounceMilk; 2 unitVeggie Stock Concentrate; 1 unitDemi-Baguette; 1/2 cupPepper Jack Cheese; 2 tablespoonSour Cream; 4 teaspoonOlive Oil; 2.5 tablespoonButter; Salt; Pepper
"Roasted Brussels Sprout & Barley Salad with Goat Cheese, Cranberries, and Pepitas",Wheat; Milk,Calories 767kcal,Fat 36g,Saturated Fat 10g,Carbohydrate 93g,Sugar 25g,Dietary Fiber 20g,Protein 26g,,Sodium 206mg,8 ounceBrussels Sprouts; 3/4 cupBarley; 1 ounceDried Cranberries; 1 ouncePepitas; 2 tablespoonBalsamic Vinegar; 1 ounceHoney; 2 ounceShallot; 2 ounceArugula; 4 ounceCrumbled Goat Cheese; 7 teaspoonOlive Oil
Roasted Butternut Squash & Leek Hash,Wheat; Milk,Calories 652kcal,Fat 27g,,Carbohydrate 83g,,Dietary Fiber 11g,Protein 23g,,,3/4 cupWhole Wheat Spaghetti; 12 ounceButternut Squash; 1 unitLeeks; 1/4 cupFeta Cheese; 1 unitVeggie Stock Concentrate; 1 ouncePepitas; 1 sprigMint; 2 cloveGarlic; unitOlive Oil; unitSalt; unitPepper
Roasted Carrot & Avocado Salad,Wheat; Milk,Calories 746kcal,Fat 44g,,Carbohydrate 74g,,Dietary Fiber 15g,Protein 19g,,,2 unitCarrots; 3/4 cupFarro; 1 unitLemon; 1 ouncePepitas; 1 unitVeggie Stock Concentrate; 1 unitAvocado; 1 teaspoonCumin; 1 ounceArugula; 2 tablespoonSour Cream; 2 cloveGarlic; 1 sprigThyme; 3.5 tablespoonOlive Oil
Roasted Cauliflower and Squash Tacos,Milk; Wheat,Calories 578kcal,Fat 23g,Saturated Fat 8g,Carbohydrate 74g,Sugar 13g,Dietary Fiber 8g,Protein 20g,Cholesterol 20mg,Sodium 853mg,10 ounceCauliflower Florets; 8 ounceButternut Squash; 1 teaspoonCumin; 1 teaspoonChili Flakes; 1/2 ounceHoney; 1 teaspoonChili Powder; 1/2 cupFeta Cheese; 1/4 ounceParsley; 1 unitLime; 2 cloveGarlic; 6 unitFlour Tortilla; 1 unitYogurt; 4 teaspoonOlive Oil; unitSalt; unitPepper
Roasted Cauliflower Flatbreads,Wheat; Sesame; Milk,Calories 220kcal,Fat 10g,Saturated Fat 2g,Carbohydrate 28g,Sugar 5g,Dietary Fiber 4g,Protein 8g,Cholesterol 5mg,Sodium 250mg,1 unitRed Onion; 10 ounceCauliflower Florets; 1 unitLemon; 1 tablespoonMediterranean Spice Blend; 1 ounceTahini; 1/2 ounceHoney; 1 unitRoma Tomato; 1/4 ounceCilantro; 2 unitFlatbreads; 1/2 cupItalian Cheese Blend; 5 teaspoonOlive Oil; Salt; Pepper
"Roasted Cauliflower Steaks with Bulgur, Tzatziki, and Spiced Oil",Wheat; Milk,Calories 500kcal,Fat 26g,Saturated Fat 4g,Carbohydrate 56g,Sugar 11g,Dietary Fiber 15g,Protein 21g,,Sodium 320mg,1 unitCauliflower; 1/2 cupBulgur Wheat; 1 unitVeggie Stock Concentrate; 1/4 ounceDill; 5.3 ounceYogurt; 1 ouncePepitas; 1 teaspoonCumin; 1 teaspoonChili Flakes; 1 unitLemon; 1 unitCucumber; 7 teaspoonOlive Oil; boxSalt; boxPepper
Roasted Cauliflower,Wheat; Milk,Calories 463kcal,Fat 25g,Saturated Fat 4g,Carbohydrate 52g,Sugar 10g,Dietary Fiber 15g,Protein 19g,Cholesterol 2mg,Sodium 274mg,10 ounceCauliflower Florets; 1/2 cupBulgur Wheat; 1 unitVeggie Stock Concentrate; 1/4 ounceDill; 1 unitYogurt; 1 ouncePepitas; 1 teaspoonCumin; 1 teaspoonChili Flakes; 1 unitLemon; 1 unitPersian Cucumber; 4 ounceGrape Tomatoes; unitSalt; unitPepper; 7 teaspoonOlive Oil
Roasted Cauliflower,Wheat; Milk,Calories 472kcal,Fat 25g,Saturated Fat 4g,Carbohydrate 55g,Sugar 11g,Dietary Fiber 15g,Protein 19g,Cholesterol 3mg,Sodium 298mg,12 ounceCauliflower Florets; 1/2 cupBulgur Wheat; 1 unitVeggie Stock Concentrate; 1/4 ounceDill; 1 unitYogurt; 1 ouncePepitas; 1 teaspoonCumin; 1 teaspoonChili Flakes; 1 unitLemon; 1 unitCucumber; 4 ounceGrape Tomatoes; 5 teaspoonOlive Oil; unitSalt; unitPepper
Roasted Eggplant Caprese,Wheat; Milk,Calories 731kcal,Fat 40g,,Carbohydrate 64g,,Dietary Fiber 13g,Protein 30g,,,1 unitEggplant; 1/2 cupFregula Sarda; 1 unitTomato; 5 ounceSpinach; 1 unitVeggie Stock Concentrate; 2 tablespoonBalsamic Vinegar; 6 ounceFresh Mozzarella; 1 bunchBasil; 4.5 tablespoonOlive Oil; unitSalt; unitBlack Pepper
Roasted Garlic & Veggie Flatbreads,Wheat; Milk; Sesame,Calories 610kcal,Fat 31g,Saturated Fat 15g,Carbohydrate 68g,Sugar 9g,Dietary Fiber 4g,Protein 19g,Cholesterol 60mg,Sodium 800mg,1 unitZucchini; 2 cloveGarlic; 1 tablespoonItalian Seasoning; 1 tablespoonFlour; 4 tablespoonCream Cheese; 1 teaspoonChili Flakes; 4 ounceGrape Tomatoes; 1/4 ounceChives; 2 unitFlatbreads; 1 teaspoonGarlic Powder; 1/2 cupMozzarella Cheese; 1 tablespoonOlive Oil; 1 tablespoonButter; Salt; Pepper
Roasted Garlic Herb Penne,Wheat; Milk,Calories 670kcal,Fat 34g,Saturated Fat 13g,Carbohydrate 80g,Sugar 8g,Dietary Fiber 9g,Protein 19g,Cholesterol 45mg,Sodium 270mg,6 ouncePenne Pasta; 1 ounceCapers; 8 ounceAsparagus; 1 unitRoma Tomato; 1 unitLemon; 1 teaspoonChili Flakes; 2 tablespoonGarlic Herb Butter; 1/4 cupParmesan Cheese; 1 tablespoonVegetable Oil; 1 teaspoonOlive Oil; Salt; Pepper
Roasted Half-Chicken Dinner,,Calories 810kcal,Fat 51g,Saturated Fat 12g,Carbohydrate 49g,Sugar 11g,Dietary Fiber 12g,Protein 45g,Cholesterol 160mg,Sodium 300mg,16 ounceHalf Chicken; 12 ounceYukon Gold Potatoes; 4 ouncePearl Onions; 8 ounceCarrot; 1 unitLemon; 1/4 ounceThyme; 1/4 ounceRosemary; 8 teaspoonOlive Oil; unitSalt; unitPepper
Roasted Pepper Cavatappi Milano,Milk; Wheat,Calories 720kcal,Fat 31g,Saturated Fat 15g,Carbohydrate 89g,Sugar 14g,Dietary Fiber 6g,Protein 22g,Cholesterol 65mg,Sodium 970mg,1 unitRed Bell Pepper; 4 ounceFresh Mozzarella; 14 ounceMarinara Cup; 1 teaspoonChili Flakes; 1/4 cupPanko Breadcrumbs; 6 ounceCavatappi Pasta; 2 tablespoonCream Cheese; 1/2 ounceBasil; 2 teaspoonOlive Oil; 1 tablespoonButter; Salt; Pepper
"Roasted Pork Chops with Balsamic-Fig Sauce, Greens, and Rosemary-Roasted Potatoes",Milk,Calories 648kcal,Fat 29g,,Carbohydrate 53g,,Dietary Fiber 7g,Protein 43g,,Sodium 282mg,12 ouncePork Chops; 1 unitShallot; 4 tablespoonBalsamic Vinegar; 1 unitVeggie Stock Concentrate; 4 ounceFresh Figs; 12 ounceYukon Gold Potatoes; 1/4 ounceRosemary; 2 ounceArugula; 1 tablespoonButter; 5 teaspoonOlive Oil
Roasted Pork Tenderloin,,Calories 434kcal,Fat 13g,Saturated Fat 3g,Carbohydrate 41g,Sugar 6g,Dietary Fiber 8g,Protein 41g,,Sodium 114mg,1/4 ounceCilantro; 2 cloveGarlic; 1 unitLemon; 12 ouncePork Tenderloin; 12 ounceYukon Gold Potatoes; 2 unitScallions; 1 unitZucchini; unitSalt; unitPepper; 1 tablespoonOlive Oil
Roasted Pork Tenderloin,Milk,Calories 580kcal,Fat 21g,Saturated Fat 8g,Carbohydrate 50g,Sugar 12g,Dietary Fiber 9g,Protein 38g,Cholesterol 140mg,Sodium 450mg,12 ounceYukon Gold Potatoes; 1 unitYellow Onion; 2 cloveGarlic; 1 unitLemon; 1 unitZucchini; 1/4 ounceCilantro; 12 ouncePork Tenderloin; 1 unitChicken Demi-Glace; 1 tablespoonOlive Oil; 1 tablespoonButter; Salt; Pepper
Roasted Pork Tenderloin,Milk,Calories 540kcal,Fat 22g,Saturated Fat 8g,Carbohydrate 47g,Sugar 11g,Dietary Fiber 8g,Protein 41g,Cholesterol 130mg,Sodium 450mg,24 ounceYukon Gold Potatoes; 2 unitRed Onion; 2 cloveGarlic; 1 unitLemon; 2 unitZucchini; 1/4 ounceCilantro; 24 ouncePork Tenderloin; 2 unitChicken Demi-Glace; 2 tablespoonButter; 2 tablespoonOlive Oil; Salt; Pepper
Roasted Red Peppers,Milk,Calories 558kcal,Fat 21g,Saturated Fat4.5 g,Carbohydrate 61g,Sugar 17g,Dietary Fiber 8g,Protein 35g,Cholesterol 71mg,Sodium 463mg,2 unitRed Bell Pepper; 1/4 ounceParsley; 2 cloveGarlic; 1 unitYogurt; 1 unitVeggie Stock Concentrate; 8 ounceGround Pork; 1/2 cupQuinoa; 1 unitRed Onion; 2 teaspoonRas el Hanout; 1 boxCrushed Tomatoes; unitSalt; unitPepper; 4 teaspoonOlive Oil
Roasted Salmon,Fish; Milk,Calories 633kcal,Fat 34g,,Carbohydrate 41g,,Dietary Fiber 7g,Protein 41g,,,2 filletSkin-on Salmon; 12 ounceYukon Gold Potatoes; 4 ounceGreen Beans; 2 cloveGarlic; 1 bunchGrape Tomatoes; 1 bunchParsley; 1 tablespoonButter; 1.5 tablespoonOlive Oil; unitSalt; unitPepper
Roasted Sweet Potatoes,Sesame,Calories 668kcal,Fat 14g,,Carbohydrate 124g,,Dietary Fiber 26g,Protein 20g,,,2 unitSweet Potatoes; 1/4 cupHummus; 1 canChickpeas; 1 bunchParsley; 1 unitLemon; 1 teaspoonCumin; 1 teaspoonCoriander; 1 teaspoonSmoked Paprika; 1 bunchGrape Tomatoes; 2 ounceArugula; 2 tablespoonOlive Oil; unitSalt; unitPepper
Roasted Vegetable Paella,Eggs,Calories 570kcal,Fat 20g,Saturated Fat3.5 g,Carbohydrate 93g,Sugar 13g,Dietary Fiber 10g,Protein 13g,Cholesterol 10mg,Sodium 540mg,1 unitBell Pepper; 1 unitShallot; 2 cloveGarlic; 1 unitRoma Tomato; 1 teaspoonSmoked Paprika; 3/4 cupArborio Rice; 1 teaspoonTurmeric; 2 unitVeggie Stock Concentrate; 1/4 ounceParsley; 1 unitLemon; 2 tablespoonMayonnaise; 6 ouncePeas; 1 tablespoonOlive Oil; Salt; Pepper
Roasted Vegetable Quesadillas,Milk; Eggs; Wheat,Calories 590kcal,Fat 34g,Saturated Fat 12g,Carbohydrate 50g,Sugar 6g,Dietary Fiber 10g,Protein 23g,,Sodium 699mg,6 ounceAsparagus; 1 unitAvocado; 1 unitRed Bell Pepper; 1 cupMozzarella Cheese; 1 teaspoonChipotle Powder; 1 unitLime; 1 tablespoonMayonnaise; 1 teaspoonDried Oregano; 1 unitRoma Tomato; 4 unitFlour Tortilla; 1/4 ounceCilantro; unitSalt; unitPepper; 1 teaspoonOlive Oil
Roasted Vegetable Tostadas with Tomato-Avocado Salsa,Wheat; Milk,Calories 739kcal,Fat 30g,Saturated Fat 9g,Carbohydrate 79g,Sugar 8g,Dietary Fiber 28g,Protein 32g,,Sodium 654mg,16 ounceZucchini; 26.8 ounceBlack Beans; 2 unitPoblano Pepper; 2 unitAvocado; 2 unitLime; 2 unitRoma Tomato; 2 unitRed Onion; 8 pieceFlour Tortilla; 4 ounceMozzarella Cheese; 2 ounceSour Cream; 4 teaspoonOlive Oil
Roasted Veggie Caprese Bowls,Wheat; Milk; Tree Nuts,Calories 860kcal,Fat 40g,Saturated Fat 13g,Carbohydrate 93g,Sugar 16g,Dietary Fiber 11g,Protein 28g,Cholesterol 55mg,Sodium 640mg,1 cupFarro; 2 unitVeggie Stock Concentrate; 1 unitZucchini; 1 unitRoma Tomato; 1 unitRed Onion; 4 ounceFresh Mozzarella; 1/2 ounceBasil; 5 teaspoonBalsamic Vinegar; 1 teaspoonItalian Seasoning; 1 ounceAlmonds; 4 teaspoonOlive Oil; 1 teaspoonVegetable Oil; 1 tablespoonButter; Salt; Pepper
Roasted Veggie Farro Bowls,Wheat; Milk,Calories 840kcal,Fat 36g,Saturated Fat 13g,Carbohydrate 120g,Sugar 32g,Dietary Fiber 15g,Protein 20g,Cholesterol 45mg,Sodium 600mg,3/4 cupFarro; 1 unitVeggie Stock Concentrate; 1 unitYellow Onion; 2 unitSweet Potatoes; 1 teaspoonChili Powder; 1 unitLemon; 1.16 ounceOcean Spray® Craisins® Dried Cranberries; 2 ounceArugula; 1/4 cupParmesan Cheese; 1/2 ounceSalsa Verde Sunflower Pepitas; 1 teaspoonSugar; 1 tablespoonVegetable Oil; 1 tablespoonOlive Oil; 2 tablespoonButter; Salt; Pepper
Roasted Veggie Tostadas,Wheat; Milk,Calories 793kcal,Fat 33g,,Carbohydrate 98g,,Dietary Fiber 21g,Protein 32g,,,1 unitZucchini; 1 canBlack Beans; 1 unitPoblano Pepper; 1 unitAvocado; 1 unitTomato; 1 unitRed Onion; 4 unitFlour Tortilla; 1/2 cupMozzarella Cheese; 2 tablespoonSour Cream; 1 unitLime; 2 tablespoonOlive Oil; 1 pinchSalt; 1 pinchPepper
Rock the Zucchini Boat,Milk,Calories 490kcal,Fat 24g,Saturated Fat 9g,Carbohydrate 56g,Sugar 15g,Dietary Fiber 9g,Protein 19g,Cholesterol 30mg,Sodium 390mg,2 unitZucchini; 1 unitVeggie Stock Concentrate; 1/2 cupQuinoa; 4 ounceButton Mushrooms; 1 unitShallot; 2 cloveGarlic; 2 unitRoma Tomato; 1/4 ounceThyme; 1/4 cupParmesan Cheese; 1/4 ounceParsley; 5 teaspoonOlive Oil; 1 tablespoonButter; Salt; Pepper
Rockfish Piccata,Fish; Wheat; Milk,Calories 623kcal,Fat 22g,Saturated Fat 9g,Carbohydrate 68g,Sugar 5g,Dietary Fiber 8g,Protein 43g,Cholesterol 100mg,Sodium 371mg,12 ounceRockfish; 1 unitShallot; 1 ounceCapers; 3/4 cupIsraeli Couscous; 1 unitVeggie Stock Concentrate; 1/4 ounceThyme; 5 ounceSpinach; 1 unitLemon; 2 tablespoonButter; 1 tablespoonOlive Oil; unitSalt; unitPepper
Rockin’ Guac’in Pork Burgers,Milk; Eggs; Soy; Wheat,Calories 970kcal,Fat 54g,Saturated Fat 16g,Carbohydrate 77g,Sugar 13g,Dietary Fiber 11g,Protein 34g,Cholesterol 120mg,Sodium 1160mg,2 unitPotato Buns; 12 ounceYukon Gold Potatoes; 1 unitShallot; 1 unitRoma Tomato; 1 unitLime; 1 tablespoonSouthwest Spice Blend; 4 tablespoonGuacamole; 10 ounceGround Pork; 1 teaspoonCumin; 1 teaspoonHot Sauce; 4 teaspoonVegetable Oil; 1 tablespoonButter; Salt; Pepper
Roman Chicken,Milk,Calories 589kcal,Fat 19g,,Carbohydrate 55g,,Dietary Fiber 9g,Protein 47g,,,2 unitChicken Breasts; 1 unitYellow Bell Peppers; 1 unitRed Bell Pepper; 1 unitYellow Onion; 2 cloveGarlic; 1 canDiced Tomatoes; 1 sprigThyme; 1 bunchParsley; 12 ounceIdaho Potato; 1 unitVeggie Stock Concentrate; 1 tablespoonOlive Oil; 1 tablespoonButter; unitSalt; unitPepper
Rosemary Beef Flatbread,Wheat; Milk,Calories 846kcal,Fat 36g,,Carbohydrate 79g,,Dietary Fiber 6g,Protein 52g,,,8 ounceGround Beef; 1 unitPizza Dough; 1 unitBroccoli Florets; 1 unitRed Onion; 1 cupMozzarella Cheese; 1 sprigRosemary; 2 cloveGarlic; unitOlive Oil; unitSalt; unitPepper
Rosemary Beef Skewers,Soy; Wheat; Milk,Calories 560kcal,Fat 23g,Saturated Fat 9g,Carbohydrate 46g,Sugar 6g,Dietary Fiber 7g,Protein 45g,Cholesterol 129mg,Sodium 379mg,ounceBeef Sirloin Tips; 1 unitCiabatta Bread; 2 cloveGarlic; 1/4 ounceRosemary; 1 unitLemon; 6 ounceGreen Beans; 4 ounceHeirloom Grape Tomatoes; 4 unitWooden Skewers; 1 tablespoonButter; 2 teaspoonOlive Oil; unitSalt; unitPepper
Rosemary Meatloaf,Wheat; Soy; Milk,Calories 660kcal,Fat 35g,Saturated Fat 15g,Carbohydrate 52g,Sugar 12g,Dietary Fiber 8g,Protein 34g,Cholesterol 115mg,Sodium 430mg,1 unitShallot; 2 cloveGarlic; 1/4 ounceRosemary; 1 sliceWhite Bread; 1 unitChicken Stock Concentrate; 6.75 ounceMilk; 10 ounceGround Beef; 12 ounceYukon Gold Potatoes; 6 ounceGreen Beans; 2 teaspoonOlive Oil; 1 tablespoonButter; Salt; Pepper
Rosemary Mustard Sirloin Steaks,Milk,Calories 830kcal,Fat 66g,Saturated Fat 24g,Carbohydrate 55g,Sugar 9g,Dietary Fiber 12g,Protein 48g,Cholesterol 200mg,Sodium 910mg,16 ounceBrussels Sprouts; 24 ounceYukon Gold Potatoes; 4 cloveGarlic; 1 unitLemon; 4 tablespoonSour Cream; 28 ounceSirloin Steak; 1/4 ounceRosemary; 2 unitBeef Demi-Glace; 4 teaspoonDijon Mustard; 1 teaspoonChili Flakes; 2 teaspoonVegetable Oil; 2 teaspoonOlive Oil; 4 tablespoonButter; Salt; Pepper
Rosemary Ricotta Flatbread,Wheat; Milk,Calories 768kcal,Fat 33g,,Carbohydrate 96g,,Dietary Fiber 7g,Protein 28g,,,1 unitPizza Dough; 1 sprigRosemary; 1 unitLeek; 8 ounceRicotta Cheese; 20 unitRed Grapes; 4 ounceArugula; 1 tablespoonOlive Oil; unitSalt; unitPepper
Rosemary Skewers,Soy; Wheat; Milk,Calories 432kcal,Fat 17g,Saturated Fat 7g,Carbohydrate 31g,Sugar 5g,Dietary Fiber 6g,Protein 36g,Cholesterol 81mg,Sodium 246mg,20 ounceSirloin Tips; 2 unitCiabatta Bread; 4 cloveGarlic; 1/4 ounceRosemary; 1 unitLemon; 12 ounceGreen Beans; 8 ounceHeirloom Grape Tomatoes; 8 unitWooden Skewers; 2 tablespoonButter; 4 teaspoonOlive Oil; unitSalt; unitPepper
Rosemary-Crusted Chicken Thighs,Wheat; Milk,Calories 770kcal,Fat 25g,Saturated Fat 14g,Carbohydrate 53g,Sugar 9g,Dietary Fiber 9g,Protein 37g,Cholesterol 170mg,Sodium 370mg,1/4 ounceRosemary; 1 unitLemon; 12 ounceChicken Thighs; 1/2 cupPanko Breadcrumbs; 1/4 cupParmesan Cheese; 4 tablespoonSour Cream; 2 cloveGarlic; 12 ounceYukon Gold Potatoes; 10 ounceGrape Tomatoes; 6 teaspoonOlive Oil; Salt; Pepper
Rosemary-Walnut Crusted Chicken,Tree Nuts; Wheat,Calories 689kcal,Fat 34g,,Carbohydrate 47g,,Dietary Fiber 6g,Protein 46g,,,2Chicken Breasts; 1Idaho Potato; 1Walnuts; 2Mixed Greens; 1Rosemary; 1/4Panko Breadcrumbs; 1/2Balsamic Vinegar; 1Dijon Mustard; 3Olive Oil; Salt; Pepper
Rustic Beef Ragu,Milk; Wheat,Calories 790kcal,Fat 27g,Saturated Fat 11g,Carbohydrate 89g,Sugar 15g,Dietary Fiber 10g,Protein 43g,Cholesterol 90mg,Sodium 700mg,8 ounceGround Beef; 2 cloveGarlic; 1 tablespoonItalian Seasoning; 1 unitBeef Stock Concentrate; 1 unitZucchini; 1/4 cupParmesan Cheese; 1 unitRed Onion; 1 unitRed Bell Pepper; 1 canDiced Tomatoes; 3/4 cupCouscous; 1/4 ounceParsley; 1/4 ounceRosemary; 2 teaspoonOlive Oil; unitSalt; unitPepper
Rustic Farro & Pork Sausage Soup,Wheat; Milk,Calories 740kcal,Fat 36g,Saturated Fat 12g,Carbohydrate 71g,Sugar 12g,Dietary Fiber 8g,Protein 36g,Cholesterol 90mg,Sodium 1550mg,1 unitYellow Onion; 3 ounceCarrot; 9 ounceItalian Pork Sausage; 1 unitRoma Tomato; 1/4 ounceParsley; 3/4 cupFarro; 1 tablespoonTuscan Heat Spice; 2 unitChicken Stock Concentrate; 1/4 cupParmesan Cheese; 2 teaspoonOlive Oil; Salt; Pepper
