Title,Allergens,Calories,Fat,Saturated Fat,Carbohydrate,Sugar,Dietary Fiber,Protein,Cholesterol,Sodium,Ingredients
Caesar Crunch Chicken,Eggs; Milk; Fish; Wheat,Calories 540kcal,Fat 29g,Saturated Fat 10g,Carbohydrate 26g,Sugar 10g,Dietary Fiber 6g,Protein 41g,Cholesterol 140mg,Sodium 720mg,9 ounceCarrots; 1 teaspoonItalian Seasoning; 10 ounceChicken Cutlets; 1.5 ounceCaesar Dressing; 1/4 cupPanko Breadcrumbs; 1/2 cupParmesan Cheese; 6 ounceGreen Beans; 2 teaspoonOlive Oil; 1 teaspoonVegetable Oil; Salt; Pepper
Cajun Blackened Chicken and Rice Bowls,Milk,Calories 640kcal,Fat 24g,Saturated Fat 9g,Carbohydrate 60g,Sugar 10g,Dietary Fiber 4g,Protein 40g,Cholesterol 155mg,Sodium 490mg,2 unitScallions; 1/2 cupJasmine Rice; 1 unitChicken Stock Concentrate; 12 ounceChicken Breasts; 1 tablespoonBlackening Spice; 1 unitLong Green Pepper; 3 unitCelery; 1 unitCarrots; 1 unitRoma Tomato; 4 tablespoonSour Cream; 1 teaspoonHot Sauce; 1 tablespoonOlive Oil; 1 tablespoonButter; Salt; Pepper
Cajun Pork Sausage Stuffed Peppers,Milk,Calories 840kcal,Fat 52g,Saturated Fat 21g,Carbohydrate 62g,Sugar 7g,Dietary Fiber 4g,Protein 32g,Cholesterol 130mg,Sodium 1350mg,1/2 cupJasmine Rice; 2 unitBell Pepper; 2.5 ounceCelery; 2 unitScallions; 9 ounceItalian Pork Sausage; 1 tablespoonCajun Spice Blend; 1 unitChicken Stock Concentrate; 1/2 cupPepper Jack Cheese; 2 tablespoonSour Cream; 1 teaspoonHot Sauce; Salt; Pepper; 4 teaspoonVegetable Oil; 1 teaspoonOlive Oil; 1 tablespoonButter
Cajun-Spiced Pulled Pork,Milk,Calories 880kcal,Fat 58g,Saturated Fat 20g,Carbohydrate 57g,Sugar 14g,Dietary Fiber 4g,Protein 32g,Cholesterol 145mg,Sodium 890mg,1 unitGreen Bell Pepper; 2 unitScallions; 1 unitTomato; 1 ounceHoney; 1 teaspoonHot Sauce; 10 ouncePulled Pork; 1 tablespoonCajun Spice Blend; 1 unitChicken Stock Concentrate; 8.5 ounceMicrowaveable Jasmine Rice; 2 tablespoonButter; 2 tablespoonOlive Oil; Salt; Pepper
California-Style Griddled Cheeseburgers with Secret Sauce and Crispy Baked Onion Rings,Milk; Eggs; Soy; Wheat,Calories 866kcal,Fat 44g,Saturated Fat 12g,Carbohydrate 70g,Sugar 9g,Dietary Fiber 6g,Protein 46g,,Sodium 987mg,10 ounceGround Beef; 2 ounceCheddar Cheese; 2 unitPotato Buns; 1 unitYellow Onion; 1 unitPlum tomatoes; 1 tablespoonDijon Mustard; 2 tablespoonMayonnaise; 3 leavesGreen Leaf Lettuce; 1/5“ cupFlour; 1/4 cupPanko Breadcrumbs; 1 teaspoonSmoked Paprika; 2 teaspoonOlive Oil
Cannellini Bean Panzanella,Soy; Wheat; Milk,Calories 810kcal,Fat 31g,Saturated Fat 11g,Carbohydrate 94g,Sugar 11g,Dietary Fiber 15g,Protein 32g,Cholesterol 40mg,Sodium 910mg,2Demi-Baguette; 4Fresh Mozzarella; 1Cannellini Beans; 2Persian Cucumber; 4Heirloom Grape Tomatoes; 2Garlic; 1Shallot; 2Red Wine Vinegar; 1Italian Seasoning; 1/4Parsley; 2Olive Oil; Salt; Pepper
Cannellini Bean Toasts,Soy; Wheat; Milk,Calories 569kcal,Fat 26g,,Carbohydrate 71g,,Dietary Fiber 24g,Protein 28g,,,1 bunchGrape Tomatoes; 1 unitRed Onion; 1 teaspoonChili Flakes; 1 unitCiabatta Roll; 2 unitGarlic; 1 bunchBaby Broccoli; 1 unitLemon; 1 canCannellini Beans; 2 ounceCrumbled Goat Cheese; 1 sprigOregano; 2 tablespoonOlive Oil; 1 pinchSalt; 1 pinchPepper
Caramelized Apple Cheddar Melts,Soy; Wheat; Milk; Eggs,Calories 860kcal,Fat 48g,Saturated Fat 21g,Carbohydrate 85g,Sugar 27g,Dietary Fiber 5g,Protein 22g,Cholesterol 95mg,Sodium 1130mg,1 unitApple; 1/4 ounceThyme; 4 sliceSourdough Bread; 2 teaspoonDijon Mustard; 1/2 cupWhite Cheddar Cheese; 1/2 cupCheddar Cheese; 2 ounceArugula; 1.16 ounceOcean Spray® Craisins® Dried Cranberries; 1/2 ounceSunflower Seeds; 1.5 ounceHoney Dijon Dressing; 1/2 teaspoonSugar; 2 tablespoonButter; 1 teaspoonOlive Oil; Salt; Pepper
Caramelized Onion Burgers,Wheat; Eggs,Calories 717kcal,Fat 34g,Saturated Fat 9g,Carbohydrate 64g,Sugar 16g,Dietary Fiber 7g,Protein 41g,,Sodium 491mg,10 ounceGround Beef; 1 unitCauliflower; 1 unitRed Onion; 2 cloveGarlic; 1 teaspoonDried Oregano; 1/4 cupPanko Breadcrumbs; 1.8 ounceMayonnaise; 2 tablespoonBalsamic Vinegar; 2 unitBrioche Buns; 4 teaspoonOlive Oil; boxSalt; boxPepper
Caramelized Onion Swissburgs,Milk; Eggs; Soy; Wheat,Calories 1090kcal,Fat 68g,Saturated Fat 22g,Carbohydrate 83g,Sugar 12g,Dietary Fiber 7g,Protein 42g,Cholesterol 145mg,Sodium 1160mg,12 ounceYukon Gold Potatoes; 1 cloveGarlic; 1 unitYellow Onion; 1 tablespoonFry Seasoning; 10 ounceGround Beef; 2 sliceSwiss Cheese; 4 tablespoonMayonnaise; 1 teaspoonWasabi Paste; 2 unitPotato Buns; Salt; Pepper; 5 teaspoonVegetable Oil; 1 teaspoonSugar
Caramelized Pineapple Teriyaki Burger,Eggs; Soy; Milk; Wheat,Calories 930kcal,Fat 42g,Saturated Fat 13g,Carbohydrate 102g,Sugar 35g,Dietary Fiber 8g,Protein 33g,Cholesterol 110mg,Sodium 1890mg,4 unitSweet Potatoes; 2 unitRed Onion; 8 ouncePineapple; 4 tablespoonMayonnaise; 2 teaspoonSriracha; 20 ounceGround Beef; 8 ounceTeriyaki Sauce; 4 unitPotato Buns; 5 teaspoonVegetable Oil; Salt; Pepper
Caramelized Shallot Risotto,Milk,Calories 160kcal,Fat 5g,Saturated Fat2.5 g,Carbohydrate 25g,Sugar 3g,Dietary Fiber 2g,Protein 5g,Cholesterol 10mg,Sodium 180mg,2 unitShallot; 5 teaspoonBalsamic Vinegar; 2 unitVeggie Stock Concentrate; 2 cloveGarlic; 1 unitLemon; 1 unitZucchini; 3/4 cupArborio Rice; 1/4 cupParmesan Cheese; 2 teaspoonOlive Oil; 1 tablespoonButter; Salt; Pepper
Caramelized Shallot Risotto,Milk,Calories 470kcal,Fat 15g,Saturated Fat 7g,Carbohydrate 74g,Sugar 8g,Dietary Fiber 6g,Protein 14g,Cholesterol 30mg,Sodium 470mg,2 unitShallot; 5 teaspoonBalsamic Vinegar; 2 unitVeggie Stock Concentrate; 2 cloveGarlic; 1 unitLemon; 1 unitZucchini; 3/4 cupArborio Rice; 1/4 cupParmesan Cheese; 2 teaspoonOlive Oil; 1 tablespoonButter; Salt; Pepper
Caramelized Shallot Risotto,Milk,Calories 610kcal,Fat 26g,,Carbohydrate 97g,,Dietary Fiber 8g,Protein 20g,,,3/4 cupArborio Rice; 3 unitShallot; 1 unitZucchini; 1 unitLemon; 2 cloveGarlic; 1/4 cupParmesan Cheese; 2 tablespoonBalsamic Vinegar; 1 unitVeggie Stock Concentrate; 1 tablespoonButter; 2 tablespoonOlive Oil; unitSalt; unitPepper
Caramelized Veggie Skewers,Wheat; Milk,Calories 563kcal,Fat 33g,Saturated Fat 12g,Carbohydrate 55g,Sugar 11g,Dietary Fiber 5g,Protein 14g,Cholesterol 41mg,Sodium 316mg,1 unitCorn on the Cob; 1 unitRed Bell Pepper; 1 unitZucchini; 4 ounceButton Mushrooms; 1 unitRoma Tomato; 2 cloveGarlic; 1/4 ounceParsley; 4 unitWooden Skewers; 2 tablespoonWhite Wine Vinegar; 1 jarDijon Mustard; 1/2 cupCouscous; 1/4 cupFeta Cheese; 7 unitOlive Oil; unitSalt; unitPepper; 2 tablespoonButter
Caramelized-Pineapple Burgers,Wheat; Milk; Eggs,Calories 769kcal,Fat 38g,Saturated Fat 12g,Carbohydrate 68g,Sugar 23g,Dietary Fiber 7g,Protein 38g,Cholesterol 115mg,Sodium 650mg,2 unitBrioche Buns; 10 ounceGround Beef; 4 ouncePineapple; 1/4 cupMonterey Jack Cheese; 1 unitCarrots; 1 unitRed Onion; 4 ounceShredded Red Cabbage; 1 jarMayonnaise; 2 tablespoonWhite Wine Vinegar; 1/4 ounceChives; 2 tablespoonOlive Oil; unitSalt; unitPepper; 1 teaspoonSugar
Carbonara-Style Penne,Eggs; Wheat; Milk,Calories 820kcal,Fat 40g,Saturated Fat 19g,Carbohydrate 83g,Sugar 9g,Dietary Fiber 9g,Protein 35g,Cholesterol 275mg,Sodium 1220mg,2 unitScallions; 1 unitLemon; 2 unitEggs; 4 ouncePancetta; 6 ouncePenne Pasta; 4 ouncePeas; 4 tablespoonSour Cream; 1/4 cupParmesan Cheese; 1 tablespoonButter; Salt; Pepper
Caribbean Pork with Pineapple Chutney,Tree Nuts; Milk,Calories 790kcal,Fat 34g,Saturated Fat 17g,Carbohydrate 76g,Sugar 27g,Dietary Fiber 7g,Protein 38g,Cholesterol 145mg,Sodium 150mg,1 unitShallot; 1 thumbGinger; 2 cloveGarlic; 1 unitLime; 1/4 ounceCilantro; 1 unitChili Pepper; 1/4 cupShredded Coconut; 1/2 cupBasmati Rice; 6 ounceMini Bell Peppers; 12 ouncePork Tenderloin; 1 tablespoonCurry Powder; 8 ouncePineapple; 4 teaspoonVegetable Oil; 2 teaspoonSugar; 2 tablespoonButter; Salt; Pepper
Carla Hall's Summery Lemon Chicken,Wheat,Calories 720kcal,Fat 38g,Saturated Fat 5g,Carbohydrate 54g,Sugar 11g,Dietary Fiber 10g,Protein 49g,Cholesterol 100mg,Sodium 450mg,4 ounceTuscan Kale; 2 unitLemon; 1 unitChicken Stock Concentrate; 1/4 ounceTarragon; 1 cloveGarlic; 4 ounceHeirloom Grape Tomatoes; 1/2 cupCouscous; 12 ounceChicken Breasts; 2 teaspoonDijon Mustard; 1 tablespoonBrown Sugar; 1 teaspoonChili Flakes; 5 teaspoonOlive Oil; Salt; Pepper
Carne Asada Steak Bowls,Milk,Calories 780kcal,Fat 34g,Saturated Fat 13g,Carbohydrate 71g,Sugar 7g,Dietary Fiber 5g,Protein 41g,Cholesterol 130mg,Sodium 510mg,2 unitScallions; 3/4 cupJasmine Rice; 1 unitRoma Tomato; 1 unitLime; 1 unitJalapeÃ±o; 4 tablespoonGuacamole; 2 tablespoonSour Cream; 10 ounceDiced Steak; 1 tablespoonSouthwest Spice Blend; 1/4 cupMonterey Jack Cheese; 1 tablespoonButter; 1 teaspoonVegetable Oil; Salt; Pepper; 1/2 teaspoonSugar
Carne Asada Tacos,,,,,,,,,,,More delicious recipes with similar ingredientsChicken with yogurt dressing and wild ricePork Chops with Fennel SaladBeef and noodlesGrilled Vegetable TostadasSalmon Steaks with Hoisin GlazePortobello Mushroom BurgerParmesan Chicken with Roasted Parsnips and CarrotsLean and Green PastaBurger with Caramelized Onions and BaconWonton Shrimp and Noodle SoupWild Rice Stuffed SquashSquash and Chickpea StewPork Kimchee with NoodlesScallop and Bacon FettucineCoconut Chicken SoupFresh Tomato Pasta SaladSeared Steak with Sweet Potato Puree and BroccoliniTofu Potato ScrambleVegetable GumbooLamb Tacos; Chicken with yogurt dressing and wild ricePork Chops with Fennel SaladBeef and noodlesGrilled Vegetable TostadasSalmon Steaks with Hoisin GlazePortobello Mushroom BurgerParmesan Chicken with Roasted Parsnips and CarrotsLean and Green PastaBurger with Caramelized Onions and BaconWonton Shrimp and Noodle SoupWild Rice Stuffed SquashSquash and Chickpea StewPork Kimchee with NoodlesScallop and Bacon FettucineCoconut Chicken SoupFresh Tomato Pasta SaladSeared Steak with Sweet Potato Puree and BroccoliniTofu Potato ScrambleVegetable GumbooLamb Tacos; Chicken with yogurt dressing and wild rice; Pork Chops with Fennel Salad; Beef and noodles; Grilled Vegetable Tostadas; Salmon Steaks with Hoisin Glaze; Portobello Mushroom Burger; Parmesan Chicken with Roasted Parsnips and Carrots; Lean and Green Pasta; Burger with Caramelized Onions and Bacon; Wonton Shrimp and Noodle Soup; Wild Rice Stuffed Squash; Squash and Chickpea Stew; Pork Kimchee with Noodles; Scallop and Bacon Fettucine; Coconut Chicken Soup; Fresh Tomato Pasta Salad; Seared Steak with Sweet Potato Puree and Broccolini; Tofu Potato Scramble; Vegetable Gumboo; Lamb Tacos
Carolina Barbecue Chicken,Wheat; Milk,Calories 690kcal,Fat 27g,Saturated Fat 14g,Carbohydrate 64g,Sugar 17g,Dietary Fiber 5g,Protein 52g,Cholesterol 165mg,Sodium 520mg,12 ounceChicken Breasts; 1/4 ounceChives; 1 unitChili Pepper; 4 ounceGemelli Pasta; 6 ounceGreen Beans; 1/2 cupCheddar Cheese; 1 ounceCream Cheese; 2 ounceBBQ Sauce; 5 teaspoonWhite Wine Vinegar; 1 teaspoonVegetable Oil; 1 tablespoonButter; Salt; Pepper
Cashew Chicken Stir-Fry,Tree Nuts; Soy; Wheat; Milk,Calories 680kcal,Fat 31g,Saturated Fat 8g,Carbohydrate 70g,Sugar 13g,Dietary Fiber 4g,Protein 34g,Cholesterol 130mg,Sodium 910mg,1 thumbGinger; 1 unitBaby Bok Choy; 2 unitCarrots; 10 ounceChicken Breast Strips; 1 tablespoonCornstarch; 1/2 cupJasmine Rice; 1 ounceCashews; 1 tablespoonSesame Seeds; 2 tablespoonSoy Sauce; 1/2 ounceHoney; 1 unitChicken Stock Concentrate; 1 tablespoonVegetable Oil; 1 tablespoonButter; Salt; Pepper
Cashew Chicken Stir-Fry,Soy; Wheat; Tree Nuts; Milk,Calories 640kcal,Fat 21g,Saturated Fat 7g,Carbohydrate 79g,Sugar 29g,Dietary Fiber 3g,Protein 37g,Cholesterol 105mg,Sodium 2030mg,1/2 cupJasmine Rice; 1 tablespoonCornstarch; 4 tablespoonSweet Soy Glaze; 2 tablespoonHoisin Sauce; 5 teaspoonRice Wine Vinegar; 10 ounceChicken Breast Strips; 1 teaspoonGarlic Powder; 8 ounceBroccoli Florets; 1/2 ounceCashews; 1 tablespoonVegetable Oil; 1 tablespoonButter; Salt; Pepper
Catch of the Day: Cod Over Couscous,Fish; Wheat; Milk,Calories 597kcal,Fat 17g,Saturated Fat 5g,Carbohydrate 73g,Sugar 11g,Dietary Fiber 11g,Protein 42g,Cholesterol 90mg,Sodium 295mg,12 ounceCod Fillets; 3/4 cupCouscous; 1 unitOrange; 1/4 ounceDill; 1 ounceCapers; 4 ounceShredded Red Cabbage; 1 unitLemon; 2 unitScallions; 1 unitVeggie Stock Concentrate; 2 tablespoonSherry Vinegar; unitSalt; unitPepper; 4 teaspoonOlive Oil; 1 tablespoonButter
Cauliflower & Cinnamon Chickpeas,Milk,Calories 740kcal,Fat 24g,Saturated Fat 8g,Carbohydrate 107g,Sugar 23g,Dietary Fiber 15g,Protein 20g,Cholesterol 35mg,Sodium 1150mg,13.4 ounceChickpeas; 10 ounceCauliflower Florets; 6 ounceCarrots; 1 unitScallions; 1 unitLemon; 1/2 cupBasmati Rice; 1 tablespoonSmoky Cinnamon Paprika Spice; 4 tablespoonSour Cream; 1 teaspoonHot Sauce; 1 ounceDried Apricots; 1 tablespoonOlive Oil; 1 tablespoonButter; Salt; Pepper
Cauliflower Bacon Mac 'N' Cheese,Wheat; Milk,Calories 700kcal,Fat 30g,Saturated Fat 13g,Carbohydrate 80g,Sugar 11g,Dietary Fiber 6g,Protein 29g,Cholesterol 80mg,Sodium 1230mg,2 unitScallions; 10 ounceCauliflower Florets; 6 ounceCavatappi Pasta; 4 ounceBacon; 1 tablespoonFlour; 6.75 ounceMilk; 1 unitChicken Stock Concentrate; 1/2 cupItalian Cheese Blend; 2 teaspoonOlive Oil; 1 tablespoonButter; Salt; Pepper
Cauliflower Bacon Mac 'N' Cheese,Wheat; Milk,Calories 740kcal,Fat 27g,Saturated Fat 12g,Carbohydrate 89g,Sugar 15g,Dietary Fiber 6g,Protein 41g,Cholesterol 85mg,Sodium 570mg,2 unitScallions; 10 ounceCauliflower Florets; 6 ounceCavatappi Pasta; 4 ounceBacon; 1 tablespoonFlour; 13.5 ounceMilk; 1 unitChicken Stock Concentrate; 1/2 cupItalian Cheese Blend; 2 teaspoonOlive Oil; 1 tablespoonButter; Salt; Pepper
Cauliflower Mac 'n' Cheese,Wheat; Milk,Calories 630kcal,Fat 21g,Saturated Fat 11g,Carbohydrate 86g,Sugar 11g,Dietary Fiber 6g,Protein 26g,Cholesterol 50mg,Sodium 610mg,2 unitScallions; 10 ounceCauliflower Florets; 6 ounceCavatappi Pasta; 2 ouncePancetta; 1 tablespoonFlour; 1 cupMilk; 1 unitChicken Stock Concentrate; 1/2 cupItalian Cheese Blend; 1 teaspoonOlive Oil; 1 tablespoonButter; Salt; Pepper
Cauliflower Pancetta Mac and Cheese,Wheat; Milk,Calories 736kcal,Fat 31g,Saturated Fat 14g,Carbohydrate 87g,Sugar 13g,Dietary Fiber 6g,Protein 30g,,Sodium 898mg,4 ouncePancetta; 20 ounceCauliflower Florets; 4 unitScallions; 2 tablespoonFlour; 12 ounceCavatappi Pasta; 2 unitChicken Stock Concentrate; 1 cupItalian Cheese Blend; 2 boxMilk; 2 tablespoonButter; 4 teaspoonOlive Oil; unitSalt; unitPepper
Cauliflower Pancetta Mac 'n' Cheese,Wheat; Milk,Calories 690kcal,Fat 27g,Saturated Fat 14g,Carbohydrate 85g,Sugar 11g,Dietary Fiber 6g,Protein 29g,Cholesterol 65mg,Sodium 920mg,2 unitScallions; 10 ounceCauliflower Florets; 6 ounceCavatappi Pasta; 2 ouncePancetta; 1 tablespoonFlour; 1 cupMilk; 1 unitChicken Stock Concentrate; 1/2 cupItalian Cheese Blend; 1 teaspoonOlive Oil; 1 tablespoonButter; Salt; Pepper
Cavatappi Beef RagÃ¹,Wheat; Milk,Calories 890kcal,Fat 45g,Saturated Fat 19g,Carbohydrate 81g,Sugar 11g,Dietary Fiber 6g,Protein 44g,Cholesterol 135mg,Sodium 1100mg,3 ounceCarrot; 1/4 ounceParsley; 6 ounceCavatappi Pasta; 10 ounceGround Beef; 1 tablespoonItalian Seasoning; 14 ounceMarinara Cup; 2 tablespoonCream Cheese; 1/4 cupParmesan Cheese; 2 teaspoonOlive Oil; 1 tablespoonButter; Salt; Pepper
Cavatappi in a Tomato Cream Sauce,Wheat; Milk,Calories 690kcal,Fat 26g,Saturated Fat 13g,Carbohydrate 91g,Sugar 13g,Dietary Fiber 5g,Protein 28g,Cholesterol 60mg,Sodium 930mg,6Cavatappi Pasta; 1/4Parmesan Cheese; 2Pancetta; 1Milk; 1Flour; 2Garlic; 1/4Parsley; 1/2Crushed Tomatoes; 2.5Spinach; 1/4Panko Breadcrumbs; 1Vegetable Oil; 1Butter; Salt; Pepper
Cavatappi Milano,Milk; Wheat,Calories 720kcal,Fat 31g,Saturated Fat 15g,Carbohydrate 89g,Sugar 14g,Dietary Fiber 6g,Protein 22g,Cholesterol 65mg,Sodium 970mg,1 unitBell Pepper; 4 ounceFresh Mozzarella; 14 ounceMarinara Cup; 1 teaspoonChili Flakes; 1/4 cupPanko Breadcrumbs; 6 ounceCavatappi Pasta; 2 tablespoonCream Cheese; 1/2 ounceBasil; Salt; Pepper; 2 teaspoonOlive Oil; 1 tablespoonButter
Char Siu Pork,Soy; Wheat; Tree Nuts; Milk,Calories 870kcal,Fat 37g,Saturated Fat 10g,Carbohydrate 85g,Sugar 28g,Dietary Fiber 5g,Protein 44g,Cholesterol 130mg,Sodium 1580mg,2 tablespoonHoisin Sauce; 2 tablespoonKetchup; 1 tablespoonBrown Sugar; 5 teaspoonWhite Wine Vinegar; 12 ouncePork Tenderloin; 1 thumbGinger; 1/2 cupJasmine Rice; 1 unitBell Pepper; 6 ounceGreen Beans; 2 cloveGarlic; 2 unitPersian Cucumber; 1 tablespoonSesame Oil; 4 tablespoonSoy Sauce; 1 teaspoonCornstarch; 1 teaspoonKorean Chili Flakes; 1 ounceCashews; 1 tablespoonSesame Seeds; 1 tablespoonVegetable Oil; 1 tablespoonButter; Salt; Pepper
Char-Broiled Barbecue Chicken,Eggs,Calories 496kcal,Fat 21g,Saturated Fat 4g,Carbohydrate 44g,Sugar 14g,Dietary Fiber 6g,Protein 38g,Cholesterol 155mg,Sodium 450mg,24 ounceChicken Thighs; 12 ounceGreen Beans; 4 ounceBBQ Sauce; 4 unitScallions; 2 jarMayonnaise; 24 ounceBaby Red Potatoes; 2 tablespoonWhite Wine Vinegar; 2 teaspoonOlive Oil; unitSalt; unitPepper
Char-Broiled BBQ Chicken,Eggs,Calories 528kcal,Fat 23g,Saturated Fat 4g,Carbohydrate 44g,Sugar 14g,Dietary Fiber 6g,Protein 37g,,Sodium 517mg,12 ounceBaby Red Potatoes; 6 ounceGreen Beans; 1/2 ounceBasil; 2 unitScallions; 12 ounceChicken Thighs; 1 jarBBQ Sauce; 1 jarMayonnaise; 2 tablespoonWhite Wine Vinegar; 1 teaspoonOlive Oil; unitSalt; unitPepper
Charcuterie Board,Milk,Calories 260kcal,Fat 19g,Saturated Fat 8g,Carbohydrate 1g,,,Protein 18g,Cholesterol 60mg,Sodium 1460mg,Ingredients/ serving 2 peopleCharcuterie Board; Charcuterie Board
Char-Grilled Barbecue Chicken,Eggs,Calories 540kcal,Fat 29g,Saturated Fat 6g,Carbohydrate 44g,Sugar 14g,Dietary Fiber 7g,Protein 33g,Cholesterol 140mg,Sodium 480mg,12Chicken Thighs; 6Green Beans; 12Yukon Gold Potatoes; 2Scallions; 2White Wine Vinegar; 2Mayonnaise; 2BBQ Sauce; 1Olive Oil; Salt; Pepper
Charred Barbecue Chicken,Milk,Calories 679kcal,Fat 14g,Saturated Fat 4g,Carbohydrate 80g,Sugar 18g,Dietary Fiber 24g,Protein 53g,Cholesterol 159mg,Sodium 577mg,12 ounceBaby Red Potatoes; 2 unitScallions; 1 unitRed Bell Pepper; 1 boxBlack Beans; 12 ounceChicken Thighs; 2 ounceBBQ Sauce; 1 unitCorn on the Cob; 1 unitLime; 2 tablespoonSour Cream; 1 teaspoonOlive Oil; unitSalt; unitPepper
Charred Corn & Poblano Quesadillas,Soy; Wheat; Milk,Calories 770kcal,Fat 41g,Saturated Fat 19g,Carbohydrate 78g,Sugar 17g,Dietary Fiber 8g,Protein 24g,Cholesterol 75mg,Sodium 1050mg,1 unitPoblano Pepper; 1 unitLime; 13.4 ounceCorn; 2 unitFlour Tortillas; 1/2 cupMexican Cheese Blend; 1 teaspoonHot Sauce; 1 unitShallot; 1/4 ounceCilantro; 1 tablespoonSouthwest Spice Blend; 1/2 cupPepper Jack Cheese; 4 tablespoonSmoky Red Pepper Crema; 3 teaspoonVegetable Oil; Salt; Pepper
Charred Corn Elote Bowls,Wheat; Milk,Calories 580kcal,Fat 32g,Saturated Fat 11g,Carbohydrate 58g,Sugar 14g,Dietary Fiber 7g,Protein 18g,Cholesterol 40mg,Sodium 350mg,1/2 cupFarro; 1 unitVeggie Stock Concentrate; 3 unitRadishes; 1 unitRoma Tomato; 1 unitLime; 1 unitCorn on the Cob; 1 ouncePepitas; 1 teaspoonChipotle Powder; 2 tablespoonSour Cream; 2 ounceArugula; 1/4 cupMonterey Jack Cheese; 4 teaspoonOlive Oil; 1 tablespoonButter; 1.5 teaspoonSugar; Salt; Pepper
Charred Pineapple Chicken Tacos,Soy; Wheat; Milk,Calories 710kcal,Fat 29g,Saturated Fat 11g,Carbohydrate 80g,Sugar 18g,Dietary Fiber 4g,Protein 36g,Cholesterol 90mg,Sodium 1070mg,1 unitLong Green Pepper; 1 unitRed Onion; 1 unitRoma Tomato; 1/4 ounceCilantro; 1 unitLime; 4 ouncePineapple; 10 ounceChicken Breast Strips; 1 tablespoonSouthwest Spice Blend; 6 unitFlour Tortillas; 4 tablespoonSmoky Red Pepper Crema; Salt; Pepper; 1 tablespoonVegetable Oil
Charred Scallion and Corn Flatbread,Wheat; Milk,Calories 640kcal,Fat 23g,Saturated Fat 7g,Carbohydrate 83g,Sugar 8g,Dietary Fiber 7g,Protein 27g,Cholesterol 40mg,Sodium 1058mg,10 ouncePizza Dough; 4 unitScallions; 2 cloveGarlic; 1 unitYellow Squash; 1 unitCorn on the Cob; 4 ounceFresh Mozzarella; 4 ounceGrape Tomatoes; 1 unitLime; 1/4 ounceChives; 1 tablespoonOlive Oil; unitSalt; unitPepper
Charred Shrimp Skewers,Shellfish,Calories 532kcal,Fat 20g,,Carbohydrate 50g,,Dietary Fiber 8g,Protein 34g,,,Ingredientsserving amount2410 ounceShrimp1 unitLime3/4 cupBasmati Rice1 bunchCilantro1 unitRed Onion1 teaspoonMexican Oregano1 unitJalapeÃ±o1 unitAvocado4 unitWooden Skewers4 ouncePineapple; 10 ounceShrimp; 1 unitLime; 3/4 cupBasmati Rice; 1 bunchCilantro; 1 unitRed Onion; 1 teaspoonMexican Oregano; 1 unitJalapeÃ±o; 1 unitAvocado; 4 unitWooden Skewers; 4 ouncePineapple
Che Buono Chicken Spaghetti,Wheat; Milk,Calories 880kcal,Fat 46g,Saturated Fat 23g,Carbohydrate 76g,Sugar 8g,Dietary Fiber 4g,Protein 46g,Cholesterol 200mg,Sodium 620mg,4 ounceGrape Tomatoes; 2 unitScallions; 1 cloveGarlic; 10 ounceChicken Breast Strips; 1 tablespoonItalian Seasoning; 6 ounceSpaghetti; 4 ounceCream Sauce Base; 2 tablespoonCream Cheese; 1/4 cupParmesan Cheese; Salt; Pepper; 2 teaspoonOlive Oil; 2 tablespoonButter
Cheddar Patty Melts,Soy; Wheat; Milk,Calories 1110kcal,Fat 59g,Saturated Fat 26g,Carbohydrate 93g,Sugar 10g,Dietary Fiber 7g,Protein 50g,Cholesterol 175mg,Sodium 2260mg,1 unitYellow Onion; 12 ounceYukon Gold Potatoes; 1 tablespoonFry Seasoning; 4 teaspoonDijon Mustard; 1 unitBeef Stock Concentrate; 10 ounceGround Beef; 1 tablespoonBold & Savory Steak Spice; 4 sliceSourdough Bread; 1 cupCheddar Cheese; 2 tablespoonKetchup; 4 teaspoonVegetable Oil; 1/2 teaspoonSugar; 1 tablespoonButter; Salt; Pepper
Cheddar Smash Burgers,Milk; Eggs; Soy; Wheat,Calories 720kcal,Fat 39g,Saturated Fat 15g,Carbohydrate 56g,Sugar 11g,Dietary Fiber 6g,Protein 39g,Cholesterol 120mg,Sodium 1250mg,2 unitDill Pickle; 2 unitRoma Tomato; 1 unitLemon; 1 unitRed Onion; 20 ounceGround Beef; 1 cupCheddar Cheese; 4 unitPotato Buns; 4 ounceMixed Greens; 4 tablespoonKetchup; 1 teaspoonChipotle Powder; 2 teaspoonVegetable Oil; 4 teaspoonOlive Oil; Salt; Pepper
Cheddar-Crusted Chicken,Wheat; Milk,Calories 730kcal,Fat 35g,Saturated Fat 18g,Carbohydrate 52g,Sugar 12g,Dietary Fiber 9g,Protein 49g,Cholesterol 200mg,Sodium 510mg,2 unitSweet Potatoes; 1/4 cupPanko Breadcrumbs; 1/2 cupCheddar Cheese; 1 tablespoonFry Seasoning; 12 ounceChicken Breasts; 4 tablespoonSour Cream; 8 ounceBroccoli Florets; 2 teaspoonOlive Oil; 2 tablespoonButter; Salt; Pepper
Cheese Tortelloni,Eggs; Milk; Wheat,Calories 360kcal,Fat 11g,Saturated Fat 6g,Carbohydrate 48g,Sugar 8g,Dietary Fiber 4g,Protein 14g,Cholesterol 95mg,Sodium 830mg,Ingredients/ serving 2 people9 ounceCheese Tortelloni; 9 ounceCheese Tortelloni
Cheese Tortelloni,Eggs; Milk; Wheat,Calories 770kcal,Fat 46g,Saturated Fat 26g,Carbohydrate 57g,Sugar 7g,Dietary Fiber 6g,Protein 27g,Cholesterol 145mg,Sodium 1150mg,2 unitScallions; 8 ounceButton Mushrooms; 2 cloveGarlic; 9 ounceCheese Tortelloni; 1 tablespoonItalian Seasoning; 2 tablespoonCream Cheese; 2 tablespoonSour Cream; 1 unitMushroom Stock Concentrate; 1/4 cupParmesan Cheese; 1 teaspoonChili Flakes; 2 teaspoonOlive Oil; 3 tablespoonButter; Salt; Pepper
Cheese Tortelloni,Eggs; Milk; Wheat,Calories 770kcal,Fat 46g,Saturated Fat 26g,Carbohydrate 57g,Sugar 7g,Dietary Fiber 6g,Protein 27g,Cholesterol 145mg,Sodium 1150mg,2 unitScallions; 8 ounceButton Mushrooms; 2 cloveGarlic; 9 ounceCheese Tortelloni; 1 tablespoonItalian Seasoning; 2 tablespoonCream Cheese; 2 tablespoonSour Cream; 1/4 cupParmesan Cheese; 1 teaspoonChili Flakes; 1 unitMushroom Stock Concentrate; 2 teaspoonOlive Oil; 3 tablespoonButter; Salt; Pepper
Cheese-Crusted Quesadillas,Milk; Wheat,Calories 810kcal,Fat 45g,Saturated Fat 20g,Carbohydrate 71g,Sugar 11g,Dietary Fiber 10g,Protein 25g,Cholesterol 70mg,Sodium 930mg,1 unitPoblano Pepper; 2 unitScallions; 13.4 ounceCorn; 1 tablespoonSouthwest Spice Blend; 1 unitLime; 1 unitRoma Tomato; 1 unitChili Pepper; 4 tablespoonSour Cream; 1 cupMexican Cheese Blend; 2 unitFlour Tortilla; 2 tablespoonOlive Oil; Salt; Pepper
Cheese-Filled Mediterranean Tacos,Milk; Wheat,Calories 760kcal,Fat 43g,Saturated Fat 19g,Carbohydrate 68g,Sugar 15g,Dietary Fiber 7g,Protein 28g,Cholesterol 60mg,Sodium 930mg,unitZucchini; tablespoonMediterranean Spice Blend; unitRoma Tomato; unitPersian Cucumber; unitShallot; ounceParsley; unitLemon; teaspoonChili Flakes; ounceHoney; ounceGrilling Cheese; unitFlour Tortilla; tablespoonOlive Oil; Salt; Pepper
Cheesy Baked Gnocchi,Soy; Wheat; Milk,Calories 830kcal,Fat 40g,Saturated Fat 18g,Carbohydrate 93g,Sugar 12g,Dietary Fiber 5g,Protein 27g,Cholesterol 85mg,Sodium 1940mg,1 unitGreen Herb Blend; 2 cloveGarlic; 1 unitZucchini; 1 unitDemi-Baguette; 4 ounceRicotta Cheese; 8.8 ounceGnocchi; 14 ounceMarinara Cup; 1/2 cupMozzarella Cheese; 1 tablespoonOlive Oil; 3 tablespoonButter; Salt; Pepper
Cheesy Beef Quesadillas,Wheat; Milk,Calories 907kcal,Fat 42g,Saturated Fat 15g,Carbohydrate 71g,Sugar 6g,Dietary Fiber 30g,Protein 58g,,Sodium 838mg,20 ounceGround Beef; 4 unitWhole Wheat Tortillas; 2 unitAvocado; 8 ounceGrape Tomatoes; 2 unitLime; 1 unitRed Onion; 1/2 ounceCilantro; 1 cupMozzarella Cheese; 4 tablespoonSour Cream; 2 teaspoonDried Oregano; 1 boxBlack Beans; 1 tablespoonOlive Oil; unitSalt; unitPepper
Cheesy Beef Tostadas,Milk; Soy; Wheat,Calories 950kcal,Fat 54g,Saturated Fat 24g,Carbohydrate 52g,Sugar 11g,Dietary Fiber 4g,Protein 42g,Cholesterol 145mg,Sodium 1920mg,1 unitRoma Tomato; 1/4 ounceCilantro; 1 unitLime; 1 unitLong Green Pepper; 1 unitYellow Onion; 4 tablespoonSour Cream; 1 teaspoonHot Sauce; 10 ounceGround Beef; 1 tablespoonSouthwest Spice Blend; 1 teaspoonChili Powder; 1 unitBeef Stock Concentrate; 6 unitFlour Tortillas; 1/2 cupMexican Cheese Blend; 4 teaspoonOlive Oil; Salt; Pepper
Cheesy Beef Tostadas,Milk; Soy; Wheat,Calories 950kcal,Fat 54g,Saturated Fat 24g,Carbohydrate 76g,Sugar 11g,Dietary Fiber 4g,Protein 42g,Cholesterol 145mg,Sodium 1910mg,1 unitRoma Tomato; 1/4 ounceCilantro; 1 unitLime; 1 unitLong Green Pepper; 1 unitYellow Onion; 4 tablespoonSour Cream; 1 teaspoonHot Sauce; 10 ounceGround Beef; 1 tablespoonSouthwest Spice Blend; 1 teaspoonChili Powder; 1 unitBeef Stock Concentrate; 6 unitFlour Tortillas; 1/2 cupMexican Cheese Blend; 4 teaspoonOlive Oil; Salt; Pepper
Cheesy Black Bean Enchiladas,Milk; Soy; Wheat,Calories 910kcal,Fat 37g,Saturated Fat 18g,Carbohydrate 111g,Sugar 15g,Dietary Fiber 11g,Protein 27g,Cholesterol 60mg,Sodium 2270mg,1 unitRoma Tomato; 1/4 ounceCilantro; 1 unitLong Green Pepper; 4 tablespoonSour Cream; 6 unitFlour Tortillas; 1 unitRed Onion; 1 unitLime; 13.4 ounceBlack Beans; 1 tablespoonSouthwest Spice Blend; 1/2 cupMexican Cheese Blend; 10 ounceMild Red Enchilada Sauce; 2 teaspoonVegetable Oil; 1 tablespoonButter; Salt; Pepper
Cheesy Black Bean Enchiladas,Soy; Wheat; Milk,Calories 820kcal,Fat 37g,Saturated Fat 20g,Carbohydrate 85g,Sugar 12g,Dietary Fiber 22g,Protein 30g,Cholesterol 80mg,Sodium 880mg,1 unitLong Green Pepper; 1 unitYellow Onion; 2 unitScallions; 1 unitLime; 1 unitJalapeÃ±o; 3 tablespoonTomato Paste; 1 tablespoonSouthwest Spice Blend; 13.4 ounceBlack Beans; 1/4 teaspoonChipotle Powder; 1 teaspoonCumin; 2 unitFlour Tortillas; 1/2 cupPepper Jack Cheese; 4 tablespoonSour Cream; 1/2 teaspoonSugar; 2 tablespoonButter; 2 teaspoonVegetable Oil; Salt; Pepper
Cheesy Black Bean Enchiladas,Milk; Soy; Wheat,Calories 890kcal,Fat 37g,Saturated Fat 19g,Carbohydrate 110g,Sugar 16g,Dietary Fiber 12g,Protein 25g,Cholesterol 65mg,Sodium 2490mg,1 unitRoma Tomato; 1/4 ounceCilantro; 1 unitLong Green Pepper; 4 tablespoonSour Cream; 6 unitFlour Tortillas; 1 unitTex-Mex Paste; 1 unitRed Onion; 1 unitLime; 13.4 ounceBlack Beans; 1 tablespoonSouthwest Spice Blend; 1.5 ounceTomato Paste; 1/2 cupMexican Cheese Blend; 2 teaspoonVegetable Oil; 1 tablespoonButter; Salt; Pepper
Cheesy Black Bean Tacos,Milk; Soy; Wheat,Calories 840kcal,Fat 36g,Saturated Fat 18g,Carbohydrate 95g,Sugar 7g,Dietary Fiber 10g,Protein 32g,Cholesterol 65mg,Sodium 2360mg,2 unitScallions; 13.4 ounceBlack Beans; 1 unitTex-Mex Paste; 1/2 cupMexican Cheese Blend; 6 unitFlour Tortillas; 1 unitPoblano Pepper; 1 tablespoonSouthwest Spice Blend; 1/2 cupWhite Cheddar Cheese; 2 tablespoonSmoky Red Pepper Crema; 1 teaspoonVegetable Oil
Cheesy Breakfast Tacos,Eggs; Soy; Wheat; Milk,Calories 810kcal,Fat 48g,Saturated Fat 24g,Carbohydrate 74g,Sugar 11g,Dietary Fiber 4g,Protein 25g,Cholesterol 450mg,Sodium 1290mg,1 unitRed Onion; 1 unitLong Green Pepper; 1 unitRoma Tomato; 1/4 ounceCilantro; 1 unitLime; 1 tablespoonSouthwest Spice Blend; 4 unitEggs; 6 unitFlour Tortillas; 1/2 cupPepper Jack Cheese; 4 tablespoonSmoky Red Pepper Crema; 1 teaspoonOlive Oil; Salt; Pepper; 2 tablespoonButter
Cheesy Buffalo Chicken Tacos,Eggs; Milk; Soy; Wheat,Calories 800kcal,Fat 44g,Saturated Fat 20g,Carbohydrate 62g,Sugar 7g,Dietary Fiber 2g,Protein 39g,Cholesterol 160mg,Sodium 2130mg,2 unitScallions; 9 ounceFully Cooked Chicken Breasts; 4 ounceColeslaw Mix; 1.5 ounceRanch Dressing; 2 tablespoonSour Cream; 7.2 gFrank's RedHot® Original Seasoning Blend; 6 unitFlour Tortillas; 1/2 cupPepper Jack Cheese; 1.5 tablespoonButter; Salt; Pepper
Cheesy Burrito Bake,Wheat; Milk,Calories 746kcal,Fat 30g,Saturated Fat 13g,Carbohydrate 76g,Sugar 12g,Dietary Fiber 17g,Protein 45g,Cholesterol 102mg,Sodium 914mg,2 unitYellow Onion; 1 boxKidney Beans; 2 unitRomaine Lettuce; 2 unitRoma Tomato; 16 ounceGround Beef; 2 tablespoonSouthwest Spice Blend; 1 boxCrushed Tomatoes; 1 teaspoonChipotle Powder; 8 unitWhole Wheat Tortillas; 1/2 cupCheddar Cheese; 1 unitLime; 4 tablespoonSour Cream; 5 teaspoonOlive Oil; unitSalt; unitPepper
Cheesy Chicken & Pepper Fajitas,Milk; Soy; Wheat,Calories 730kcal,Fat 30g,Saturated Fat 12g,Carbohydrate 76g,Sugar 12g,Dietary Fiber 4g,Protein 45g,Cholesterol 135mg,Sodium 1930mg,1 unitLime; 10 ounceChicken Breast Strips; 1 unitTex-Mex Paste; 1 tablespoonSouthwest Spice Blend; 1 unitLong Green Pepper; 1 unitYellow Onion; 1 unitRoma Tomato; 4 tablespoonSour Cream; 6 unitFlour Tortillas; 1/4 cupMonterey Jack Cheese; Salt; Pepper; 2 teaspoonVegetable Oil
Cheesy Chicken & Poblano Tostadas,Soy; Wheat; Milk,Calories 830kcal,Fat 44g,Saturated Fat 17g,Carbohydrate 73g,Sugar 8g,Dietary Fiber 4g,Protein 42g,Cholesterol 135mg,Sodium 1510mg,1 unitRed Onion; 1 unitRoma Tomato; 1/4 ounceCilantro; 1 unitLime; 1 unitPoblano Pepper; 10 ounceChicken Breast Strips; 1 tablespoonSouthwest Spice Blend; 1 teaspoonChili Powder; 1 unitChicken Stock Concentrate; 6 unitFlour Tortillas; 1/2 cupMexican Cheese Blend; 4 tablespoonSmoky Red Pepper Crema; 1 teaspoonHot Sauce; Salt; Pepper; 5 teaspoonVegetable Oil
Cheesy Chicken & Spiced Black Beans,Milk; Soy; Wheat,Calories 840kcal,Fat 36g,Saturated Fat 18g,Carbohydrate 70g,Sugar 7g,Dietary Fiber 10g,Protein 48g,Cholesterol 175mg,Sodium 1100mg,1/4 ounceCilantro; 1 unitLime; 1.5 ounceTomato Paste; 13.4 ounceBlack Beans; 1 tablespoonSouthwest Spice Blend; 1 teaspoonGarlic Powder; 10 ounceChicken Cutlets; 2 unitOven-Ready Aluminum Trays; 1/4 cupMonterey Jack Cheese; 1 unitDemi-Baguette; 2 tablespoonSmoky Red Pepper Crema; 2 teaspoonVegetable Oil; 3 tablespoonButter; Salt; Pepper
Cheesy Chicken Casserole,Milk,Calories 580kcal,Fat 24g,Saturated Fat 11g,Carbohydrate 47g,Sugar 8g,Dietary Fiber 4g,Protein 50g,Cholesterol 150mg,Sodium 580mg,1 unitYellow Onion; 8 ounceBroccoli Florets; 2 unitScallions; 1 unitRoma Tomato; 1 unitLemon; 24 ounceChicken Breasts; 1 tablespoonItalian Seasoning; 1 unitChicken Stock Concentrate; 1 unitChicken Demi-Glace; 6.75 ounceMilk; 3/4 cupBasmati Rice; 1/2 cupItalian Cheese Blend; 1/2 cupCheddar Cheese; 1 tablespoonVegetable Oil; 2 tablespoonButter; Salt; Pepper
Cheesy Chicken Enchilada Bake,Soy; Wheat; Milk,Calories 510kcal,Fat 21g,Saturated Fat 10g,Carbohydrate 33g,Sugar 5g,Dietary Fiber 4g,Protein 45g,Cholesterol 140mg,Sodium 600mg,24 ounceChicken Breasts; 2 tablespoonSouthwest Spice Blend; 2 unitBell Pepper; 2 unitScallions; 7.06 ounceEnchilada sauce; 6 unitFlour Tortillas; 3/4 cupMonterey Jack Cheese; 1 unitLime; 6 tablespoonSour Cream; 2 teaspoonOlive Oil; 1 teaspoonVegetable Oil; Salt; Pepper
Cheesy Chicken Penne Bake,Wheat; Milk,Calories 930kcal,Fat 46g,Saturated Fat 17g,Carbohydrate 87g,Sugar 12g,Dietary Fiber 7g,Protein 48g,Cholesterol 175mg,Sodium 1520mg,10 ounceChicken Breast Strips; 14 ounceMarinara Cup; 6 ouncePenne Pasta; 1 unitChicken Stock Concentrate; 1 tablespoonTuscan Heat Spice; 1/2 cupMozzarella Cheese; 1/4 cupPanko Breadcrumbs; 1 unitZucchini; 3 tablespoonButter; 4 teaspoonOlive Oil; Salt; Pepper
Cheesy Chicken Sausage Burgers,Milk; Eggs; Soy; Wheat,Calories 900kcal,Fat 44g,Saturated Fat 14g,Carbohydrate 74g,Sugar 17g,Dietary Fiber 7g,Protein 38g,Cholesterol 155mg,Sodium 1620mg,12 ounceYukon Gold Potatoes; 1 unitYellow Onion; 1 unitRoma Tomato; 2 unitPotato Buns; 1 teaspoonItalian Seasoning; 9 ounceItalian Chicken Sausage Mix; 1/2 cupMozzarella Cheese; 5 teaspoonBalsamic Vinegar; 1 teaspoonSugar; 2 tablespoonVegetable Oil; 1 tablespoonButter; Salt; Pepper
Cheesy Chipotle BBQ Quesadillas,Milk; Eggs; Soy; Wheat,Calories 840kcal,Fat 60g,Saturated Fat 21g,Carbohydrate 60g,Sugar 13g,Dietary Fiber 4g,Protein 19g,Cholesterol 80mg,Sodium 1170mg,1 unitBell Pepper; 1 unitRed Onion; 1 unitRoma Tomato; 1/4 ounceCilantro; 1 unitLime; 1 tablespoonSweet and Smoky BBQ Seasoning; 1 teaspoonChipotle Powder; 2 tablespoonSour Cream; 3 ounceRanch Dressing; 2 unitFlour Tortillas; 1/2 cupPepper Jack Cheese; 1/2 cupCheddar Cheese; 2 teaspoonVegetable Oil; 2 teaspoonOlive Oil; Salt; Pepper
Cheesy Chorizo Orzotto,Wheat; Milk,Calories 770kcal,Fat 33g,Saturated Fat 13g,Carbohydrate 81g,Sugar 8g,Dietary Fiber 6g,Protein 40g,Cholesterol 85mg,Sodium 950mg,1 unitYellow Onion; 4 cloveGarlic; 8 ounceGrape Tomatoes; 1/4 ounceThyme; 1 unitTomato Paste; 12 ounceFresh Pork Chorizo; 12 ounceOrzo Pasta; 2 unitVeggie Stock Concentrate; 1 cupMozzarella Cheese; 1/2 cupParmesan Cheese; 5 ounceSpinach; 4 teaspoonOlive Oil; 1/2 teaspoonSugar; unitSalt; unitPepper
Cheesy Corn Tostadas,Soy; Wheat; Milk,Calories 750kcal,Fat 28g,Saturated Fat 11g,Carbohydrate 83g,Sugar 17g,Dietary Fiber 23g,Protein 26g,Cholesterol 35mg,Sodium 1190mg,6.7 ounceCorn; 1 unitRoma Tomato; 13.4 ounceBlack Beans; 1 unitShallot; 1 unitLime; 1/4 ounceCilantro; 1 unitJalapeÃ±o; 5 teaspoonWhite Wine Vinegar; 6 unitFlour Tortillas; 1 tablespoonFry Seasoning; 4 tablespoonSour Cream; 1/4 cupMonterey Jack Cheese; 1/2 teaspoonSugar; 2 tablespoonOlive Oil; 2 teaspoonVegetable Oil; Salt; Pepper
Cheesy French Onion Chicken,Milk; Soy; Wheat,Calories 730kcal,Fat 37g,Saturated Fat 18g,Carbohydrate 60g,Sugar 15g,Dietary Fiber 10g,Protein 41g,Cholesterol 170mg,Sodium 950mg,10 ounceChicken Cutlets; 1 unitYellow Onion; 2 sliceSwiss Cheese; 1 unitBeef Stock Concentrate; 1 unitLemon; 1/4 ounceThyme; 1 unitDemi-Baguette; 1 teaspoonGarlic Powder; 12 ounceCarrots; Salt; Pepper; 1 tablespoonOlive Oil; 3 tablespoonButter; 1/2 teaspoonSugar
Cheesy Fried Eggs over Nacho Potato Hash,Milk; Soy; Eggs,Calories 480kcal,Fat 24g,Saturated Fat 10g,Carbohydrate 50g,Sugar 10g,Dietary Fiber 8g,Protein 19g,Cholesterol 220mg,Sodium 380mg,12 ounceYukon Gold Potatoes; 1 unitBell Pepper; 1 unitRed Onion; 1 tablespoonSouthwest Spice Blend; 2 tablespoonSmoky Red Pepper Crema; 2 unitEggs; 1/2 cupMexican Cheese Blend; 1 unitRoma Tomato; 1/4 ounceCilantro; 1 unitJalapeÃ±o; 1 unitLime; 4 teaspoonOlive Oil; 1/4 teaspoonSugar; Salt; Pepper
Cheesy Meatball Subs,Wheat; Soy; Milk,Calories 675kcal,Fat 24g,Saturated Fat 10g,Carbohydrate 74g,Sugar 15g,Dietary Fiber 9g,Protein 49g,,Sodium 1041mg,20 ounceGround Beef; 4 unitPoâ€™boy Rolls; 1 boxCrushed Tomatoes; 2 unitYellow Onion; 4 cloveGarlic; 1 ounceBasil; 1 cupMozzarella Cheese; 2 teaspoonItalian Seasoning; 12 ounceBaby Broccoli; 1 unitLemon; 4 teaspoonOlive Oil; unitSalt; unitPepper
Cheesy Mexican Beef and Rice Skillet,Milk,Calories 770kcal,Fat 39g,Saturated Fat 17g,Carbohydrate 61g,Sugar 9g,Dietary Fiber 4g,Protein 37g,Cholesterol 130mg,Sodium 840mg,1 unitLong Green Pepper; 1 unitYellow Onion; 2 tablespoonSour Cream; 1 teaspoonHot Sauce; 10 ounceGround Beef; 1 tablespoonSouthwest Spice Blend; 3 tablespoonTomato Paste; 1 unitBeef Stock Concentrate; 1/2 cupJasmine Rice; 1/2 cupMexican Cheese Blend; 2 teaspoonVegetable Oil; Salt; Pepper
Cheesy Mushroom Polenta,Soy; Wheat; Milk,Calories 790kcal,Fat 43g,Saturated Fat 21g,Carbohydrate 69g,Sugar 6g,Dietary Fiber 5g,Protein 18g,Cholesterol 85mg,Sodium 1480mg,4 ounceGrape Tomatoes; 2 unitScallions; 8 ounceButton Mushrooms; 2 cloveGarlic; 1 unitCiabatta Bread; 1 tablespoonItalian Seasoning; 2 unitVeggie Stock Concentrate; 1/2 cupItalian Cheese Blend; 1/2 cupCornmeal; 4 teaspoonOlive Oil; 4 tablespoonButter; Salt; Pepper
Cheesy Onion Crunch Chicken,Milk; Wheat; Eggs,Calories 720kcal,Fat 40g,Saturated Fat 18g,Carbohydrate 51g,Sugar 15g,Dietary Fiber 8g,Protein 38g,Cholesterol 165mg,Sodium 500mg,2 unitSweet Potatoes; 1/4 cupMonterey Jack Cheese; 2 tablespoonSour Cream; 1 unitCrispy Fried Onions; 10 ounceChicken Cutlets; 6 ounceGreen Beans; 1.5 ounceHoney Mustard Dressing; 1 teaspoonOlive Oil; 2 tablespoonButter; Salt; Pepper
Cheesy Pesto Orzotto,Wheat; Milk,Calories 780kcal,Fat 37g,Saturated Fat 14g,Carbohydrate 93g,Sugar 10g,Dietary Fiber 8g,Protein 28g,Cholesterol 55mg,Sodium 670mg,1 unitYellow Squash; 1 tablespoonTuscan Heat Spice; 6 ounceOrzo Pasta; 4 ounceHeirloom Grape Tomatoes; 1 unitLemon; 1/2 ounceBasil; 1/2 cupItalian Cheese Blend; 2 ouncePesto; 1/2 cupPanko Breadcrumbs; 1/4 cupParmesan Cheese; 1 teaspoonOlive Oil; Butter; Salt; Pepper
Cheesy Polenta Cakes,Milk; Eggs,Calories 551kcal,Fat 33g,Saturated Fat 10g,Carbohydrate 44g,Sugar 5g,Dietary Fiber 6g,Protein 22g,Cholesterol 210mg,Sodium 931mg,1 unitPolenta; 4 ounceButton Mushrooms; 4 ounceTuscan Kale; 2 cloveGarlic; 2 unitScallions; 1/2 cupGruyÃ¨re Cheese; 1 teaspoonHot Smoked Paprika; 2 unitEggs; 8 teaspoonOlive Oil; unitSalt; unitPepper
Cheesy Pork Sausage Flatbreads,Wheat; Sesame; Milk,Calories 1000kcal,Fat 61g,Saturated Fat 26g,Carbohydrate 72g,Sugar 11g,Dietary Fiber 5g,Protein 37g,Cholesterol 145mg,Sodium 1700mg,1 unitRed Onion; 1 unitLong Green Pepper; 9 ounceItalian Pork Sausage; 1.5 ounceTomato Paste; 2 unitFlatbreads; 1/2 cupMozzarella Cheese; 1/4 cupMonterey Jack Cheese; 2 tablespoonButter; 1 teaspoonVegetable Oil; Salt; Pepper
Cheesy Portobello Mushroom Cups,Wheat; Milk,Calories 720kcal,Fat 33g,Saturated Fat 12g,Carbohydrate 88g,Sugar 14g,Dietary Fiber 7g,Protein 23g,Cholesterol 50mg,Sodium 910mg,2 unitPortobello Mushrooms; 1 teaspoonItalian Seasoning; 1/4 cupPanko Breadcrumbs; 1/2 cupMozzarella Cheese; 1 unitZucchini; 6 ounceSpaghetti; 14 ounceMarinara Cup; 5 teaspoonOlive Oil; 2 tablespoonButter; Salt; Pepper
Cheesy Prosciutto Chicken,Milk; Wheat,Calories 850kcal,Fat 31g,Saturated Fat 13g,Carbohydrate 79g,Sugar 8g,Dietary Fiber 5g,Protein 66g,Cholesterol 195mg,Sodium 1670mg,1/2 ounceBasil; 12 ounceChicken Breasts; 2 ounceProsciutto; 1/2 cupMozzarella Cheese; 6 ounceSpaghetti; 1 tablespoonTuscan Heat Spice; 14 ounceMarinara Cup; 1/4 cupParmesan Cheese; 1 teaspoonOlive Oil; 1 tablespoonButter; Salt; Pepper
Cheesy Pub Burgers,Wheat; Eggs; Milk,Calories 980kcal,Fat 59g,Saturated Fat 20g,Carbohydrate 70g,Sugar 13g,Dietary Fiber 5g,Protein 40g,Cholesterol 175mg,Sodium 1620mg,12 ounceYukon Gold Potatoes; 1 teaspoonGarlic Powder; 1 unitYellow Onion; 2 unitBrioche Buns; 1 unitDill Pickle; 2 tablespoonMayonnaise; 2 tablespoonSour Cream; 1 teaspoonChipotle Powder; 10 ounceGround Beef; 2 sliceGouda Cheese; 4 teaspoonVegetable Oil; Salt; Pepper
Cheesy Quinoa-Stuffed Peppers,Milk; Soy,Calories 560kcal,Fat 30g,Saturated Fat 11g,Carbohydrate 60g,Sugar 13g,Dietary Fiber 8g,Protein 18g,Cholesterol 45mg,Sodium 1440mg,1/2 cupTri-Colored Quinoa; 1 tablespoonSouthwest Spice Blend; 1 unitVeggie Stock Concentrate; 2 unitGreen Bell Pepper; 1 unitRed Onion; 1 unitRoma Tomato; 1 unitLime; 1/4 ounceCilantro; 1 unitTex-Mex Paste; 1/2 cupMexican Cheese Blend; 4 tablespoonSmoky Red Pepper Crema; 1 teaspoonHot Sauce; 1.5 ounceTomato Paste; Salt; Pepper; 3 teaspoonVegetable Oil
Cheesy Southwest Chicken & Rice,Milk,Calories 920kcal,Fat 38g,Saturated Fat 18g,Carbohydrate 80g,Sugar 5g,Dietary Fiber 9g,Protein 56g,Cholesterol 190mg,Sodium 800mg,2 unitScallions; 2 cloveGarlic; 1 unitRoma Tomato; 1 unitLime; 13.4 ounceBlack Beans; 1/2 cupJasmine Rice; 12 ounceChicken Breasts; 1 tablespoonSouthwest Spice Blend; 1/2 cupMexican Cheese Blend; 1 unitChicken Stock Concentrate; 2 tablespoonSour Cream; Salt; Pepper; 1 tablespoonVegetable Oil; 2 tablespoonButter
Cheesy Stuffed BBQ Pork Burgers,Milk; Eggs; Soy; Wheat,Calories 920kcal,Fat 43g,Saturated Fat 14g,Carbohydrate 84g,Sugar 29g,Dietary Fiber 7g,Protein 33g,Cholesterol 120mg,Sodium 860mg,2 unitSweet Potatoes; 4 ouncePineapple; 1 unitJalapeÃ±o; 10 ounceGround Pork; 1/4 cupMonterey Jack Cheese; 2 unitPotato Buns; 2 ounceBBQ Sauce; 5 teaspoonVegetable Oil; Salt; Pepper
Cheesy Stuffed Mexican Meatloaves,Wheat; Milk,Calories 860kcal,Fat 49g,Saturated Fat 21g,Carbohydrate 63g,Sugar 7g,Dietary Fiber 5g,Protein 37g,Cholesterol 155mg,Sodium 430mg,4 unitScallions; 2 unitPoblano Pepper; 1 unitJalapeÃ±o; 2 unitLime; 1 cupJasmine Rice; 20 ounceGround Pork; 1/2 cupPanko Breadcrumbs; 2 tablespoonSouthwest Spice Blend; 1 cupMexican Cheese Blend; 2 unitRoma Tomato; 8 tablespoonSour Cream; 1 teaspoonSugar; 2 teaspoonOlive Oil; 1 tablespoonButter; 1 teaspoonVegetable Oil; Salt; Pepper
Chermoula-Topped Tunisian Salmon,Fish; Milk,Calories 900kcal,Fat 48g,Saturated Fat 11g,Carbohydrate 82g,Sugar 20g,Dietary Fiber 9g,Protein 30g,Cholesterol 90mg,Sodium 510mg,12 ounceCarrots; 1 cloveGarlic; 1/4 ounceCilantro; 1 unitVeggie Stock Concentrate; 10 ounceSkin-On Salmon Fillets; 2 teaspoonHoney; 1 unitShallot; 1 unitLemon; 1/2 cupBasmati Rice; 1 teaspoonPaprika; 1 tablespoonTunisian Spice Blend; 10 teaspoonOlive Oil; 1 tablespoonButter; Salt; Pepper
Cherry Ancho Chicken,Milk,Calories 700kcal,Fat 28g,Saturated Fat 11g,Carbohydrate 81g,Sugar 26g,Dietary Fiber 8g,Protein 34g,Cholesterol 140mg,Sodium 590mg,12 ounceCarrots; 1 unitLemon; 10 ounceChicken Cutlets; 2 tablespoonCherry Jam; 2 unitScallions; 1/2 cupJasmine Rice; 1 teaspoonAncho Chili Powder; 1 unitChicken Demi-Glace; 2 teaspoonVegetable Oil; 2 teaspoonOlive Oil; 2 tablespoonButter; Salt; Pepper
Cherry Balsamic Chicken,Tree Nuts; Wheat; Milk,Calories 760kcal,Fat 38g,Saturated Fat 14g,Carbohydrate 61g,Sugar 23g,Dietary Fiber 5g,Protein 41g,Cholesterol 165mg,Sodium 380mg,9 ounceCarrots; 2 unitScallions; 2 cloveGarlic; 1/2 ounceAlmonds; 1/2 cupIsraeli Couscous; 12 ounceChicken Breasts; 5 teaspoonBalsamic Vinegar; 1 unitChicken Stock Concentrate; 2 tablespoonCherry Jam; 3 tablespoonButter; 5 teaspoonOlive Oil; Salt; Pepper
Cherry Balsamic Pork Chops,Milk,Calories 690kcal,Fat 36g,Saturated Fat 11g,Carbohydrate 56g,Sugar 22g,Dietary Fiber 8g,Protein 40g,Cholesterol 115mg,Sodium 620mg,12 ounceFingerling Potatoes; 1 unitShallot; 1 teaspoonDried Thyme; 12 ouncePork Chops; 8 ounceBroccoli Florets; 5 teaspoonBalsamic Vinegar; 2 tablespoonCherry Jam; 7 teaspoonVegetable Oil; 1/2 teaspoonSugar; 1 tablespoonButter; Salt; Pepper
Cherry Balsamic Pork Chops,Milk; Wheat,Calories 780kcal,Fat 40g,Saturated Fat 17g,Carbohydrate 61g,Sugar 21g,Dietary Fiber 4g,Protein 46g,Cholesterol 145mg,Sodium 440mg,1 unitShallot; 8 ounceBroccoli Florets; 2 tablespoonGarlic Herb Butter; 1 unitChicken Stock Concentrate; 1/2 cupCouscous; 12 ouncePork Chops; 5 teaspoonBalsamic Vinegar; 2 tablespoonCherry Jam; 1/2 teaspoonSugar; 1 tablespoonVegetable Oil; 1 tablespoonButter; Salt; Pepper
Cherry Balsamic Pork Chops,Milk,Calories 620kcal,Fat 32g,Saturated Fat 9g,Carbohydrate 49g,Sugar 18g,Dietary Fiber 7g,Protein 40g,Cholesterol 85mg,Sodium 590mg,12 ounceYukon Gold Potatoes; 1 unitYellow Onion; 1 teaspoonDried Thyme; 12 ouncePork Chops; 6 ounceGreen Beans; 5 teaspoonBalsamic Vinegar; 2 tablespoonCherry Jam; 7 teaspoonVegetable Oil; 1/2 teaspoonSugar; 1 tablespoonButter; Salt; Pepper
Cherry Balsamic Pork Chops,Milk,Calories 600kcal,Fat 25g,Saturated Fat 8g,Carbohydrate 55g,Sugar 22g,Dietary Fiber 8g,Protein 41g,Cholesterol 115mg,Sodium 210mg,24 ounceFingerling Potatoes; 1 unitShallot; 1 teaspoonDried Thyme; 24 ouncePork Chops; 16 ounceBroccoli Florets; 10 teaspoonBalsamic Vinegar; 2 tablespoonCherry Jam; 7 teaspoonVegetable Oil; 1 teaspoonSugar; 2 tablespoonButter; Salt; Pepper
Cherry Balsamic Pork,Milk,Calories 570kcal,Fat 21g,Saturated Fat 7g,Carbohydrate 52g,Sugar 19g,Dietary Fiber 8g,Protein 39g,Cholesterol 125mg,Sodium 160mg,12 ounceFingerling Potatoes; 1 unitShallot; 1 teaspoonDried Thyme; 12 ouncePork Tenderloin; 8 ounceBroccoli Florets; 5 teaspoonBalsamic Vinegar; 1 tablespoonCherry Preserves; 4 teaspoonVegetable Oil; 1/2 teaspoonSugar; 1 tablespoonButter; Salt; Pepper
Cherry-and-Balsamic-Glazed Pork Chops,Milk,Calories 552kcal,Fat 21g,Saturated Fat 7g,Carbohydrate 51g,Sugar 16g,Dietary Fiber 8g,Protein 43g,Cholesterol 69mg,Sodium 249mg,12 ounceBoneless Pork Chops; 2 tablespoonBalsamic Vinegar; 1 ounceCherry Jam; 1 unitShallot; 1 teaspoonDried Thyme; 12 ounceYukon Gold Potatoes; 8 ounceBroccoli Florets; 1 tablespoonButter; 1/2 teaspoonSugar; 4 teaspoonOlive Oil; unitSalt; unitPepper
Cherry-Balsamic Sirloin,Milk,Calories 860kcal,Fat 58g,Saturated Fat 16g,Carbohydrate 78g,Sugar 35g,Dietary Fiber 10g,Protein 47g,Cholesterol 160mg,Sodium 560mg,12 ounceFingerling Potatoes; 1 teaspoonHerbes de Provence; 1 unitShallot; 5 teaspoonBalsamic Vinegar; 8 ounceBrussels Sprouts; 14 ounceSirloin Steak; 1 ounceDried Cherries; 2 tablespoonCherry Preserves; 1 unitBeef Demi-Glace; 5 teaspoonOlive Oil; 2 teaspoonVegetable Oil; 2 tablespoonButter; Salt; Pepper
Cherry-Drizzled Pork Chops,Wheat,Calories 560kcal,Fat 14g,Saturated Fat4.5 g,Carbohydrate 65g,Sugar 22g,Dietary Fiber 5g,Protein 48g,Cholesterol 100mg,Sodium 270mg,4 ounceGrape Tomatoes; 2 unitScallions; 1/4 ounceParsley; 1 ounceDried Cherries; 1/2 cupCouscous; 12 ouncePork Chops; 1 unitChicken Stock Concentrate; 1 ounceCherry Jam; 1 unitLemon; 1 teaspoonVegetable Oil; Salt; Pepper
Cherry-Drizzled Pork Chops,Wheat,Calories 550kcal,Fat 14g,Saturated Fat4.5 g,Carbohydrate 63g,Sugar 25g,Dietary Fiber 7g,Protein 45g,Cholesterol 95mg,Sodium 270mg,1 unitShallot; 1 unitLemon; 4 ounceGrape Tomatoes; 2 unitScallions; 1/4 ounceParsley; 1 ounceDried Cherries; 1/2 cupCouscous; 12 ouncePork Chops; 1 unitChicken Stock Concentrate; 1 ounceCherry Jam; 1 teaspoonVegetable Oil; Salt; Pepper
Cherry-Drizzled Pork Chops,Wheat,Calories 490kcal,Fat 8g,Saturated Fat 2g,Carbohydrate 67g,Sugar 29g,Dietary Fiber 7g,Protein 43g,Cholesterol 90mg,Sodium 330mg,1 unitShallot; 1 unitLemon; 4 ounceGrape Tomatoes; 2 unitScallions; 1/4 ounceParsley; 1 ounceDried Cherries; 1/2 cupCouscous; 12 ouncePork Chops; 1 unitChicken Stock Concentrate; 1 ounceCherry Jam; 1 teaspoonVegetable Oil; Salt; Pepper
Cherry-Lime Rickey Chicken,Wheat,Calories 597kcal,Fat 15g,,Carbohydrate 66g,,Dietary Fiber 15g,Protein 51g,,,2 unitChicken Breasts; 5 ounceCherries; 1 unitLime; 1 teaspoonGround Juniper; 1 bunchMint; 8 ounceBaby Bok Choy; 3/4 cupBarley; 1 unitVeggie Stock Concentrate; 1.5 tablespoonOlive Oil
Chesapeake Steak & Lobster Tail,Shellfish; Eggs; Milk; Fish; Wheat,Calories 1160kcal,Fat 75g,Saturated Fat 27g,Carbohydrate 45g,Sugar 4g,Dietary Fiber 7g,Protein 77g,Cholesterol 265mg,Sodium 1830mg,12 ounceYukon Gold Potatoes; 1 cloveGarlic; 1 unitLemon; 7 ounceLobster Tails; 1 unitOLD BAY® Seasoning; 2 tablespoonMayonnaise; 10 ounceBavette Steak; 2 ounceMixed Greens; 1.5 ounceCaesar Dressing; 1/4 cupParmesan Cheese; 1 unitCroutons; 1 tablespoonOlive Oil; 3 tablespoonButter; Salt; Pepper
Chicken & Artichoke Cassoulet,Milk; Wheat,Calories 734kcal,Fat 33g,,Carbohydrate 61g,,Dietary Fiber 17g,Protein 59g,,,2 unitChicken Breasts; 1 jarArtichoke Hearts; 1 sprigThyme; 1 unitRed Onion; 1 canCannellini Beans; 1 bunchGrape Tomatoes; 2 cloveGarlic; 1/2 cupMozzarella Cheese; 1 cupPanko Breadcrumbs; 1/4 bunchParsley; 1 unitLemon; unitOlive Oil; unitSalt; unitPepper
Chicken & Bacon Filled Ravioli,Milk; Eggs; Wheat,Calories 620kcal,Fat 36g,Saturated Fat 19g,Carbohydrate 52g,Sugar 7g,Dietary Fiber 5g,Protein 23g,Cholesterol 125mg,Sodium 780mg,"4 ounceButton Mushrooms; 1 unitShallot; 1 unitRoma Tomato; 1 tablespoonItalian Seasoning; 4 tablespoonSour Cream; 1/4 cupParmesan Cheese; 9 ounceChicken, Bacon, and Mozzarella Ravioli; 2 teaspoonOlive Oil; 2 tablespoonButter; Salt; Pepper"
Chicken & Butter Bean Cassoulet with Crispy Parmesan Breadcrumbs,Wheat; Milk,Calories 599kcal,Fat 22g,Saturated Fat 9g,Carbohydrate 60g,Sugar 10g,Dietary Fiber 15g,Protein 55g,,Sodium 1400mg,12 ounceChicken Thighs; 1 canButter Beans; 6 ounceCarrots; 1 unitYellow Onion; 1/4 ounceThyme; 1 unitVeggie Stock Concentrate; 1/4 cupPanko Breadcrumbs; 1 ounceParmesan Cheese; 1/4 ounceParsley; 1/2 tablespoonOlive Oil; 1 tablespoonButter
Chicken & Chorizo Paella,Milk,Calories 602kcal,Fat 17g,Saturated Fat 2g,Carbohydrate 68g,Sugar 6g,Dietary Fiber 6g,Protein 48g,,Sodium 743mg,2 unitRed Bell Pepper; 1 unitYellow Bell Peppers; 4 cloveGarlic; 1/2 ounceParsley; 8 ounceGrape Tomatoes; 24 ounceChicken Thighs; 2 unitChicken Stock Concentrate; 1/4 ounceRosemary; 2 ounceDried Chorizo; 1.5 cupBasmati Rice; 1 unitLemon; unitSalt; unitPepper; 2 teaspoonOlive Oil
Chicken & Eat Smart® Sweet Kale Salad,Eggs; Soy; Wheat; Milk,Calories 750kcal,Fat 39g,Saturated Fat 12g,Carbohydrate 61g,Sugar 25g,Dietary Fiber 6g,Protein 40g,Cholesterol 130mg,Sodium 660mg,10 ounceChicken Cutlets; 1 tablespoonSmoky Cinnamon Paprika Spice; 1 cloveGarlic; 12 ounceEat Smart® Sweet Kale Chopped Salad Kit; 1 unitDemi-Baguette; Salt; Pepper; 1 teaspoonOlive Oil; 2 tablespoonButter
Chicken & Guac Burrito Bowls,Milk,Calories 660kcal,Fat 30g,Saturated Fat 11g,Carbohydrate 59g,Sugar 8g,Dietary Fiber 5g,Protein 38g,Cholesterol 145mg,Sodium 530mg,1 unitLong Green Pepper; 1 unitShallot; 1/2 cupJasmine Rice; 1 unitRoma Tomato; 1 unitLime; 2 tablespoonSour Cream; 1 teaspoonHot Sauce; 1 tablespoonSouthwest Spice Blend; 10 ounceChicken Cutlets; 4 tablespoonGuacamole; 1/4 cupMonterey Jack Cheese; 1 tablespoonVegetable Oil; 1 tablespoonButter; Salt; Pepper
Chicken & Penne Pomodoro Skillet,Wheat; Milk,Calories 900kcal,Fat 38g,Saturated Fat 16g,Carbohydrate 82g,Sugar 11g,Dietary Fiber 6g,Protein 60g,Cholesterol 185mg,Sodium 1200mg,1 unitZucchini; 12 ounceChicken Breasts; 1 tablespoonItalian Seasoning; 6 ouncePenne Pasta; 1 teaspoonChili Flakes; 14 ounceMarinara Cup; 1/2 cupMozzarella Cheese; 1/4 cupParmesan Cheese; 1 tablespoonOlive Oil; 2 tablespoonButter; Salt; Pepper
Chicken Ã  l'Orange,Wheat; Milk,Calories 795kcal,Fat 23g,,Carbohydrate 95g,,Dietary Fiber 9g,Protein 54g,,,2 unitChicken Breasts; 2 unitOrange; 1 unitYellow Onion; 1 tablespoonOrange Jam; 2 tablespoonWhite Wine Vinegar; 1 unitVeggie Stock Concentrate; 1 unitFennel; 2 ounceArugula; 1/2 cupCouscous; 1/2 tablespoonButter; 2 tablespoonOlive Oil; unitSalt; unitPepper
Chicken and Cold Soba Noodle Salad,Tree Nuts,Calories 730kcal,Fat 26g,Saturated Fat 26g,Carbohydrate 77g,,Dietary Fiber 7g,Protein 50g,,,2 unitChicken Breasts; 1 unitMango; 4 ounceSnow Peas; 2 cloveGarlic; 1 unitJalapeÃ±o; 4 ounceSoba Noodles; 1/2 tablespoonSherry Vinegar; 2 unitScallions; 1 ounceCashews; 1 bunchCilantro; 2 tablespoonOlive Oil; 1 tablespoonSugar
Chicken and Cranberry Currant Pan Sauce,Wheat; Milk,Calories 650kcal,Fat 27g,Saturated Fat 10g,Carbohydrate 59g,Sugar 26g,Dietary Fiber 3g,Protein 39g,Cholesterol 150mg,Sodium 280mg,2 unitScallions; 1 unitZucchini; 1/2 cupIsraeli Couscous; 12 ounceChicken Breasts; 1 unitChicken Stock Concentrate; 2 tablespoonCurrant Jam; 1 ounceDried Cranberries; 4 teaspoonVegetable Oil; 2 tablespoonButter; Salt; Pepper
Chicken and Guac Burrito Bowls,Milk,Calories 810kcal,Fat 36g,Saturated Fat 12g,Carbohydrate 87g,Sugar 9g,Dietary Fiber 6g,Protein 36g,Cholesterol 145mg,Sodium 550mg,1 unitLong Green Pepper; 1 unitShallot; 3/4 cupJasmine Rice; 1 unitRoma Tomato; 1 unitLime; 2 tablespoonSour Cream; 1 teaspoonHot Sauce; 1 tablespoonSouthwest Spice Blend; 10 ounceChicken Cutlets; 4 tablespoonGuacamole; 1/4 cupMonterey Jack Cheese; 1 tablespoonVegetable Oil; 1 tablespoonButter; Salt; Pepper
Chicken and Pesto Pasta Dinner,Wheat; Milk; Soy,Calories 790kcal,Fat 42g,Saturated Fat 10g,Carbohydrate 76g,Sugar 6g,Dietary Fiber 6g,Protein 34g,Cholesterol 100mg,Sodium 500mg,2 unitRoma Tomato; 1 unitLemon; 24 ounceChicken Thighs; 1 tablespoonTuscan Heat Spice; 6 ounceCavatappi Pasta; 4 ouncePesto; 1/4 cupParmesan Cheese; 2 ounceArugula; 2 tablespoonSour Cream; 2 unitDemi-Baguette; 4 teaspoonOlive Oil; 1 tablespoonButter; Salt; Pepper
Chicken and Pesto Pasta for Dinner,Wheat; Milk; Soy,Calories 970kcal,Fat 50g,Saturated Fat 21g,Carbohydrate 76g,Sugar 7g,Dietary Fiber 5g,Protein 52g,Cholesterol 195mg,Sodium 700mg,24 ounceChicken Breasts; 1 tablespoonTuscan Heat Spice; 6 ounceGemelli Pasta; 1/2 ounceBasil; 4 ounceFresh Mozzarella; 2 unitRoma Tomato; 5 teaspoonRed Wine Vinegar; 2 ouncePesto; 1 unitChicken Stock Concentrate; 1/4 cupParmesan Cheese; 2 unitFlour Tortillas; 2 teaspoonVegetable Oil; 1 teaspoonSugar; 4 tablespoonButter; Salt; Pepper
Chicken and Pineapple Quesadillas,Milk; Wheat,Calories 546kcal,Fat 24g,Saturated Fat 9g,Carbohydrate 55g,Sugar 16g,Dietary Fiber 10g,Protein 35g,Cholesterol 94mg,Sodium 668mg,12 ounceChicken Breasts; 1 unitGreen Bell Pepper; 1 unitRed Onion; 4 ounceGrape Tomatoes; 1 tablespoonSouthwest Spice Blend; 1/2 cupMonterey Jack Cheese; 4 unitWhole Wheat Tortillas; 1/4 ounceCilantro; 1 unitLime; 2 tablespoonSour Cream; 4 ouncePineapple; 1 tablespoonOlive Oil; unitSalt; unitPepper
Chicken and Spaghetti Alfredo With a Twist,Milk; Wheat,Calories 810kcal,Fat 28g,Saturated Fat 15g,Carbohydrate 72g,Sugar 9g,Dietary Fiber 4g,Protein 57g,Cholesterol 180mg,Sodium 580mg,24 ounceChicken Breasts; 1 tablespoonTuscan Heat Spice; 2 tablespoonGarlic Herb Butter; 1 unitShallot; 2 cloveGarlic; 1/4 ounceParsley; 12 ounceSpaghetti; 1 tablespoonFlour; 6.75 ounceMilk; 4 tablespoonCream Cheese; 1 cupParmesan Cheese; 2 teaspoonOlive Oil; Salt; Pepper
Chicken Bibimbap for Dinner,Soy; Wheat; Sesame; Milk,Calories 600kcal,Fat 14g,Saturated Fat 5g,Carbohydrate 84g,Sugar 24g,Dietary Fiber 2g,Protein 36g,Cholesterol 115mg,Sodium 710mg,4 ounceShredded Carrots; 5 teaspoonWhite Wine Vinegar; 1 thumbGinger; 2 unitScallions; 1 unitZucchini; 1 cupJasmine Rice; 4 ounceBulgogi Sauce; 2 tablespoonSoy Sauce; 16 ouncePulled Chicken; 2 tablespoonSour Cream; 2 teaspoonSriracha; 2 unitFlour Tortillas; 2 teaspoonSugar; 1 tablespoonButter; 2 teaspoonVegetable Oil; Salt; Pepper
Chicken Breast Strips,,Calories 180kcal,Fat 8g,Saturated Fat 2g,,,,Protein 29g,Cholesterol 100mg,Sodium 115mg,Ingredients/ serving 2 people10 ounceChicken Breast Strips; 10 ounceChicken Breast Strips
Chicken Breasts in a Shallot Demi-Glace Sauce,Wheat; Milk,Calories 1010kcal,Fat 38g,Saturated Fat 17g,Carbohydrate 96g,Sugar 17g,Dietary Fiber 7g,Protein 72g,Cholesterol 225mg,Sodium 790mg,8 ounceBacon; 2 unitShallot; 12 ounceCavatappi Pasta; 16 ounceBroccoli Florets; 24 ounceChicken Breasts; 2 unitChicken Demi-Glace; 1 tablespoonFlour; 6.75 ounceMilk; 1 cupMonterey Jack Cheese; 2 tablespoonCream Cheese; 2 teaspoonVegetable Oil; 1 teaspoonSugar; 2 tablespoonButter; Salt; Pepper
Chicken Bulgogi Bowls,Soy; Wheat; Sesame; Milk,Calories 800kcal,Fat 28g,Saturated Fat 10g,Carbohydrate 102g,Sugar 38g,Dietary Fiber 2g,Protein 34g,Cholesterol 150mg,Sodium 610mg,3/4 cupJasmine Rice; 5 teaspoonWhite Wine Vinegar; 1 unitCucumber; 4 ounceShredded Carrots; 10 ounceChicken Breast Strips; 4 ounceBulgogi Sauce; 4 tablespoonSour Cream; 1 teaspoonSriracha; 1/2 teaspoonSugar; 4 teaspoonVegetable Oil; 1 tablespoonButter; Salt; Pepper
Chicken Caesar Salad,Milk; Soy; Wheat; Eggs; Fish,Calories 730kcal,Fat 45g,Saturated Fat 16g,Carbohydrate 33g,Sugar 7g,Dietary Fiber 7g,Protein 47g,Cholesterol 175mg,Sodium 970mg,"1/4 cupParmesan Cheese; 1 unitDemi-Baguette; 1 tablespoonItalian ""So Delizioso"" Seasoning; 12 ounceChicken Breasts; 1 unitRomaine Lettuce; 1 unitRoma Tomato; 3 ounceCaesar Dressing; 1 teaspoonVegetable Oil; 1 teaspoonOlive Oil; 2 tablespoonButter; Salt; Pepper"
Chicken Caprese Pasta Salad,Wheat; Milk,Calories 930kcal,Fat 49g,Saturated Fat 19g,Carbohydrate 77g,Sugar 6g,Dietary Fiber 7g,Protein 49g,Cholesterol 170mg,Sodium 970mg,1/2 ounceBasil; 1 unitLemon; 6 ounceOrecchiette Pasta; 10 ounceChicken Breast Strips; 1 teaspoonItalian Seasoning; 2 tablespoonGarlic Herb Butter; 1 teaspoonChili Flakes; 1 unitRoma Tomato; 4 ounceFresh Mozzarella; Salt; Pepper; 2 tablespoonOlive Oil; 1 teaspoonVegetable Oil
Chicken Carnitas Tacos,Milk; Soy; Wheat,Calories 680kcal,Fat 26g,Saturated Fat 9g,Carbohydrate 62g,Sugar 14g,Dietary Fiber 7g,Protein 39g,Cholesterol 110mg,Sodium 1250mg,1 unitRed Onion; 1 unitPoblano Pepper; 1 unitRoma Tomato; 2 unitScallions; 1 unitLime; 5 teaspoonWhite Wine Vinegar; 10 ounceChicken Breast Strips; 1 tablespoonFajita Spice Blend; 1.5 ounceTomato Paste; 1 unitChicken Stock Concentrate; 2 tablespoonSour Cream; 1 teaspoonChipotle Powder; 6 unitFlour Tortillas; 1 teaspoonSugar; 2 teaspoonVegetable Oil; Salt; Pepper
Chicken Cheddar Fajitas,Milk; Soy; Wheat,Calories 770kcal,Fat 33g,Saturated Fat 15g,Carbohydrate 71g,Sugar 9g,Dietary Fiber 3g,Protein 49g,Cholesterol 160mg,Sodium 1150mg,1 unitRed Onion; 1 unitBell Pepper; 1 unitJalapeÃ±o; 1 unitLime; 1 tablespoonSouthwest Spice Blend; 2 tablespoonSour Cream; 12 ounceChicken Breasts; 6 unitFlour Tortillas; 1/2 cupCheddar Cheese; 1 tablespoonVegetable Oil; Salt; Pepper
Chicken Cheddar Fajitas,Milk; Soy; Wheat,Calories 720kcal,Fat 29g,Saturated Fat 11g,Carbohydrate 57g,Sugar 6g,Dietary Fiber 5g,Protein 54g,Cholesterol 135mg,Sodium 790mg,1 unitRed Bell Pepper; 1 unitRed Onion; 1 unitJalapeÃ±o; 1 unitLime; 2 teaspoonSouthwest Spice Blend; 2 tablespoonSour Cream; 12 ounceChicken Breasts; 6 unitFlour Tortillas; 1/2 cupCheddar Cheese; 1 tablespoonVegetable Oil; Salt; Pepper
Chicken Cutlets a lâ€™Orange,Milk,Calories 580kcal,Fat 24g,Saturated Fat 11g,Carbohydrate 58g,Sugar 26g,Dietary Fiber 9g,Protein 37g,Cholesterol 145mg,Sodium 320mg,12 ounceYukon Gold Potatoes; 1/4 ounceThyme; 2 tablespoonSour Cream; 1 unitOrange; 2 tablespoonApricot Jam; 1 unitChicken Stock Concentrate; 5 teaspoonRed Wine Vinegar; 10 ounceChicken Cutlets; 6 ounceGreen Beans; Salt; Pepper; 2 teaspoonVegetable Oil; 2 tablespoonButter
Chicken Cutlets with Scallion Sriracha Pesto,Soy; Wheat; Milk,Calories 670kcal,Fat 34g,Saturated Fat 11g,Carbohydrate 58g,Sugar 7g,Dietary Fiber 4g,Protein 30g,Cholesterol 135mg,Sodium 690mg,2 unitScallions; 1 thumbGinger; 1/4 ounceCilantro; 1 unitLime; 2 unitCarrots; 1/2 cupJasmine Rice; 10 ounceChicken Cutlets; 1 tablespoonSesame Oil; 1 teaspoonSriracha; 2 tablespoonSoy Sauce; 1 teaspoonSugar; 5 teaspoonOlive Oil; 2 tablespoonButter; Salt; Pepper
Chicken Cutlets with Spiced Walnut Crust,Tree Nuts; Milk; Wheat; Eggs,Calories 770kcal,Fat 48g,Saturated Fat 17g,Carbohydrate 47g,Sugar 8g,Dietary Fiber 8g,Protein 40g,Cholesterol 175mg,Sodium 560mg,1 ounceWalnuts; 1 tablespoonSmoky Cinnamon Paprika Spice; 1 ounceWhole Grain Mustard; 2 tablespoonSour Cream; 6 ounceGreen Beans; 12 ounceYukon Gold Potatoes; 1/4 cupPanko Breadcrumbs; 2 tablespoonMayonnaise; 10 ounceChicken Cutlets; 1 teaspoonVegetable Oil; 3 tablespoonButter; Salt; Pepper
Chicken Fusilli Italiano,Wheat; Milk,Calories 770kcal,Fat 31g,Saturated Fat 12g,Carbohydrate 83g,Sugar 12g,Dietary Fiber 7g,Protein 45g,Cholesterol 160mg,Sodium 360mg,2 unitZucchini; 1 unitYellow Onion; 2 unitRoma Tomato; 4 cloveGarlic; 1.5 tablespoonTuscan Heat Spice; 12 ounceFusilli Pasta; 20 ounceChicken Breast Strips; 4 tablespoonTomato Paste; 2 ounceCream Cheese; 2 ounceParmesan Cheese; 6 teaspoonOlive Oil; 2 tablespoonButter; Salt; Pepper
Chicken Gone Nuts,Tree Nuts; Wheat; Milk,Calories 570kcal,Fat 29g,Saturated Fat 8g,Carbohydrate 33g,Sugar 11g,Dietary Fiber 11g,Protein 47g,Cholesterol 125mg,Sodium 440mg,12 ounceChicken Breasts; 2 unitDijon Mustard; 1 ounceWalnuts; 1/4 cupPanko Breadcrumbs; 8 ounceCarrot; 8 ounceBroccoli Florets; 1 tablespoonItalian Seasoning; 1 unitLemon; 3 teaspoonOlive Oil; 1 teaspoonSugar; 2 tablespoonButter; unitSalt; unitPepper
Chicken Gyro Couscous Bowls,Wheat; Sesame; Milk,Calories 630kcal,Fat 28g,Saturated Fat 9g,Carbohydrate 51g,Sugar 8g,Dietary Fiber 7g,Protein 41g,Cholesterol 140mg,Sodium 730mg,1 unitShallot; 4 ounceHeirloom Grape Tomatoes; 1 unitPersian Cucumber; 1 unitLemon; 1/4 ounceDill; 1/2 cupIsraeli Couscous; 1 unitChicken Stock Concentrate; 10 ounceChicken Cutlets; 1 teaspoonZa'atar Spice; 1/2 cupFeta Cheese; 2 tablespoonSour Cream; 4 tablespoonHummus; 4 teaspoonOlive Oil; Salt; Pepper
Chicken Gyro Salad,Milk; Wheat,Calories 520kcal,Fat 15g,Saturated Fat 3g,Carbohydrate 57g,Sugar 13g,Dietary Fiber 15g,Protein 50g,Cholesterol 148mg,Sodium 348mg,12 ounceChicken Thighs; 5.3 ounceYogurt; 4 ounceHeirloom Grape Tomatoes; 1/4 ounceOregano; 1 ounceGreen Olives; 2 unitPersian Cucumber; 1/2 cupBulgur Wheat; 1 unitRomaine Lettuce; 1 unitLemon; 2 cloveGarlic; 1 teaspoonSmoked Paprika; 1 unitShallot; 1 tablespoonOlive Oil; unitSalt; unitPepper
Chicken Katsu,Wheat; Milk; Soy,Calories 730kcal,Fat 33g,Saturated Fat 9g,Carbohydrate 71g,Sugar 12g,Dietary Fiber 3g,Protein 33g,Cholesterol 130mg,Sodium 970mg,1 thumbGinger; 1/2 cupJasmine Rice; 6 ounceGreen Beans; 10 ounceChicken Cutlets; 1 teaspoonGarlic Powder; 1/2 cupPanko Breadcrumbs; 1 tablespoonCornstarch; 2 tablespoonSour Cream; 4 tablespoonKatsu Sauce; 1 tablespoonSesame Seeds; 2 teaspoonVegetable Oil; 1 tablespoonButter; Salt; Pepper
Chicken Legs with Scallion Chimichurri,Milk,Calories 1190kcal,Fat 66g,Saturated Fat 21g,Carbohydrate 78g,Sugar 4g,Dietary Fiber 20g,Protein 60g,Cholesterol 240mg,Sodium 680mg,2 unitScallions; 2 cloveGarlic; 1 unitRoma Tomato; 1 unitLime; 13.4 ounceBlack Beans; 16 ounceChicken Legs; 1 tablespoonSouthwest Spice Blend; 1/2 cupJasmine Rice; 1 unitChicken Stock Concentrate; 4 tablespoonSour Cream; 2 teaspoonVegetable Oil; 2 tablespoonOlive Oil; 2 tablespoonButter; Salt; Pepper
Chicken Lo Mein,Wheat; Soy,Calories 620kcal,Fat 14g,Saturated Fat1.5 g,Carbohydrate 69g,Sugar 15g,Dietary Fiber 6g,Protein 48g,Cholesterol 120mg,Sodium 990mg,24 ounceChicken Tenders; 12 ounceGreen Beans; 16 ounceUdon Noodles; 1 thumbGinger; 2 cloveGarlic; 8 ounceButton Mushrooms; 2 unitVeggie Stock Concentrate; 2 unitScallions; 2 tablespoonHoisin Sauce; 2 tablespoonSoy Sauce; 8 ounceShredded Carrots; 4 teaspoonVegetable Oil; 4 teaspoonSugar; unitSalt; unitPepper
Chicken Luau Bowls,Soy; Wheat; Milk,Calories 740kcal,Fat 22g,Saturated Fat 10g,Carbohydrate 93g,Sugar 21g,Dietary Fiber 5g,Protein 41g,Cholesterol 150mg,Sodium 890mg,1 ounceHoney; 6 unitCarrots; 1 thumbGinger; 4 unitScallions; 1 unitLemon; 1.5 cupJasmine Rice; 8 ouncePineapple; 24 ounceChicken Breasts; 3 teaspoonMoo Shu Spice Blend; 4 tablespoonSoy Sauce; 2 unitChicken Stock Concentrate; 1 teaspoonChili Flakes; 4 tablespoonButter; 5 teaspoonOlive Oil; Salt; Pepper
Chicken Marsala,Wheat; Milk,Calories 705kcal,Fat 22g,Saturated Fat 10g,Carbohydrate 75g,Sugar 7g,Dietary Fiber 5g,Protein 53g,Cholesterol 162mg,Sodium 282mg,24 ounceChicken Breasts; 2 unitChicken Stock Concentrate; 4 cloveGarlic; 2 unitShallot; 1/2 ounceParsley; 1 cupFlour; 4 tablespoonSour Cream; 8 ounceButton Mushrooms; 2 unitZucchini; 1 cupBasmati Rice; 4 tablespoonButter; 4 teaspoonOlive Oil; unitSalt; unitPepper
"Chicken Meatballs & Gnocchi with Sage, Apple, and Parmesan",Wheat; Milk,Calories 636kcal,Fat 31g,Saturated Fat 13g,Carbohydrate 59g,Sugar 12g,Dietary Fiber 8g,Protein 40g,,Sodium 906mg,8 ounceGround Chicken; 9 ounceGnocchi; 1 unitApple; 1 unitYellow Onion; 5 ounceSpinach; 1/4 ounceSage; 1 ounceParmesan Cheese; 2 tablespoonButter; 1 tablespoonOlive Oil
Chicken over Garlic Parmesan Spaghetti,Wheat; Milk,Calories 940kcal,Fat 48g,Saturated Fat 23g,Carbohydrate 76g,Sugar 8g,Dietary Fiber 5g,Protein 55g,Cholesterol 200mg,Sodium 480mg,2 unitRoma Tomato; 1 cloveGarlic; 1 tablespoonTuscan Heat Spice; 6 ounceSpaghetti; 12 ounceChicken Breasts; 1/4 cupParmesan Cheese; 4 tablespoonCream Cheese; 4 teaspoonOlive Oil; 3 tablespoonButter; Salt; Pepper; 1 teaspoonVegetable Oil
Chicken Over Tabbouleh,Wheat; Tree Nuts; Milk,Calories 730kcal,Fat 48g,Saturated Fat 11g,Carbohydrate 48g,Sugar 8g,Dietary Fiber 12g,Protein 40g,Cholesterol 135mg,Sodium 450mg,1/2 cupBulgur Wheat; 2 unitPersian Cucumber; 1 unitRoma Tomato; 2 unitScallions; 1/4 ounceParsley; 1 unitLemon; 1 tablespoonDukkah; 10 ounceChicken Breast Strips; 1/2 cupFeta Cheese; 14 teaspoonOlive Oil; Salt; Pepper
Chicken Paillard,,Calories 633kcal,Fat 32g,,Carbohydrate 45g,,Dietary Fiber 10g,Protein 45g,,,2 unitChicken Breasts; 12 ounceYukon Gold Potatoes; 1 sprigRosemary; 4 ounceArugula; 1 unitShallot; 1 bunchParsley; 2 cloveGarlic; 1 unitLemon; 4 tablespoonOlive Oil; 1 pinchSalt; 1 pinchPepper
Chicken Paprikash,Milk,Calories 772kcal,Fat 41g,Saturated Fat 15g,Carbohydrate 48g,Sugar 9g,Dietary Fiber 6g,Protein 50g,,Sodium 578mg,16 ounceChicken Legs; 1 unitYellow Onion; 2 cloveGarlic; 1 teaspoonHot Smoked Paprika; 1/2 teaspoonCoriander; 6 ounceTomato Paste; 1 unitChicken Stock Concentrate; 4 ounceSour Cream; 5 ounceSpinach; 1/4 ounceDill; 1/2 cupPolenta; boxSalt; boxPepper; boxOlive Oil
Chicken Parm Salad,Wheat; Milk,Calories 540kcal,Fat 21g,Saturated Fat 8g,Carbohydrate 44g,Sugar 5g,Dietary Fiber 9g,Protein 48g,Cholesterol 140mg,Sodium 480mg,12 ounceYukon Gold Potatoes; 1/4 cupPanko Breadcrumbs; 1/4 cupParmesan Cheese; 1 teaspoonGarlic Powder; 12 ounceChicken Breasts; 3 tablespoonSour Cream; 1 unitLemon; 5 ounceSpinach; 4 teaspoonOlive Oil; Salt; Pepper
Chicken Penne alla Rossa,Wheat; Milk,Calories 820kcal,Fat 37g,Saturated Fat 16g,Carbohydrate 81g,Sugar 9g,Dietary Fiber 7g,Protein 47g,Cholesterol 175mg,Sodium 740mg,1 unitBell Pepper; 1/4 ounceOregano; 2 cloveGarlic; 6 ouncePenne Pasta; 10 ounceChicken Breast Strips; 1 teaspoonChili Flakes; 1.5 ounceTomato Paste; 2 tablespoonCream Cheese; 1/4 cupParmesan Cheese; 1 tablespoonOlive Oil; 2 tablespoonButter; Salt; Pepper
Chicken Pineapple Party Tacos,Wheat; Milk,Calories 600kcal,Fat 30g,Saturated Fat 10g,Carbohydrate 49g,Sugar 14g,Dietary Fiber 4g,Protein 35g,Cholesterol 155mg,Sodium 570mg,12 ounceChicken Thighs; 1/4 ounceCilantro; 1 unitRed Onion; 1 unitRed Bell Pepper; 4 unitFlour Tortilla; 4 ouncePineapple; 3 unitRadishes; 1 unitLime; 1 tablespoonMexican Spice Blend; 4 tablespoonSour Cream; 2 teaspoonVegetable Oil; unitSalt; unitPepper
Chicken Pineapple Quesadillas,Soy; Wheat; Milk,Calories 750kcal,Fat 38g,Saturated Fat 16g,Carbohydrate 61g,Sugar 15g,Dietary Fiber 4g,Protein 45g,Cholesterol 140mg,Sodium 920mg,1 unitYellow Onion; 1 unitGreen Bell Pepper; 4 ouncePineapple; 1 unitRoma Tomato; 1/4 ounceCilantro; 1 unitLime; 10 ounceChicken Breast Strips; 1 tablespoonSouthwest Spice Blend; 2 unitFlour Tortillas; 1/4 cupMonterey Jack Cheese; 1/2 cupPepper Jack Cheese; 2 tablespoonSour Cream; Salt; Pepper; 4 teaspoonVegetable Oil
Chicken Pineapple Quesadillas,Soy; Wheat; Milk,Calories 740kcal,Fat 37g,Saturated Fat 14g,Carbohydrate 60g,Sugar 14g,Dietary Fiber 3g,Protein 51g,Cholesterol 135mg,Sodium 1010mg,1 unitYellow Onion; 4 ouncePineapple; 1 unitRoma Tomato; 1/4 ounceCilantro; 1 unitLime; 10 ounceChicken Breast Strips; 1 tablespoonSouthwest Spice Blend; 2 unitFlour Tortillas; 1 cupMozzarella Cheese; 2 tablespoonSour Cream; 4 teaspoonVegetable Oil; Salt; Pepper
Chicken Pineapple Quesadillas,Soy; Wheat; Milk,Calories 670kcal,Fat 32g,Saturated Fat 13g,Carbohydrate 53g,Sugar 13g,Dietary Fiber 4g,Protein 35g,Cholesterol 110mg,Sodium 880mg,1 unitRed Onion; 2 unitGreen Bell Pepper; 8 ouncePineapple; 12 ounceChicken Breasts; 2 unitRoma Tomato; 1/4 ounceCilantro; 1 unitLime; 2 tablespoonSouthwest Spice Blend; 4 unitFlour Tortillas; 2 cupMozzarella Cheese; 4 tablespoonSour Cream; 8 teaspoonVegetable Oil; Salt; Pepper
Chicken Pita Pockets,Milk; Wheat,Calories 590kcal,Fat 25g,Saturated Fat 10g,Carbohydrate 53g,Sugar 9g,Dietary Fiber 7g,Protein 42g,Cholesterol 140mg,Sodium 1190mg,1 unitRoma Tomato; 1 unitPersian Cucumber; 1 unitShallot; 1 unitLemon; 1 cloveGarlic; 4 tablespoonSour Cream; 1/2 cupFeta Cheese; 9 ounceStandard Meatâ„¢ Cast-Iron Seared Chicken Breasts; 2 unitWhole Wheat Pitas; 4 teaspoonOlive Oil; Salt; Pepper
Chicken Quesadillas for Dinner,Milk; Soy; Wheat,Calories 740kcal,Fat 31g,Saturated Fat 13g,Carbohydrate 63g,Sugar 7g,Dietary Fiber 8g,Protein 55g,Cholesterol 155mg,Sodium 910mg,24 ounceChicken Breasts; 1 tablespoonSweet and Smoky BBQ Seasoning; 4 unitScallions; 1 unitPoblano Pepper; 1/2 cupJasmine Rice; 2 unitLime; 3 teaspoonHot Sauce; 8 tablespoonSour Cream; 2 unitRoma Tomato; 13.4 ounceBlack Beans; 4 ounceShredded Red Cabbage; 2 unitFlour Tortillas; 1/2 cupMexican Cheese Blend; 1/4 cupMonterey Jack Cheese; 4 teaspoonVegetable Oil; 1 tablespoonButter; Salt; Pepper
Chicken Ramen in a Shoyu-Style Broth,Soy; Wheat,Calories 910kcal,Fat 37g,Saturated Fat 8g,Carbohydrate 90g,Sugar 9g,Dietary Fiber 9g,Protein 56g,Cholesterol 120mg,Sodium 3110mg,2 cloveGarlic; 1 thumbGinger; 1 tablespoonSesame Seeds; 1 teaspoonChili Flakes; 2 unitPork Ramen Stock Concentrate; 2 tablespoonSoy Sauce; 5 ounceSpinach; 2 unitScallions; 4 ounceButton Mushrooms; 1 tablespoonSesame Oil; 6 ounceRamen Noodles; 2 unitChicken Stock Concentrate; 12 ounceChicken Breasts; 1 unitCrispy Fried Onions; 5 teaspoonVegetable Oil; Salt
Chicken Ramen in a Shoyu-Style Broth,Wheat; Soy,Calories 890kcal,Fat 36g,Saturated Fat 8g,Carbohydrate 95g,Sugar 12g,Dietary Fiber 10g,Protein 46g,Cholesterol 105mg,Sodium 3150mg,2 cloveGarlic; 2 unitScallions; 1 thumbGinger; 6 ounceCarrots; 1 tablespoonSesame Seeds; 1 tablespoonSesame Oil; 1 teaspoonChili Flakes; 6 ounceRamen Noodles; 2 unitPork Ramen Stock Concentrate; 2 unitChicken Stock Concentrate; 2 tablespoonSoy Sauce; 10 ounceChicken Cutlets; 5 ounceSpinach; 1 unitCrispy Fried Onions; 2 tablespoonVegetable Oil; Salt
Chicken Ranchero Tacos,Milk; Soy; Wheat,Calories 700kcal,Fat 31g,Saturated Fat 12g,Carbohydrate 56g,Sugar 11g,Dietary Fiber 4g,Protein 39g,Cholesterol 125mg,Sodium 1010mg,1 unitRoma Tomato; 1 unitShallot; 1 unitLime; 1/4 ounceCilantro; 1 unitCorn on the Cob; 1 teaspoonAncho Chili Powder; 2 tablespoonSour Cream; 10 ounceChicken Breast Strips; 1 tablespoonSouthwest Seasoning; 6 unitFlour Tortillas; 1 tablespoonButter; 2 teaspoonVegetable Oil; Salt; Pepper
Chicken Romesco Filled Ravioli,Eggs; Milk; Tree Nuts; Wheat,Calories 550kcal,Fat 30g,Saturated Fat 16g,Carbohydrate 52g,Sugar 6g,Dietary Fiber 6g,Protein 21g,Cholesterol 105mg,Sodium 770mg,1 unitRed Bell Pepper; 2 unitScallions; 1 cloveGarlic; 1 teaspoonItalian Seasoning; 9 ounceChicken Romseco Ravioli; 2 tablespoonCream Cheese; 2 tablespoonSour Cream; 1/4 cupParmesan Cheese; 1 teaspoonChili Flakes; 2 teaspoonOlive Oil; 1 tablespoonButter; Salt; Pepper
Chicken Romesco Ravioli,Tree Nuts; Milk; Eggs; Wheat,Calories 550kcal,Fat 29g,Saturated Fat 14g,Carbohydrate 54g,Sugar 8g,Dietary Fiber 8g,Protein 23g,Cholesterol 95mg,Sodium 760mg,1 cloveGarlic; 1/2 ounceAlmonds; 1.5 ounceTomato Paste; 2 tablespoonCream Cheese; 8 ounceZucchini; 1 teaspoonPaprika; 1/4 cupParmesan Cheese; 9 ounceChicken Romseco Ravioli; 1 teaspoonOlive Oil; 1 tablespoonButter; Salt; Pepper
Chicken Satay Skewers,Tree Nuts; Peanuts; Soy; Wheat,Calories 632kcal,Fat 16g,Saturated Fat4.5 g,Carbohydrate 74g,Sugar 8g,Dietary Fiber 5g,Protein 50g,Cholesterol 105mg,Sodium 507mg,12 ounceChicken Tenders; 1 canCoconut Milk; 1 unitLime; 1 unitPeanut Butter; 1 tablespoonSesame Oil; 2 cloveGarlic; 8 ounceSnow Peas; 2 unitSoy Sauce; 1 teaspoonSriracha; 4 unitWooden Skewers; 3/4 cupJasmine Rice; unitSalt; unitPepper; 1 unitOlive Oil; 1 unitSugar
Chicken Sausage & Broccoli Flatbreads,Milk; Wheat; Sesame,Calories 770kcal,Fat 33g,Saturated Fat 10g,Carbohydrate 74g,Sugar 15g,Dietary Fiber 5g,Protein 42g,Cholesterol 140mg,Sodium 1650mg,8 ounceBroccoli Florets; 4 ounceRicotta Cheese; 2 teaspoonHoney; 9 ounceItalian Chicken Sausage Mix; 2 unitFlatbreads; 1 teaspoonChili Flakes; 4.5 teaspoonOlive Oil; Salt; Pepper
Chicken Sausage & Garlic Flatbreads,Wheat; Sesame; Milk,Calories 840kcal,Fat 44g,Saturated Fat 18g,Carbohydrate 73g,Sugar 10g,Dietary Fiber 4g,Protein 42g,Cholesterol 170mg,Sodium 1920mg,1 unitYellow Onion; 1 unitRoma Tomato; 1 cloveGarlic; 1 teaspoonItalian Seasoning; 9 ounceItalian Chicken Sausage Mix; 2 unitFlatbreads; 1 tablespoonFlour; 4 tablespoonCream Cheese; 1/2 cupMozzarella Cheese; 1 tablespoonOlive Oil; 1 tablespoonButter; Salt; Pepper
Chicken Sausage & Spinach Ravioli,Milk; Eggs; Wheat,Calories 700kcal,Fat 38g,Saturated Fat 16g,Carbohydrate 52g,Sugar 8g,Dietary Fiber 6g,Protein 39g,Cholesterol 195mg,Sodium 2040mg,2 unitScallions; 1 unitRoma Tomato; 1 unitLemon; 9 ounceItalian Chicken Sausage Mix; 1 tablespoonItalian Seasoning; 9 ounceSpinach and Ricotta Ravioli; 1 unitChicken Stock Concentrate; 4 tablespoonSour Cream; 2 teaspoonVegetable Oil; 1 tablespoonButter; Salt; Pepper
Chicken Sausage & Spinach Ravioli,Milk; Eggs; Wheat,Calories 700kcal,Fat 38g,Saturated Fat 16g,Carbohydrate 52g,Sugar 8g,Dietary Fiber 6g,Protein 39g,Cholesterol 195mg,Sodium 2040mg,2 unitScallions; 1 unitRoma Tomato; 1 unitLemon; 9 ounceItalian Chicken Sausage Mix; 1 tablespoonItalian Seasoning; 9 ounceSpinach and Ricotta Ravioli; 1 unitChicken Stock Concentrate; 4 tablespoonSour Cream; 2 teaspoonVegetable Oil; 1 tablespoonButter; Salt; Pepper
Chicken Sausage & Spinach Ricotta Ravioli,Milk; Eggs; Wheat,Calories 710kcal,Fat 39g,Saturated Fat 17g,Carbohydrate 52g,Sugar 8g,Dietary Fiber 7g,Protein 40g,Cholesterol 195mg,Sodium 2010mg,2 unitScallions; 1 unitRoma Tomato; 1 unitLemon; 9 ounceItalian Chicken Sausage Mix; 1 tablespoonItalian Seasoning; 9 ounceSpinach and Ricotta Ravioli; 1 unitChicken Stock Concentrate; 4 tablespoonSour Cream; 2 teaspoonVegetable Oil; 1 tablespoonButter; Salt; Pepper
Chicken Sausage & Sweet Potato Soup,Soy; Wheat; Milk,Calories 740kcal,Fat 36g,Saturated Fat 15g,Carbohydrate 65g,Sugar 11g,Dietary Fiber 7g,Protein 36g,Cholesterol 160mg,Sodium 2040mg,1 unitSweet Potatoes; 1 unitYellow Onion; 4 ounceKale; 1 teaspoonItalian Seasoning; 9 ounceItalian Chicken Sausage Mix; 2 unitChicken Stock Concentrate; 1 unitDemi-Baguette; 1/4 cupParmesan Cheese; 1 teaspoonChili Flakes; 2 teaspoonOlive Oil; 2 tablespoonButter; Salt; Pepper
Chicken Sausage and Pepper Bowl Dinner,Milk; Wheat,Calories 770kcal,Fat 28g,Saturated Fat 11g,Carbohydrate 81g,Sugar 9g,Dietary Fiber 16g,Protein 45g,Cholesterol 120mg,Sodium 1620mg,1 unitRed Onion; 1 unitGreen Bell Pepper; 1 unitCarrots; 1 unitLime; 1/4 ounceCilantro; 2 unitChicken Stock Concentrate; 3/4 cupJasmine Rice; 4 ouncePeas; 13.4 ounceBlack Beans; 6 tablespoonSour Cream; 18 ounceItalian Chicken Sausage; 2 tablespoonBlackening Spice; 3 teaspoonHot Sauce; 2 unitFlour Tortilla; 1 teaspoonTurmeric; 4 teaspoonVegetable Oil; 2 tablespoonButter; Salt; Pepper
Chicken Sausage and Spinach Ravioli,Milk; Eggs; Wheat,Calories 700kcal,Fat 38g,Saturated Fat 16g,Carbohydrate 48g,Sugar 9g,Dietary Fiber 6g,Protein 39g,Cholesterol 195mg,Sodium 2040mg,2 unitScallions; 1 unitRoma Tomato; 1 unitLemon; 9 ounceItalian Chicken Sausage Mix; 1 tablespoonItalian Seasoning; 9 ounceSpinach and Ricotta Ravioli; 1 unitChicken Stock Concentrate; 4 tablespoonSour Cream; 2 teaspoonVegetable Oil; 1 tablespoonButter; Salt; Pepper
Chicken Sausage and Spinach Ricotta Ravioli,Milk; Eggs; Wheat,Calories 700kcal,Fat 38g,Saturated Fat 16g,Carbohydrate 51g,Sugar 8g,Dietary Fiber 6g,Protein 47g,Cholesterol 175mg,Sodium 2040mg,2 unitScallions; 1 unitRoma Tomato; 1 unitLemon; 9 ounceItalian Chicken Sausage; 1 tablespoonItalian Seasoning; 9 ounceSpinach and Ricotta Ravioli; 1 unitChicken Stock Concentrate; 4 tablespoonSour Cream; 2 teaspoonVegetable Oil; 1 tablespoonButter; Salt; Pepper
Chicken Sausage Fajitas for Dinner,Wheat; Milk; Soy,Calories 820kcal,Fat 45g,Saturated Fat 23g,Carbohydrate 58g,Sugar 7g,Dietary Fiber 4g,Protein 39g,Cholesterol 190mg,Sodium 2670mg,2 unitLong Green Pepper; 1 unitRed Onion; 2 unitScallions; 1 unitRoma Tomato; 1 unitLime; 6 ounceFusilli Pasta; 1 tablespoonSouthwest Spice Blend; 4 tablespoonSour Cream; 18 ounceItalian Chicken Sausage; 1 teaspoonChili Powder; 2 ouncePesto; 1/4 cupParmesan Cheese; 6 unitFlour Tortillas; 1 cupPepper Jack Cheese; 1 teaspoonHot Sauce; 4 teaspoonOlive Oil; Salt; Pepper
Chicken Sausage Flatbreads for Dinner,Wheat; Milk; Sesame,Calories 760kcal,Fat 33g,Saturated Fat 11g,Carbohydrate 70g,Sugar 9g,Dietary Fiber 6g,Protein 41g,Cholesterol 150mg,Sodium 1960mg,2 unitZucchini; 2 unitScallions; 1/4 ounceOregano; 2 tablespoonItalian Seasoning; 18 ounceItalian Chicken Sausage; 6 ounceOrzo Pasta; 1 unitChicken Stock Concentrate; 13.76 ounceCrushed Tomatoes; 1/2 cupParmesan Cheese; 2 unitFlatbreads; 1 cupMozzarella Cheese; 1 teaspoonChili Flakes; 2 tablespoonButter; 2 teaspoonOlive Oil; 2 teaspoonVegetable Oil; Salt; Pepper
Chicken Sausage Flatbreads,Wheat; Sesame; Milk,Calories 710kcal,Fat 29g,Saturated Fat 8g,Carbohydrate 70g,Sugar 11g,Dietary Fiber 6g,Protein 40g,Cholesterol 125mg,Sodium 1940mg,1 unitZucchini; 1/4 ounceOregano; 1 tablespoonItalian Seasoning; 9 ounceItalian Chicken Sausage Mix; 2 unitFlatbreads; 13.76 ounceCrushed Tomatoes; 1/2 cupMozzarella Cheese; 1 teaspoonOlive Oil; 2 teaspoonVegetable Oil; Salt; Pepper
Chicken Sausage Gemelli Bolognese,Wheat; Milk,Calories 810kcal,Fat 32g,Saturated Fat 13g,Carbohydrate 83g,Sugar 14g,Dietary Fiber 7g,Protein 42g,Cholesterol 155mg,Sodium 1540mg,1 unitYellow Onion; 1 unitZucchini; 1 tablespoonTuscan Heat Spice; 6 ounceGemelli Pasta; 9 ounceItalian Chicken Sausage; 1.5 ounceTomato Paste; 1 unitChicken Stock Concentrate; 2 tablespoonSour Cream; 1/4 cupParmesan Cheese; 2 teaspoonVegetable Oil; 1 tablespoonButter; Salt; Pepper
Chicken Sausage Gemelli,Wheat; Milk,Calories 880kcal,Fat 37g,Saturated Fat 17g,Carbohydrate 91g,Sugar 13g,Dietary Fiber 11g,Protein 46g,Cholesterol 175mg,Sodium 1610mg,1 unitLemon; 1 unitChili Pepper; 6 ounceGemelli Pasta; 9 ounceItalian Chicken Sausage Mix; 1 tablespoonTuscan Heat Spice; 2 tablespoonCream Cheese; 1/4 cupParmesan Cheese; 6 ouncePeas; 1 teaspoonOlive Oil; 2 tablespoonButter; Salt; Pepper
Chicken Sausage Meatball Dinner,Milk; Wheat,Calories 680kcal,Fat 43g,Saturated Fat 19g,Carbohydrate 64g,Sugar 21g,Dietary Fiber 10g,Protein 30g,Cholesterol 215mg,Sodium 1590mg,12 ounceYukon Gold Potatoes; 1 unitYellow Onion; 2 unitScallions; 2 unitCarrots; 1 unitApple; 1/4 ounceThyme; 4 tablespoonSour Cream; 18 ounceItalian Chicken Sausage; 4 ounceShredded Red Cabbage; 5 teaspoonRed Wine Vinegar; 1 tablespoonTuscan Heat Spice; 4 unitChicken Stock Concentrate; 13.4 ounceCannellini Beans; 5 ounceSpinach; 1 unitFlour; 3 tablespoonButter; 6 teaspoonVegetable Oil; 1/2 teaspoonSugar; Salt; Pepper
Chicken Sausage Mix,,Calories 270kcal,Fat 14g,Saturated Fat4.5 g,Carbohydrate 5g,Sugar 2g,,Protein 24g,Cholesterol 130mg,Sodium 1210mg,Ingredients/ serving 2 people9 ounceItalian Chicken Sausage Mix; 9 ounceItalian Chicken Sausage Mix
Chicken Sausage Orzotto,Wheat; Milk,Calories 800kcal,Fat 38g,Saturated Fat 15g,Carbohydrate 95g,Sugar 12g,Dietary Fiber 6g,Protein 39g,Cholesterol 150mg,Sodium 1430mg,2 unitZucchini; 4 unitScallions; 18 ounceItalian Chicken Sausage; 2 tablespoonItalian Seasoning; 12 ounceOrzo Pasta; 2 unitChicken Stock Concentrate; 13.76 ounceCrushed Tomatoes; 1 cupMozzarella Cheese; 1 cupPanko Breadcrumbs; 4 teaspoonVegetable Oil; 4 tablespoonButter; Salt; Pepper
Chicken Sausage Pizzas,Wheat; Sesame; Milk,Calories 680kcal,Fat 27g,Saturated Fat 8g,Carbohydrate 70g,Sugar 9g,Dietary Fiber 6g,Protein 36g,Cholesterol 165mg,Sodium 2150mg,1 unitZucchini; 1/4 ounceOregano; 1 teaspoonItalian Seasoning; 9 ounceItalian Chicken Sausage Mix; 2 unitFlatbreads; 6.88 ounceCrushed Tomatoes; 1/2 cupMozzarella Cheese; 3 teaspoonOlive Oil; Salt; Pepper
Chicken Sausage Rigatoni Napoletano,Wheat; Milk,Calories 890kcal,Fat 38g,Saturated Fat 18g,Carbohydrate 92g,Sugar 13g,Dietary Fiber 9g,Protein 44g,Cholesterol 185mg,Sodium 1520mg,1 unitRoma Tomato; 1 cloveGarlic; 1 unitLemon; 6 ounceRigatoni Pasta; 4 ouncePeas; 9 ounceItalian Chicken Sausage Mix; 1 teaspoonChili Flakes; 4 ounceCream Sauce Base; 1/4 cupParmesan Cheese; Salt; Pepper; 1 teaspoonOlive Oil; 1 tablespoonButter
Chicken Sausage Stuffed Peppers,Wheat; Milk,Calories 830kcal,Fat 43g,Saturated Fat 13g,Carbohydrate 67g,Sugar 11g,Dietary Fiber 5g,Protein 40g,Cholesterol 150mg,Sodium 1450mg,2 unitGreen Bell Pepper; 9 ounceItalian Chicken Sausage Mix; 3/4 cupIsraeli Couscous; 1 unitChicken Stock Concentrate; 1 unitRoma Tomato; 1 cloveGarlic; 1 unitGreen Herb Blend; 1/2 cupMozzarella Cheese; 1.5 ounceTomato Paste; Salt; Pepper; 4 teaspoonOlive Oil; 1 tablespoonButter; 4 teaspoonVegetable Oil
"Chicken Sausage, Couscous & Kale Soup",Soy; Wheat; Milk,Calories 760kcal,Fat 39g,Saturated Fat 16g,Carbohydrate 63g,Sugar 9g,Dietary Fiber 5g,Protein 36g,Cholesterol 160mg,Sodium 2080mg,3 ounceCarrot; 4 ounceKale; 9 ounceItalian Chicken Sausage Mix; 2 unitChicken Stock Concentrate; 1 unitCiabatta Bread; 1/4 cupParmesan Cheese; 1 unitYellow Onion; 1 cloveGarlic; 1 tablespoonItalian Seasoning; 1/2 cupIsraeli Couscous; 2 tablespoonGarlic Herb Butter; 1 tablespoonOlive Oil; Salt; Pepper
"Chicken Sausage, Spinach & Chickpea Soup",,Calories 600kcal,Fat 21g,Saturated Fat4.5 g,Carbohydrate 56g,Sugar 12g,Dietary Fiber 10g,Protein 38g,Cholesterol 115mg,Sodium 2160mg,1 unitYellow Onion; 13.4 ounceChickpeas; 9 ounceItalian Chicken Sausage Mix; 2 unitChicken Stock Concentrate; 1.5 ounceTomato Paste; 1 tablespoonItalian Seasoning; 5 ounceBaby Spinach; Salt; Pepper; 1 teaspoonOlive Oil
Chicken Sausage-Stuffed Zucchini Boats,Wheat; Milk,Calories 640kcal,Fat 27g,Saturated Fat 8g,Carbohydrate 58g,Sugar 10g,Dietary Fiber 5g,Protein 35g,Cholesterol 130mg,Sodium 1190mg,1 unitZucchini; 9 ounceItalian Chicken Sausage; 1 tablespoonTuscan Heat Spice; 3/4 cupIsraeli Couscous; 1.5 ounceTomato Paste; 1 unitRoma Tomato; 1/2 ounceThai Basil; 1/4 cupMonterey Jack Cheese; 4 teaspoonOlive Oil; Salt; Pepper
Chicken Schnitzel for Dinner,Milk; Wheat; Eggs,Calories 890kcal,Fat 62g,Saturated Fat 18g,Carbohydrate 55g,Sugar 10g,Dietary Fiber 9g,Protein 32g,Cholesterol 155mg,Sodium 230mg,2 unitScallions; 12 ounceYukon Gold Potatoes; 8 tablespoonSour Cream; 1/2 cupPanko Breadcrumbs; 1 tablespoonFry Seasoning; 20 ounceChicken Cutlets; 1 unitLemon; 4 ounceShredded Red Cabbage; 2 unitBrioche Buns; 2 sliceCheddar Cheese; 2 teaspoonHot Sauce; 2 tablespoonMayonnaise; 1 unitDill Pickle; 1 tablespoonSweet and Smoky BBQ Seasoning; 1 teaspoonVegetable Oil; 2 tablespoonButter; 1 teaspoonSugar; Salt; Pepper
Chicken Shawarma Bowls,Milk; Wheat; Sesame,Calories 690kcal,Fat 33g,Saturated Fat 9g,Carbohydrate 59g,Sugar 10g,Dietary Fiber 9g,Protein 9g,Cholesterol 130mg,Sodium 1120mg,2 cloveGarlic; 4 tablespoonYogurt; 10 ounceChicken Cutlets; 1 unitZucchini; 1 unitRoma Tomato; 2 unitScallions; 1 unitLemon; 4 tablespoonSour Cream; 1 unitChicken Stock Concentrate; 1 teaspoonTurmeric; 1/2 cupCouscous; 4 tablespoonHummus; 1 teaspoonHot Sauce; 1 tablespoonShawarma Spice Blend; Salt; Pepper; 2 tablespoonOlive Oil; 1 tablespoonButter
Chicken Souvlaki Pita Pockets,Milk; Wheat,Calories 650kcal,Fat 20g,Saturated Fat4.5 g,Carbohydrate 82g,Sugar 15g,Dietary Fiber 11g,Protein 41g,Cholesterol 120mg,Sodium 620mg,2 unitSweet Potatoes; 2 cloveGarlic; 1 unitShallot; 1 unitCucumber; 1/4 teaspoonDill; 5 teaspoonWhite Wine Vinegar; 4 tablespoonSour Cream; 10 ounceChicken Breast Strips; 1 tablespoonTurkish Spice Blend; 2 unitWhole Wheat Pitas; 4 teaspoonOlive Oil; 1/2 teaspoonSugar; Salt; Pepper
Chicken Stir-Fry Tacos,Eggs; Soy; Wheat,Calories 830kcal,Fat 37g,Saturated Fat 12g,Carbohydrate 90g,Sugar 30g,Dietary Fiber 3g,Protein 36g,Cholesterol 100mg,Sodium 2510mg,1/4 ounceCilantro; 4 ounceShredded Red Cabbage; 10 ounceChicken Breast Strips; 2 tablespoonMayonnaise; 6 unitFlour Tortillas; 3 ounceCarrot; 5 teaspoonRice Wine Vinegar; 4 tablespoonSweet Soy Glaze; 1 teaspoonSriracha; 1 unitCrispy Fried Onions; 1 teaspoonSugar; 1 teaspoonVegetable Oil; Salt; Pepper
Chicken Tabbouleh Bowls,Wheat; Milk,Calories 710kcal,Fat 38g,Saturated Fat 10g,Carbohydrate 54g,Sugar 7g,Dietary Fiber 11g,Protein 44g,Cholesterol 135mg,Sodium 920mg,1 unitPersian Cucumber; 1 unitRoma Tomato; 2 unitScallions; 1/4 ounceCilantro; 1 unitLemon; 1/2 cupBulgur Wheat; 1 tablespoonHarissa Powder; 2 tablespoonSour Cream; 1/2 cupFeta Cheese; 10 ounceChicken Cutlets; Salt; Pepper; 10 teaspoonOlive Oil
Chicken Teriyaki Bowls,Peanuts; Soy; Milk,Calories 790kcal,Fat 29g,Saturated Fat 8g,Carbohydrate 93g,Sugar 23g,Dietary Fiber 4g,Protein 38g,Cholesterol 130mg,Sodium 1360mg,1 thumbGinger; 1 unitYellow Onion; 1 unitBell Pepper; 2 unitScallions; 10 ounceChicken Breast Strips; 3/4 cupJasmine Rice; 1 ouncePeanuts; 8 tablespoonTeriyaki Sauce; 1 teaspoonSriracha; 1/2 teaspoonSugar; 1 tablespoonVegetable Oil; 1 tablespoonButter; Salt; Pepper
Chicken Thigh and Pesto Pasta Dinner,Wheat; Milk; Soy,Calories 890kcal,Fat 46g,Saturated Fat 11g,Carbohydrate 76g,Sugar 6g,Dietary Fiber 6g,Protein 51g,Cholesterol 170mg,Sodium 570mg,2 unitRoma Tomato; 1 unitLemon; 24 ounceChicken Thighs; 1 tablespoonTuscan Heat Spice; 6 ounceCavatappi Pasta; 4 ouncePesto; 1/4 cupParmesan Cheese; 2 ounceArugula; 2 tablespoonSour Cream; 2 unitDemi-Baguette; 4 teaspoonOlive Oil; 1 tablespoonButter; Salt; Pepper
Chicken Thighs in Kimchi Sauce,,Calories 640kcal,Fat 25g,Saturated Fat4.5 g,Carbohydrate 67g,Sugar 20g,Dietary Fiber 5g,Protein 38g,Cholesterol 145mg,Sodium 680mg,1/2 cupJasmine Rice; 12 ounceChicken Thighs; 1 unitAsian Pear; 1/4 ounceCilantro; 1 unitShallot; 5 teaspoonWhite Wine Vinegar; 4 ounceShredded Red Cabbage; 1 tablespoonSesame Oil; 4 ounceKimchi Hot Sauce; 4 teaspoonVegetable Oil; 2 teaspoonSugar; Salt; Pepper
Chicken Tikka Masala,Milk,Calories 660kcal,Fat 31g,Saturated Fat 14g,Carbohydrate 62g,Sugar 9g,Dietary Fiber 2g,Protein 35g,Cholesterol 160mg,Sodium 550mg,1/2 cupBasmati Rice; 1 unitYellow Onion; 1 thumbGinger; 1/4 ounceCilantro; 1 unitChili Pepper; 10 ounceChicken Breast Strips; 1 teaspoonGarlic Powder; 2 teaspoonGaram Masala; 1.5 ounceTomato Paste; 4 ounceCream Sauce Base; 1 unitChicken Stock Concentrate; Salt; Pepper; 1 teaspoonSugar; 2 teaspoonVegetable Oil; 1 tablespoonButter
Chicken Tortilla Soup,Milk,Calories 600kcal,Fat 29g,Saturated Fat 8g,Carbohydrate 45g,Sugar 13g,Dietary Fiber 3g,Protein 39g,Cholesterol 110mg,Sodium 1470mg,13.4 ounceCorn; 2 unitScallions; 10 ounceChicken Breast Strips; 1 tablespoonSouthwest Spice Blend; 1 unitTex-Mex Paste; 1 unitChicken Stock Concentrate; 1.5 ounceFood Should Taste Goodâ„¢ Blue Corn Tortilla Chips; 1/4 cupMonterey Jack Cheese; 2 tablespoonSour Cream; 2 teaspoonVegetable Oil; Salt; Pepper
Chicken Under a Zucchini Blanket,Milk,Calories 510kcal,Fat 20g,Saturated Fat 9g,Carbohydrate 43g,Sugar 10g,Dietary Fiber 10g,Protein 47g,Cholesterol 135mg,Sodium 290mg,12 ounceYukon Gold Potatoes; 1 unitZucchini; 1/4 cupParmesan Cheese; 12 ounceChicken Breasts; 6 ounceGreen Beans; 2 tablespoonMilk; 1 unitLemon; 2 teaspoonOlive Oil; 1 tablespoonButter; Salt; Pepper
Chicken with Arugula Caprese Salad,Milk; Soy; Wheat,Calories 710kcal,Fat 45g,Saturated Fat 19g,Carbohydrate 31g,Sugar 6g,Dietary Fiber 2g,Protein 41g,Cholesterol 175mg,Sodium 610mg,10 ounceChicken Cutlets; 1 tablespoonItalian Seasoning; 1 unitRoma Tomato; 4 ounceFresh Mozzarella; 1 unitCiabatta Bread; 5 teaspoonBalsamic Vinegar; 2 ounceArugula; 7 teaspoonOlive Oil; 2 tablespoonButter; Salt; Pepper
Chicken Yakitori,Eggs; Wheat; Soy,Calories 805kcal,Fat 20g,,Carbohydrate 96g,,Dietary Fiber 5g,Protein 53g,,,2 unitChicken Breasts; 8 ounceChuka Soba Noodles; 2 cloveGarlic; 2 unitScallions; 4 ounceGreen Beans; 1 unitRed Onion; 1 tablespoonSriracha; 3 tablespoonSoy Sauce; 2 tablespoonHoisin Sauce; 2 tablespoonWooden Skewers; unitVegetable Oil; unitSalt; unitPepper
Chicken Yakitori,Eggs; Wheat; Soy,Calories 721kcal,Fat 13g,Saturated Fat 1g,Carbohydrate 96g,Sugar 19g,Dietary Fiber 6g,Protein 55g,,Sodium 3027mg,12 ounceChicken Breasts; 2 cloveGarlic; 2 unitScallions; 4 ounceGreen Beans; 1 unitRed Onion; 9 ounceChuka Soba Noodles; 2 tablespoonHoisin Sauce; 9 teaspoonSoy Sauce; 1 tablespoonSriracha; 4 unitWooden Skewers; 4 teaspoonOlive Oil
"Chicken, Bacon & Mozzarella Ravioli",Eggs; Milk; Wheat,Calories 300kcal,Fat 10g,Saturated Fat 5g,Carbohydrate 39g,Sugar 1g,Dietary Fiber 2g,Protein 15g,Cholesterol 60mg,Sodium 550mg,"Ingredients/ serving 2 people9 ounceChicken, Bacon, and Mozzarella Ravioli; 9 ounceChicken, Bacon, and Mozzarella Ravioli"
"Chicken, Bacon & Mozzarella Ravioli",Wheat; Milk; Eggs,Calories 560kcal,Fat 33g,Saturated Fat 19g,Carbohydrate 47g,Sugar 3g,Dietary Fiber 4g,Protein 21g,Cholesterol 120mg,Sodium 790mg,"4 ounceKale; 1 tablespoonFlour; 1 teaspoonGarlic Powder; 2 tablespoonCream Cheese; 1/4 cupParmesan Cheese; 1 teaspoonChili Flakes; 9 ounceChicken, Bacon, and Mozzarella Ravioli; Salt; Pepper; 1 teaspoonOlive Oil; 2 tablespoonButter"
Chickpea-Powered Couscous,Wheat; Milk,Calories 600kcal,Fat 25g,Saturated Fat 9g,Carbohydrate 74g,Sugar 7g,Dietary Fiber 13g,Protein 20g,Cholesterol 40mg,Sodium 600mg,1 unitZucchini; 4 ounceHeirloom Grape Tomatoes; 1/4 ounceThyme; 2 cloveGarlic; 13.4 ounceChickpeas; 1 teaspoonSmoked Paprika; 3/4 cupIsraeli Couscous; 1 unitVeggie Stock Concentrate; 1/2 cupFeta Cheese; 1 unitLemon; 4 teaspoonOlive Oil; 1 tablespoonButter; Salt; Pepper
Chickpea-Powered Mediterranean Couscous,Wheat; Milk,Calories 600kcal,Fat 25g,Saturated Fat 9g,Carbohydrate 74g,Sugar 7g,Dietary Fiber 13g,Protein 20g,Cholesterol 40mg,Sodium 600mg,1 unitZucchini; 4 ounceHeirloom Grape Tomatoes; 1/4 ounceThyme; 2 cloveGarlic; 13.4 ounceChickpeas; 1 teaspoonSmoked Paprika; 3/4 cupIsraeli Couscous; 1 unitVeggie Stock Concentrate; 1/2 cupFeta Cheese; 1 unitLemon; 4 teaspoonOlive Oil; 1 tablespoonButter; Salt; Pepper
Chickpeas,,Calories 250kcal,Fat 5g,,Carbohydrate 29g,Sugar 4g,Dietary Fiber 6g,Protein 10g,,Sodium 200mg,Ingredients/ serving 2 people13.4 ounceChickpeas; 13.4 ounceChickpeas
Chili Lime Pork Cutlets,Peanuts; Milk,Calories 700kcal,Fat 34g,Saturated Fat 9g,Carbohydrate 64g,Sugar 19g,Dietary Fiber 3g,Protein 41g,Cholesterol 85mg,Sodium 710mg,1 unitPersian Cucumber; 1 unitLime; 12 ouncePork Cutlets; 1/2 ouncePeanuts; 1 unitMicrowaveable Jasmine Rice; 2 ounceSweet Thai Chili Sauce; 2 ounceMixed Greens; 1 tablespoonButter; 1 teaspoonVegetable Oil; 1.5 tablespoonOlive Oil; 1 teaspoonSugar; Salt; Pepper
Chili Lime Steak,Milk,Calories 720kcal,Fat 42g,Saturated Fat 15g,Carbohydrate 56g,Sugar 6g,Dietary Fiber 4g,Protein 31g,Cholesterol 135mg,Sodium 120mg,13.4 ounceCorn; 2 unitScallions; 2 cloveGarlic; 2 unitRoma Tomato; 2 unitLime; 1 teaspoonCumin; 1 cupBasmati Rice; 20 ounceRanch Steak; 1 tablespoonChili Lime Butter; 2 tablespoonOlive Oil; 1 teaspoonSugar; 1 tablespoonButter; 2 teaspoonVegetable Oil; Salt; Pepper
Chili Roasted Shrimp,Shellfish; Milk,Calories 472kcal,Fat 15g,Saturated Fat 5g,Carbohydrate 40g,Sugar 5g,Dietary Fiber 14g,Protein 37g,,Sodium 1363mg,10 ounceShrimp; 1 unitRed Onion; 13.4 ounceCannellini Beans; 1/4 ounceMint; 2 ounceFeta Cheese; 5 ounceSpinach; 1 teaspoonChili Powder; 4 ounceGrape Tomatoes; 1 tablespoonOlive Oil; boxSalt; boxPepper
Chili-Loaded Sweet Potatoes,Milk,Calories 720kcal,Fat 39g,Saturated Fat 18g,Carbohydrate 53g,Sugar 15g,Dietary Fiber 8g,Protein 34g,Cholesterol 135mg,Sodium 830mg,1 unitLong Green Pepper; 2 unitScallions; 2 cloveGarlic; 2 unitSweet Potatoes; 10 ounceGround Beef; 1 tablespoonSouthwest Spice Blend; 1.5 ounceTomato Paste; 1 unitBeef Stock Concentrate; 2 tablespoonSour Cream; 1 teaspoonHot Sauce; 1/4 cupMonterey Jack Cheese; 2 teaspoonOlive Oil; 1 tablespoonButter; Salt; Pepper
Chili-Onion Cheeseburgers,Milk; Eggs; Soy; Wheat,Calories 1030kcal,Fat 59g,Saturated Fat 24g,Carbohydrate 83g,Sugar 22g,Dietary Fiber 8g,Protein 40g,Cholesterol 150mg,Sodium 750mg,12 ounceYukon Gold Potatoes; 1 unitRed Onion; 3 tablespoonTomato Paste; 1 teaspoonChili Powder; 5 teaspoonRed Wine Vinegar; 10 ounceGround Beef; 2 sliceCheddar Cheese; 2 tablespoonKetchup; 2 unitPotato Buns; 2 tablespoonVegetable Oil; 2 teaspoonSugar; 2 tablespoonButter; Salt; Pepper
Chimi Chicken & Yellow Rice Bowls,Milk,Calories 770kcal,Fat 37g,Saturated Fat 9g,Carbohydrate 85g,Sugar 9g,Dietary Fiber 9g,Protein 36g,Cholesterol 105mg,Sodium 490mg,3/4 cupJasmine Rice; 2 unitChicken Stock Concentrate; 1 teaspoonTurmeric; 1 unitPoblano Pepper; 1 unitYellow Onion; 1 unitRoma Tomato; 2 unitLemon; 2 cloveGarlic; 1/4 ounceCilantro; 1 unitChili Pepper; 1 teaspoonCumin; 10 ounceChicken Breast Strips; 3 tablespoonOlive Oil; 1 tablespoonButter; Salt; Pepper
Chimichurri Barramundi,Wheat; Fish; Milk,Calories 750kcal,Fat 47g,Saturated Fat 16g,Carbohydrate 55g,Sugar 10g,Dietary Fiber 7g,Protein 34g,Cholesterol 120mg,Sodium 450mg,12 ounceCarrots; 1/4 ounceCilantro; 1 unitLemon; 1 cloveGarlic; 1 teaspoonCumin; 1 teaspoonChili Flakes; 1/2 cupIsraeli Couscous; 1 unitVeggie Stock Concentrate; 10 ounceBarramundi; 2 tablespoonGarlic Herb Butter; 10 teaspoonOlive Oil; 1 tablespoonButter; Salt; Pepper
Chimichurri Burgers,Eggs; Milk; Wheat,Calories 805kcal,Fat 47g,Saturated Fat 13g,Carbohydrate 57g,Sugar 8g,Dietary Fiber 11g,Protein 43g,Cholesterol 136mg,Sodium 625mg,2 cloveGarlic; 1 unitLemon; 1 unitRoma Tomato; 1/4 ounceParsley; 5 ounceColeslaw Mix; 1 jarMayonnaise; 10 ounceGround Beef; 1/2 cupMonterey Jack Cheese; 1 unitAvocado; 2 unitBrioche Buns; unitSalt; unitPepper; 1/4 teaspoonSugar; 2 teaspoonOlive Oil
Chimichurri Chicken Paillards,,Calories 630kcal,Fat 35g,Saturated Fat 6g,Carbohydrate 48g,Sugar 13g,Dietary Fiber 9g,Protein 39g,Cholesterol 100mg,Sodium 180mg,2 unitSweet Potatoes; 2 teaspoonCumin; 1 unitLemon; 1 cloveGarlic; 1/4 ounceParsley; 4 ounceGrape Tomatoes; 12 ounceChicken Breasts; 1 teaspoonHoney; 2 ounceMixed Greens; 13 teaspoonOlive Oil; Salt; Pepper
