Title,Allergens,Calories,Fat,Saturated Fat,Carbohydrate,Sugar,Dietary Fiber,Protein,Cholesterol,Sodium,Ingredients
Harissa Lamb Meatballs,Milk; Wheat,Calories 717kcal,Fat 40g,,Carbohydrate 62g,,Dietary Fiber 8g,Protein 33g,,,8 ounceGround Lamb; 5 ounceSpinach; 1 unitLemon; 1 tablespoonHarissa Powder; 2 ounceYogurt; 2 cloveGarlic; 1 sprigOregano; 1 sprigMint; 1 unitYellow Onion; 1/4 cupPanko Breadcrumbs; 1 unitZucchini; 1/2 cupBulgur Wheat; 1 unitVeggie Stock Concentrate; 2.5 tablespoonOlive Oil
Harissa Sweet Potato Pita Pockets,Eggs; Wheat,Calories 740kcal,Fat 40g,Saturated Fat 6g,Carbohydrate 83g,Sugar 12g,Dietary Fiber 14g,Protein 16g,Cholesterol 15mg,Sodium 550mg,2 unitSweet Potatoes; 1 tablespoonHarissa Powder; 1 cloveGarlic; 1 unitCucumber; 1/4 ounceDill; 1 unitAvocado; 3 tablespoonMayonnaise; 5 teaspoonWhite Wine Vinegar; 2 unitWhole Wheat Pitas; 1 ouncePepitas; 2 teaspoonOlive Oil; Salt; Pepper
Harissa Sweet Potato Pockets,Eggs; Wheat,Calories 740kcal,Fat 42g,Saturated Fat 7g,Carbohydrate 84g,Sugar 11g,Dietary Fiber 15g,Protein 14g,Cholesterol 25mg,Sodium 600mg,2 unitSweet Potatoes; 1 tablespoonHarissa Powder; 1 cloveGarlic; 1 unitCucumber; 1/4 ounceDill; 1 unitAvocado; 4 tablespoonMayonnaise; 5 teaspoonWhite Wine Vinegar; 2 unitWhole Wheat Pitas; 1/2 ouncePepitas; 2 teaspoonOlive Oil; Salt; Pepper
Harissa-Marinated Grilling Cheese,Milk,Calories 900kcal,Fat 61g,Saturated Fat 27g,Carbohydrate 64g,Sugar 9g,Dietary Fiber 6g,Protein 30g,Cholesterol 105mg,Sodium 740mg,1 unitLemon; 2 unitScallions; 2 cloveGarlic; 2 tablespoonSour Cream; 1 tablespoonHarissa Powder; 1/2 cupJasmine Rice; 8 ounceGrilling Cheese; 1 unitZucchini; 2 unitCarrots; 1 teaspoonHot Sauce; 7 teaspoonOlive Oil; 1 tablespoonVegetable Oil; 1 tablespoonButter; Salt; Pepper
Harvest Flatbread,Wheat; Sesame; Milk,Calories 636kcal,Fat 28g,Saturated Fat 11g,Carbohydrate 82g,Sugar 21g,Dietary Fiber 10g,Protein 23g,Cholesterol 51mg,Sodium 733mg,2 unitFlatbreads; 8 ounceButternut Squash; 1 jarHoney; 1 unitRed Onion; 1 teaspoonChili Powder; 1 unitGranny Smith Apple; 1 cupCheddar Cheese; 1/4 ounceSage; 1 tablespoonOlive Oil; unitSalt; unitPepper
Hawaiian Chicken Poke Bowls,Tree Nuts; Soy; Wheat; Milk,Calories 890kcal,Fat 41g,Saturated Fat 17g,Carbohydrate 100g,Sugar 25g,Dietary Fiber 5g,Protein 35g,Cholesterol 165mg,Sodium 1300mg,1 thumbGinger; 2 unitScallions; 4 ouncePineapple; 1 ounceCoconut Crunch Cashews; 1/4 cupShredded Coconut; 3/4 cupJasmine Rice; 10 ounceChicken Breast Strips; 1 unitLime; 1 unitChili Pepper; 2 tablespoonSoy Sauce; 4 ounceShredded Carrots; 4 tablespoonSour Cream; 1 teaspoonSriracha; 2 tablespoonButter; 4 teaspoonVegetable Oil; 2 teaspoonSugar; Salt; Pepper
Hawaiian Pizza,Milk; Wheat,Calories 679kcal,Fat 23g,Saturated Fat 7g,Carbohydrate 84g,Sugar 18g,Dietary Fiber 5g,Protein 31g,,Sodium 1574mg,2 unitScallions; 1/4 ounceCilantro; 1 unitShallot; 4 ounceFresh Mozzarella; 10 ouncePizza Dough; 4 ounceProsciutto; 1 jarHoney; 1 teaspoonChili Flakes; 4 ouncePineapple; 2 teaspoonOlive Oil
Hearty Beef Stew Over Barley,Wheat,Calories 470kcal,Fat 11g,Saturated Fat 2g,Carbohydrate 59g,Sugar 7g,Dietary Fiber 13g,Protein 34g,Cholesterol 80mg,Sodium 550mg,1 unitCarrots; 1 unitYellow Onion; 1 unitTomato Paste; 1 unitParsnip; 4 ouncePeas; 2 unitBeef Stock Concentrate; 16 ounceSirloin Tips; 2 tablespoonFlour; 1 cupPearl Barley; 1 tablespoonHearty Stew Seasoning; 4 teaspoonOlive Oil; unitSalt; unitPepper
Hearty Black Bean & Poblano Soup,Milk,Calories 600kcal,Fat 23g,Saturated Fat 8g,Carbohydrate 72g,Sugar 11g,Dietary Fiber 14g,Protein 21g,Cholesterol 35mg,Sodium 1520mg,1 unitLime; 1 unitYellow Onion; 1 unitPoblano Pepper; 1 unitRoma Tomato; 4 tablespoonSour Cream; 1 tablespoonSouthwest Spice Blend; 1.5 ounceTomato Paste; 13.4 ounceBlack Beans; 1 unitTex-Mex Paste; 1 unitVeggie Stock Concentrate; 1/4 ounceCilantro; 1/4 cupMonterey Jack Cheese; 1.5 ounceBlue Corn Tortilla Chips; Salt; Pepper; 2 teaspoonVegetable Oil
"Hearty Lentil and Bean Stew with Ginger, Cilantro, and Basmati Rice",Milk,Calories 698kcal,Fat 14g,Saturated Fat 4g,Carbohydrate 105g,Sugar 8g,Dietary Fiber 22g,Protein 33g,,Sodium 307mg,1/2 cupBasmati Rice; 1/4 ounceCilantro; 1 unitLime; 2 cloveGarlic; 1 unitYellow Onion; 1 thumbGinger; 1 unitJalapeño; 13.4 ounceKidney Beans; 1/2 cupLentils; 1 teaspoonCoriander; 1 teaspoonCumin; 1 ounceTomato Paste; 2 ounceSour Cream; 1 tablespoonOlive Oil; boxSalt; boxPepper
Hearty Pork Chili,Milk,Calories 660kcal,Fat 38g,Saturated Fat 15g,Carbohydrate 40g,Sugar 10g,Dietary Fiber 8g,Protein 42g,Cholesterol 135mg,Sodium 1030mg,4 unitScallions; 4 cloveGarlic; 1 boxKidney Beans; 2 unitPoblano Pepper; 20 ounceGround Pork; 2 tablespoonMexican Spice Blend; 2 unitChicken Stock Concentrate; 2 boxCrushed Tomatoes; 1 cupCheddar Cheese; 8 tablespoonSour Cream; 2 teaspoonVegetable Oil; Salt; Pepper
Hearty Roasted Beet and Lentil Salad,,,,,,,,,,,Ingredientsserving amount244 unitMixed Wild Mushrooms4 unitVermicelli; 4 unitMixed Wild Mushrooms; 4 unitVermicelli
Hearty Steak and Potatoes,Soy; Wheat,Calories 535kcal,Fat 15g,Saturated Fat 3g,Carbohydrate 59g,Sugar 15g,Dietary Fiber 8g,Protein 45g,Cholesterol 95mg,Sodium 840mg,12 ounceSirloin Steak; 2 tablespoonBalsamic Vinegar; 1 ounceSoy Sauce; 16 ounceYukon Gold Potatoes; 1/4 ounceRosemary; 1 unitYellow Onion; 4 ounceShredded Red Cabbage; 1 teaspoonMustard Seeds; 2 tablespoonWhite Wine Vinegar; 1 ounceCranberry Jam; unitSalt; unitPepper; 2 teaspoonOlive Oil; 1 tablespoonVegetable Oil; 1 teaspoonSugar
Heirloom Tomato Flatbread,Wheat; Milk; Tree Nuts,Calories 753kcal,Fat 40g,Saturated Fat 12g,Carbohydrate 68g,Sugar 3g,Dietary Fiber 13g,Protein 28g,,Sodium 912mg,10 ouncePizza Dough; 4 ounceHeirloom Grape Tomatoes; 4 ouncePesto; 4 ounceFresh Mozzarella; 1/2 ounceBasil; 2 tablespoonBalsamic Vinegar; 2 ounceArugula; 1 ounceWalnuts; 2 teaspoonOlive Oil; unitSalt; unitPepper
Heirloom Tomato Flatbreads,Milk; Tree Nuts; Wheat; Sesame,Calories 830kcal,Fat 56g,Saturated Fat 12g,Carbohydrate 62g,Sugar 6g,Dietary Fiber 4g,Protein 19g,Cholesterol 40mg,Sodium 910mg,4 ounceHeirloom Grape Tomatoes; 4 ounceFresh Mozzarella; 1 ounceWalnuts; 2 unitFlatbreads; 2 ouncePesto; 5 teaspoonBalsamic Vinegar; 2 ounceArugula; 5 teaspoonBasil Oil; 2 teaspoonOlive Oil; Salt; Pepper
Herbed Chicken Cutlets,Milk,Calories 670kcal,Fat 41g,Saturated Fat 21g,Carbohydrate 48g,Sugar 12g,Dietary Fiber 9g,Protein 33g,Cholesterol 190mg,Sodium 410mg,2 unitZucchini; 24 ounceYukon Gold Potatoes; 2 unitShallot; 2 unitScallions; 8 tablespoonCream Cheese; 4 tablespoonSour Cream; 20 ounceChicken Cutlets; 1 tablespoonItalian Seasoning; 2 unitChicken Stock Concentrate; 1 unitLemon; 1 teaspoonOlive Oil; 2 teaspoonVegetable Oil; 4 tablespoonButter; Salt; Pepper
Herbed Chicken Cutlets,Tree Nuts; Wheat; Milk,Calories 610kcal,Fat 27g,Saturated Fat 10g,Carbohydrate 59g,Sugar 21g,Dietary Fiber 10g,Protein 33g,Cholesterol 140mg,Sodium 330mg,1 unitShallot; 2 unitScallions; 4 unitSweet Potatoes; 2 tablespoonBrown Sugar; 12 ounceGreen Beans; 2 ounceAlmonds; 20 ounceChicken Cutlets; 1 teaspoonItalian Seasoning; 1 tablespoonFlour; 1 unitChicken Demi-Glace; 4 tablespoonButter; 1 tablespoonVegetable Oil; Salt; Pepper
Herbed Chicken Over Zucchini Risotto,Milk; Wheat,Calories 510kcal,Fat 15g,Saturated Fat 6g,Carbohydrate 41g,Sugar 11g,Dietary Fiber 7g,Protein 54g,Cholesterol 130mg,Sodium 500mg,1 unitShallot; 1/4 ounceDill; 2 unitZucchini; 4 ounceGrape Tomatoes; 12 ounceChicken Breasts; 1 tablespoonHerbes de Provence; 1/2 cupItalian Cheese Blend; 2 tablespoonSour Cream; 1 unitWhole Wheat Pitas; 1 tablespoonOlive Oil; Salt; Pepper
Herbed Sirloin Steak,Wheat; Milk,Calories 740kcal,Fat 22g,Saturated Fat 11g,Carbohydrate 77g,Sugar 6g,Dietary Fiber 4g,Protein 61g,Cholesterol 135mg,Sodium 350mg,24 ounceSirloin Steak; 12 ounceOrzo Pasta; 8 ounceHeirloom Grape Tomatoes; 4 cloveGarlic; 8 ounceFresh Mozzarella; 2 tablespoonBalsamic Vinegar; 1/4 ounceParsley; unitSalt; unitPepper; 1 tablespoonOlive Oil
Herbed Sirloin Steak,Milk; Wheat,Calories 790kcal,Fat 30g,Saturated Fat 14g,Carbohydrate 73g,Sugar 6g,Dietary Fiber 4g,Protein 56g,Cholesterol 130mg,Sodium 340mg,4 ounceGrape Tomatoes; 2 cloveGarlic; 1/4 ounceParsley; 4 ounceFresh Mozzarella; 6 ounceOrzo Pasta; 12 ounceSirloin Steak; 1 teaspoonHerbes de Provence; 1 tablespoonBalsamic Vinegar; 1 tablespoonOlive Oil; unitSalt; unitPepper
Herbs de Provence Chicken,Wheat; Milk,Calories 620kcal,Fat 23g,Saturated Fat 10g,Carbohydrate 42g,Sugar 10g,Dietary Fiber 3g,Protein 58g,Cholesterol 140mg,Sodium 400mg,1 unitShallot; 1/2 cupFarro; 4 ounceGrape Tomatoes; 4 ounceFresh Mozzarella; 12 ounceChicken Breasts; 1 tablespoonHerbes de Provence; 1 tablespoonBalsamic Vinegar; 1/2 ounceHoney; 1 tablespoonOlive Oil; Salt; Pepper
Herbs De Provence Chicken,Wheat; Milk,Calories 750kcal,Fat 43g,Saturated Fat 16g,Carbohydrate 46g,Sugar 6g,Dietary Fiber 6g,Protein 50g,Cholesterol 175mg,Sodium 440mg,12 ounceChicken Thighs; 3/4Farro; 1Zucchini; 4Fresh Mozzarella; 1/2Basil; 2Balsamic Vinegar; 1Herbes de Provence; 4Grape Tomatoes; 1Vegetable Oil; 1Olive Oil; Salt; Pepper
Herby Balsamic Pork Tenderloin,Soy; Wheat; Milk,Calories 600kcal,Fat 24g,Saturated Fat 11g,Carbohydrate 44g,Sugar 9g,Dietary Fiber 4g,Protein 38g,Cholesterol 150mg,Sodium 430mg,1 tablespoonItalian Seasoning; 5 teaspoonBalsamic Glaze; 2 unitOven-Ready Aluminum Trays; 12 ouncePork Tenderloin; 8 ounceBroccoli Florets; 1 teaspoonChili Flakes; 1 unitDemi-Baguette; 1 unitGarlic Powder; Salt; Pepper; 2 teaspoonOlive Oil; 2 tablespoonButter
Herby Pan-Seared Chicken,Milk; Wheat,Calories 618kcal,Fat 20g,Saturated Fat 8g,Carbohydrate 58g,Sugar 28g,Dietary Fiber 5g,Protein 55g,,Sodium 330mg,1/2 ounceBasil; 3 ounceFresh Mozzarella; 12 ounceChicken Breasts; 1/2 cupFarro; 1 tablespoonHerbes de Provence; 1 ounceHoney; 1 unitShallot; 2 unitRoma Tomato; 2 tablespoonBalsamic Vinegar; unitSalt; unitPepper; 1 tablespoonOlive Oil
Herby Pan-Seared Chicken,Wheat; Milk,Calories 600kcal,Fat 29g,Saturated Fat 11g,Carbohydrate 33g,Sugar 14g,Dietary Fiber 4g,Protein 54g,Cholesterol 145mg,Sodium 349mg,12 ounceChicken Breasts; 1/2 cupFarro; 1 unitRoma Tomato; 1 tablespoonHerbes de Provence; 2 tablespoonBalsamic Vinegar; 1 unitHoney; 1 unitShallot; 4 ounceFresh Mozzarella; 1 tablespoonOlive Oil; unitSalt; unitPepper
Herby Sausage Risotto,Milk,Calories 741kcal,Fat 33g,Saturated Fat 14g,Carbohydrate 69g,Sugar 9g,Dietary Fiber 5g,Protein 32g,Cholesterol 112mg,Sodium 845mg,1 unitChicken Stock Concentrate; 2 boxDiced Tomatoes; 1 unitYellow Onion; 2 teaspoonGarlic Powder; 2 unitZucchini; 18 ounceItalian Pork Sausage; 1/4 ounceParsley; 1.5 cupArborio Rice; 1/2 cupParmesan Cheese; 1 tablespoonButter; 2 teaspoonOlive Oil; unitSalt; unitPepper
Herby Sausage Risotto,Milk,Calories 759kcal,Fat 37g,Saturated Fat 16g,Carbohydrate 79g,Sugar 11g,Dietary Fiber 4g,Protein 33g,,Sodium 1250mg,18 ounceSweet Italian Pork Sausage; 2 unitChicken Stock Concentrate; 28 ounceDiced Tomatoes; 4 cloveGarlic; 2 unitYellow Onion; 1/4 ounceParsley; 1.5 cupArborio Rice; 2 ounceParmesan Cheese; 5 teaspoonButter; boxSalt; boxPepper
Hoisin Beef & Cabbage,Soy; Wheat; Sesame; Milk,Calories 760kcal,Fat 30g,Saturated Fat 13g,Carbohydrate 90g,Sugar 25g,Dietary Fiber 2g,Protein 25g,Cholesterol 110mg,Sodium 1260mg,10 ounceGround Beef; 2 unitScallions; 3/4 cupJasmine Rice; 4 ounceColeslaw Mix; 4 tablespoonSweet Soy Glaze; 2 tablespoonHoisin Sauce; 1 teaspoonSriracha; 1 teaspoonVegetable Oil; 1 tablespoonButter; Salt; Pepper
Hoisin Beef Stir Fry,Soy,Calories 666kcal,Fat 19g,Saturated Fat 4g,Carbohydrate 88g,Sugar 18g,Dietary Fiber 12g,Protein 41g,,Sodium 556mg,1.5 cupBrown Rice; 1 unitRed Bell Pepper; 2 unitBaby Bok Choy; 1 unitYellow Onion; 1 thumbGinger; 2 cloveGarlic; 16 ounceBeef Tenderloin Tips; 2 jarHoisin Sauce Jar; 1 unitLemon; 8 ounceSnow Peas; unitSalt; 2 tablespoonOlive Oil; unitPepper
Hoisin Beef Stir-Fry,Soy; Wheat,Calories 560kcal,Fat 17g,Saturated Fat 6g,Carbohydrate 66g,Sugar 16g,Dietary Fiber 3g,Protein 35g,Cholesterol 85mg,Sodium 830mg,4 unitBaby Bok Choy; 4 unitScallions; 2 thumbGinger; 4 cloveGarlic; 1 cupJasmine Rice; 4 tablespoonSoy Sauce; 1.25 ounceHoisin Sauce; 2 ounceHoney; 20 ounceBeef Stir-Fry; 2 tablespoonSesame Seeds; 1 tablespoonVegetable Oil; Salt; Pepper
Hoisin Pork Burgers,Eggs; Soy; Wheat; Milk,Calories 960kcal,Fat 53g,Saturated Fat 13g,Carbohydrate 77g,Sugar 19g,Dietary Fiber 8g,Protein 32g,Cholesterol 115mg,Sodium 1350mg,12 ounceYukon Gold Potatoes; 3 ounceCarrot; 1 unitPersian Cucumber; 1 unitLime; 1 tablespoonSesame Oil; 2 tablespoonMayonnaise; 1 teaspoonSriracha; 10 ounceGround Pork; 2 tablespoonHoisin Sauce; 2 unitPotato Buns; 1 tablespoonVegetable Oil; Salt; Pepper
Hoisin Pork Stir-Fry,Soy,Calories 644kcal,Fat 10g,Saturated Fat 2g,Carbohydrate 89g,Sugar 14g,Dietary Fiber 8g,Protein 48g,,Sodium 308mg,1.5 cupBrown Rice; 24 ouncePork Tenderloin; 1 unitRed Onion; 4 cloveGarlic; 2 thumbGinger; 2 unitYellow Bell Peppers; 12 ounceSugar Snap Peas; 2 jarHoisin Sauce Jar; 2 unitLime; 1/4 ounceCilantro; 2 tablespoonCornstarch; 4 teaspoonOlive Oil; unitSalt; unitPepper
Hoisin Sriracha Beef Meatballs,Wheat; Soy; Milk,Calories 870kcal,Fat 38g,Saturated Fat 14g,Carbohydrate 99g,Sugar 22g,Dietary Fiber 5g,Protein 30g,Cholesterol 110mg,Sodium 430mg,2 unitScallions; 1 unitLime; 1 unitShallot; 2 unitCarrots; 1 tablespoonHoney; 10 ounceGround Beef; 1/4 cupPanko Breadcrumbs; 1 teaspoonMoo Shu Spice Blend; 1 teaspoonSriracha; 3/4 cupJasmine Rice; 1 ounceHoisin Sauce; 1 tablespoonSesame Seeds; 1 tablespoonVegetable Oil; 1 tablespoonButter; Salt; Pepper
Hoisin Sriracha Pork Stir-Fry,Soy; Wheat; Sesame; Peanuts,Calories 710kcal,Fat 30g,Saturated Fat 8g,Carbohydrate 76g,Sugar 25g,Dietary Fiber 6g,Protein 31g,Cholesterol 95mg,Sodium 1560mg,6 ounceGreen Beans; 1 unitLime; 1 tablespoonCornstarch; 6 tablespoonHoisin Sauce; 2 tablespoonSoy Sauce; 1 teaspoonSriracha; 10 ounceGround Pork; 1 unitMicrowaveable Jasmine Rice; 1/2 ouncePeanuts; Salt; Pepper; 1 teaspoonVegetable Oil
Hoisin Steak Supreme,Milk; Soy; Wheat,Calories 990kcal,Fat 62g,Saturated Fat 25g,Carbohydrate 65g,Sugar 21g,Dietary Fiber 11g,Protein 42g,Cholesterol 170mg,Sodium 1450mg,2 unitScallions; 12 ounceYukon Gold Potatoes; 2 tablespoonGarlic Herb Butter; 4 tablespoonSour Cream; 10 ounceSirloin Steak; 1 tablespoonSesame Oil; 8 ounceSnow Peas; 4 ounceEdamame; 1 tablespoonSesame Seeds; 2 tablespoonSoy Sauce; 1 unitBeef Demi-Glace; 2 tablespoonHoisin Sauce; 1 teaspoonSriracha; 2 teaspoonVegetable Oil; 1 tablespoonButter; Salt; Pepper
Hoisin Stir-Fry,Soy; Peanuts,Calories 647kcal,Fat 18g,Saturated Fat 2g,Carbohydrate 112g,Sugar 27g,Dietary Fiber 17g,Protein 18g,,Sodium 339mg,3/4 cupBrown Rice; 1 unitRed Onion; 2 cloveGarlic; 1 unitChili Pepper; 1/4 ounceCilantro; 1 unitYellow Bell Peppers; 1 thumbGinger; 1 unitEggplant; 1 tablespoonCornstarch; 6 ounceSugar Snap Peas; 1 unitLime; 2 jarHoisin Sauce Jar; 1 ouncePeanuts; 2 unitScallions; 1 tablespoonOlive Oil; unitSalt; unitPepper
Hoisin Sweet Potato & Mushroom Bowls,Soy; Wheat; Sesame; Eggs; Milk,Calories 700kcal,Fat 28g,Saturated Fat 9g,Carbohydrate 104g,Sugar 16g,Dietary Fiber 5g,Protein 8g,Cholesterol 40mg,Sodium 1360mg,2 unitScallions; 1 thumbGinger; 1 unitSweet Potatoes; 8 ounceCremini Mushrooms; 1 unitBell Pepper; 3/4 cupJasmine Rice; 2 tablespoonHoisin Sauce; 2 tablespoonMayonnaise; 2 tablespoonSour Cream; 2 tablespoonSoy Sauce; 1 teaspoonSriracha; 1 tablespoonSesame Seeds; Salt; Pepper; 2 teaspoonVegetable Oil; 1 tablespoonButter
Hoisin Tilapia & Tempura Green Bean Fries,Milk; Eggs; Fish; Wheat; Soy,Calories 900kcal,Fat 38g,Saturated Fat 7g,Carbohydrate 102g,Sugar 25g,Dietary Fiber 6g,Protein 39g,Cholesterol 85mg,Sodium 2060mg,2 unitScallions; 1 unitLime; 2 tablespoonSour Cream; 2 tablespoonMayonnaise; 1 teaspoonWasabi Paste; 1/2 cupJasmine Rice; 11 ounceTilapia; 82 gTempura Mix; 6 ounceGreen Beans; 4 tablespoonHoisin Sauce; 1 tablespoonSesame Seeds; 1 tablespoonVegetable Oil; Salt; Pepper
Hoisin-Glazed Meatballs,Wheat; Soy; Milk,Calories 800kcal,Fat 37g,Saturated Fat 14g,Carbohydrate 81g,Sugar 30g,Dietary Fiber 5g,Protein 33g,Cholesterol 115mg,Sodium 1350mg,1 thumbGinger; 2 unitScallions; 1/2 cupJasmine Rice; 10 ounceGround Beef; 1/4 cupPanko Breadcrumbs; 1 teaspoonGarlic Powder; 6 tablespoonHoisin Sauce; 6 ounceGreen Beans; 1 unitLime; 1 tablespoonSesame Seeds; 2 teaspoonVegetable Oil; 1 tablespoonButter; Salt; Pepper
Hoisin-Glazed Meatballs,Wheat; Eggs; Soy,Calories 680kcal,Fat 31g,Saturated Fat 10g,Carbohydrate 65g,Sugar 13g,Dietary Fiber 3g,Protein 31g,Cholesterol 140mg,Sodium 400mg,1 thumbGinger; 4 unitScallions; 8 ounceSnow Peas; 20 ounceGround Beef; 1/2 cupPanko Breadcrumbs; 2 teaspoonGarlic Powder; 1 unitEggs; 1 cupJasmine Rice; 4 tablespoonHoisin Sauce; 1 unitLime; 2 tablespoonSesame Seeds; 1 teaspoonSugar; 4 teaspoonVegetable Oil; Salt; Pepper
Hoisin-Glazed Meatballs,Wheat; Soy,Calories 533kcal,Fat 18g,Saturated Fat 6g,Carbohydrate 65g,Sugar 19g,Dietary Fiber 10g,Protein 31g,Cholesterol 80mg,Sodium 404mg,8 ounceGround Beef; 1/4 cupPanko Breadcrumbs; 1 thumbGinger; 2 unitScallions; 1 jarHoisin Sauce Jar; 6 ounceBaby Broccoli; 12 ounceSweet Potatoes; 1 unitLime; 1 teaspoonSugar; 1 tablespoonOlive Oil; unitSalt; unitPepper
Hoisin-Glazed Meatballs,Wheat; Soy,Calories 580kcal,Fat 21g,Saturated Fat 7g,Carbohydrate 64g,Sugar 19g,Dietary Fiber 10g,Protein 36g,Cholesterol 100mg,Sodium 420mg,1 thumbGinger; 2 unitScallions; 12 ounceSweet Potatoes; 10 ounceGround Beef; 1/4 cupPanko Breadcrumbs; 6 ounceBaby Broccoli; 1 jarHoisin Sauce Jar; 1 unitLime; 1 tablespoonOlive Oil; unitSalt; unitPepper; 1 teaspoonSugar
Hoisin-Marinated Rib-Eye Steak,Soy; Wheat; Milk,Calories 1180kcal,Fat 89g,Saturated Fat 30g,Carbohydrate 62g,Sugar 15g,Dietary Fiber 10g,Protein 38g,Cholesterol 150mg,Sodium 980mg,16 ounceYukon Gold Potatoes; 6 unitScallions; 2 unitBaby Bok Choy; 2 cloveGarlic; 1 thumbGinger; 1/4 ounceCilantro; 1 unitLime; 2 tablespoonHoisin Sauce; 2 tablespoonSoy Sauce; 12 ounceRib-Eye Steak; 1 tablespoonSesame Oil; 1 tablespoonSesame Seeds; 1 teaspoonSriracha; 4 teaspoonVegetable Oil; 2 tablespoonButter; 2 tablespoonOlive Oil; 1 teaspoonSugar; Salt; Pepper
Hoisin-Sesame Roasted Veggie Bowls,Soy; Wheat; Sesame; Eggs; Milk,Calories 680kcal,Fat 27g,Saturated Fat 8g,Carbohydrate 101g,Sugar 19g,Dietary Fiber 5g,Protein 11g,Cholesterol 40mg,Sodium 1300mg,2 unitScallions; 1 thumbGinger; 1 unitSweet Potatoes; 8 ounceCremini Mushrooms; 1 unitBell Pepper; 2 tablespoonHoisin Sauce; 3/4 cupJasmine Rice; 2 tablespoonMayonnaise; 2 tablespoonSour Cream; 2 tablespoonSoy Sauce; 1 teaspoonSriracha; 1 tablespoonSesame Seeds; 2 teaspoonVegetable Oil; 1 tablespoonButter; Salt; Pepper
Hoisin-Sriracha Pork Chops,Soy; Wheat; Milk,Calories 530kcal,Fat 15g,Saturated Fat 6g,Carbohydrate 58g,Sugar 11g,Dietary Fiber 3g,Protein 40g,Cholesterol 105mg,Sodium 450mg,1 thumbGinger; 16 ounceBroccoli Florets; 1 cupJasmine Rice; 4 tablespoonHoisin Sauce; 1 teaspoonSriracha; 24 ouncePork Chops; 4 teaspoonVegetable Oil; 1 tablespoonButter; 1/2 teaspoonSugar; Salt; Pepper
Holy Moly Spinach Artichoke Ravioli,Milk; Wheat; Eggs,Calories 580kcal,Fat 35g,Saturated Fat 13g,Carbohydrate 48g,Sugar 5g,Dietary Fiber 3g,Protein 23g,Cholesterol 80mg,Sodium 800mg,10 ounceHeirloom Grape Tomatoes; 4 ounceFresh Mozzarella; 1/2 cupPanko Breadcrumbs; 5 ounceSpinach; 18 ounceSpinach and Artichoke Ravioli; 4 ouncePesto; 6 tablespoonSour Cream; 2 teaspoonVegetable Oil; unitSalt; unitPepper
Homestyle Chicken & Biscuit Pot Pie,Wheat; Milk,Calories 770kcal,Fat 45g,Saturated Fat 21g,Carbohydrate 60g,Sugar 13g,Dietary Fiber 4g,Protein 37g,Cholesterol 145mg,Sodium 1400mg,6 ounceCarrots; 1 unitYellow Onion; 1/4 ounceThyme; 2 tablespoonFlour; 2 tablespoonCream Cheese; 2.5 ounceCelery; 1 cloveGarlic; 10 ounceChicken Breast Strips; 2 unitChicken Stock Concentrate; 6 ouncePillsbury™ Buttermilk Southern Homestyle Biscuits; 2 teaspoonVegetable Oil; 3 tablespoonButter; Salt; Pepper
Honey Ancho Chicken,Milk,Calories 530kcal,Fat 15g,Saturated Fat 6g,Carbohydrate 60g,Sugar 10g,Dietary Fiber 5g,Protein 39g,Cholesterol 135mg,Sodium 300mg,4 unitScallions; 2 unitLemon; 1 cupJasmine Rice; 24 ounceChicken Breasts; 12 ounceGreen Beans; 1 teaspoonAncho Chili Powder; 2 unitChicken Stock Concentrate; 1 ounceHoney; 1 tablespoonOlive Oil; 2 tablespoonButter; Salt; Pepper
Honey and Orange Chicken Jambalaya,,Calories 539kcal,Fat 10g,Saturated Fat 2g,Carbohydrate 77g,Sugar 13g,Dietary Fiber 3g,Protein 41g,Cholesterol 143mg,Sodium 514mg,2 unitChicken Stock Concentrate; 1/4 ounceParsley; 1 tablespoonChorizo Spice Blend; 2 unitGreen Bell Pepper; 24 ounceChicken Thighs; 1 unitOrange; 1 unitHoney; 1.5 cupBasmati Rice; 1 boxCrushed Tomatoes; 1 unitYellow Onion; 4 teaspoonOlive Oil; unitSalt; unitPepper
Honey and Soy-Smothered Pork,Soy; Wheat,Calories 646kcal,Fat 11g,Saturated Fat2.5 g,Carbohydrate 87g,Sugar 21g,Dietary Fiber 7g,Protein 47g,Cholesterol 111mg,Sodium 789mg,24 ouncePork Tenderloin; 1.5 cupBasmati Rice; 16 ounceSnow Peas; 2 unitRed Bell Pepper; 2 unitCarrots; 4 unitScallions; 1.5 ounceSoy Sauce; 1.5 ounceHoney; 1 unitDijon Mustard; 4 teaspoonVegetable Oil; unitSalt; unitPepper
Honey Butter BBQ Pork Cutlets,Milk,Calories 730kcal,Fat 41g,Saturated Fat 20g,Carbohydrate 59g,Sugar 22g,Dietary Fiber 11g,Protein 41g,Cholesterol 140mg,Sodium 680mg,2 unitSweet Potatoes; 1 unitLemon; 2 tablespoonSour Cream; 2 teaspoonHoney; 12 ouncePork Cutlets; 1 tablespoonSweet and Smoky BBQ Seasoning; 6 ounceGreen Beans; 1 teaspoonChili Flakes; 2 teaspoonVegetable Oil; 4 tablespoonButter; Salt; Pepper
Honey Ginger Glazed Chicken,Soy; Wheat,Calories 510kcal,Fat 10g,Saturated Fat1.5 g,Carbohydrate 54g,Sugar 10g,Dietary Fiber 2g,Protein 43g,Cholesterol 120mg,Sodium 570mg,8 ounceSnow Peas; 1 unitLime; 1 thumbGinger; 2 cloveGarlic; 1 cupJasmine Rice; 24 ounceChicken Tenders; 3 tablespoonWhite Wine Vinegar; 2 tablespoonSoy Sauce; 2 unitChicken Stock Concentrate; 2 tablespoonHoney; 4 teaspoonVegetable Oil; Salt; Pepper
Honey Ginger-Glazed Chicken,Soy; Wheat,Calories 545kcal,Fat 10g,Saturated Fat1.5 g,Carbohydrate 63g,Sugar 18g,Dietary Fiber 2g,Protein 44g,Cholesterol 120mg,Sodium 567mg,24 ounceChicken Tenders; 1 thumbGinger; 2 cloveGarlic; 2 tablespoonSoy Sauce; 2 unitChicken Stock Concentrate; 3 jarHoney; 3 tablespoonWhite Wine Vinegar; 8 ounceSnow Peas; 1 unitLime; 1 cupJasmine Rice; unitSalt; unitPepper; 4 teaspoonVegetable Oil
Honey Hoisin Beef,Soy; Wheat,Calories 520kcal,Fat 14g,Saturated Fat 5g,Carbohydrate 66g,Sugar 16g,Dietary Fiber 3g,Protein 30g,Cholesterol 70mg,Sodium 810mg,4 unitBaby Bok Choy; 4 unitScallions; 2 thumbGinger; 4 cloveGarlic; 1 cupJasmine Rice; 4 tablespoonSoy Sauce; 2 tablespoonHoisin Sauce; 2 ounceHoney; 16 ounceBeef Stir-Fry; 2 tablespoonSesame Seeds; 2 teaspoonVegetable Oil; Salt; Pepper
Honey Lemongrass Chicken Legs,Soy; Wheat; Fish,Calories 900kcal,Fat 32g,Saturated Fat 9g,Carbohydrate 96g,Sugar 22g,Dietary Fiber 5g,Protein 51g,Cholesterol 190mg,Sodium 930mg,2 cloveGarlic; 1 unitLemongrass; 2 unitLime; 16 ounceChicken Legs; 3/4 cupJasmine Rice; 2 tablespoonSoy Sauce; 1 ounceHoney; 1 teaspoonFish Sauce; 1 teaspoonSriracha; 8 ounceSnow Peas; 1/4 ounceCilantro; 2 teaspoonVegetable Oil; 1 tablespoonSugar; Salt; Pepper
Honey Lime Shrimp Tacos,Shellfish; Wheat; Milk,Calories 590kcal,Fat 21g,Saturated Fat 6g,Carbohydrate 58g,Sugar 7g,Dietary Fiber 5g,Protein 33g,Cholesterol 230mg,Sodium 1030mg,20 ounceShrimp Stir-Fry; 12 unitFlour Tortilla; 8 ounceShredded Red Cabbage; 2 unitLime; 6 tablespoonSour Cream; 1/4 ounceCilantro; 2 teaspoonHoney; 1 teaspoonChili Flakes; 1 unitRed Onion; 1 unitAvocado; 2 teaspoonOlive Oil; unitSalt; unitPepper
Honey Miso Broccoli Donburi,Soy; Eggs; Milk,Calories 720kcal,Fat 30g,Saturated Fat 8g,Carbohydrate 99g,Sugar 14g,Dietary Fiber 7g,Protein 11g,Cholesterol 215mg,Sodium 460mg,2 unitScallions; 1 unitSweet Potatoes; 1 unitLime; 8 ounceBroccoli Florets; 3/4 cupJasmine Rice; 1 unitMiso Sauce Concentrate; 2 teaspoonHoney; 2 tablespoonMayonnaise; 1 teaspoonSriracha; 2 unitEggs; 1 tablespoonVegetable Oil; 1 tablespoonButter; Salt; Pepper
Honey Miso Chicken,Soy; Milk,Calories 710kcal,Fat 26g,Saturated Fat 9g,Carbohydrate 83g,Sugar 12g,Dietary Fiber 4g,Protein 34g,Cholesterol 130mg,Sodium 390mg,2 unitScallions; 1 unitLime; 1 thumbGinger; 6 ounceGreen Beans; 1 tablespoonSesame Seeds; 3/4 cupJasmine Rice; 10 ounceChicken Cutlets; 1 unitMiso Sauce Concentrate; 2 teaspoonHoney; 1 teaspoonSriracha; Salt; Pepper; 2 teaspoonOlive Oil; 1 teaspoonVegetable Oil; 2 tablespoonButter
Honey Miso Sweet Potato ’Shroom Jumble,Soy; Eggs; Milk,Calories 820kcal,Fat 38g,Saturated Fat 9g,Carbohydrate 115g,Sugar 25g,Dietary Fiber 7g,Protein 7g,Cholesterol 40mg,Sodium 590mg,1 unitMiso Sauce Concentrate; 1 unitRed Onion; 4 ounceButton Mushrooms; 1 tablespoonSesame Seeds; 3/4 cupJasmine Rice; 1/2 ounceHoney; 4 tablespoonMayonnaise; 2 tablespoonKetchup; 1 tablespoonFry Seasoning; 1 unitZucchini; 1 unitSweet Potatoes; 1 unitLime; 1 unitGinger; 1 teaspoonSriracha; Salt; Pepper; 1 tablespoonVegetable Oil; 1/2 teaspoonSugar; 1 tablespoonButter
Honey Mustard Glazed Salmon,Fish; Wheat; Tree Nuts; Milk,Calories 883kcal,Fat 40g,Saturated Fat 9g,Carbohydrate 80g,Sugar 12g,Dietary Fiber 6g,Protein 50g,Cholesterol 116mg,Sodium 432mg,12 ounceSkin-on Salmon; 1/4 cupPanko Breadcrumbs; 2 unitDijon Mustard; 1 ounceWalnuts; 3/4 cupCouscous; 8 ounceBroccoli Florets; 1 unitShallot; 1 unitVeggie Stock Concentrate; 1/2 ounceHoney; unitSalt; unitPepper; 2 teaspoonOlive Oil; 1 tablespoonButter
Honey Mustard Salmon,Fish; Wheat,Calories 670kcal,Fat 30g,Saturated Fat 4g,Carbohydrate 56g,Sugar 12g,Dietary Fiber 5g,Protein 48g,Cholesterol 80mg,Sodium 494mg,12 ounceSalmon; 1 jarHoney; 1 ounceWhole Grain Mustard; 6 ounceAsparagus; 1 unitShallot; 1/4 ounceParsley; 1/2 cupIsraeli Couscous; 1 unitVeggie Stock Concentrate; 1 tablespoonOlive Oil; unitSalt; unitPepper
Honey Mustard-Glazed Chicken,,Calories 510kcal,Fat 16g,Saturated Fat 2g,Carbohydrate 47g,Sugar 15g,Dietary Fiber 7g,Protein 47g,Cholesterol 120mg,Sodium 331mg,24 ounceChicken Breasts; 1 unitRed Onion; 2 unitZucchini; 24 ounceSweet Potatoes; 1 ounceHoney; 1 ounceWhole Grain Mustard; 2 cloveGarlic; 2 tablespoonWhite Wine Vinegar; 1/4 ounceParsley; unitSalt; unitPepper; 4 tablespoonOlive Oil
Honey Sesame Chicken Tenders,Soy; Wheat,Calories 660kcal,Fat 14g,Saturated Fat 3g,Carbohydrate 91g,Sugar 25g,Dietary Fiber 4g,Protein 44g,Cholesterol 105mg,Sodium 510mg,2 cloveGarlic; 1 thumbGinger; 4 unitScallions; 1.5 cupJasmine Rice; 16 ounceBroccoli Florets; 24 ounceChicken Tenders; 1 teaspoonCornstarch; 3 tablespoonSoy Sauce; 2 tablespoonWhite Wine Vinegar; 3 ounceHoney; 1 teaspoonSesame Oil; 1 tablespoonSesame Seeds; 2 tablespoonVegetable Oil; Salt; Pepper
Honey Sesame Chicken,Soy; Wheat,Calories 780kcal,Fat 26g,Saturated Fat4.5 g,Carbohydrate 84g,Sugar 18g,Dietary Fiber 4g,Protein 43g,Cholesterol 120mg,Sodium 640mg,2 cloveGarlic; 1 thumbGinger; 2 unitScallions; 3/4 cupJasmine Rice; 8 ounceBroccoli Florets; 12 ounceChicken Breasts; 1 teaspoonCornstarch; 2 tablespoonHoney; 2 tablespoonSoy Sauce; 5 teaspoonWhite Wine Vinegar; 1 tablespoonSesame Oil; 1 tablespoonSesame Seeds; 2 tablespoonVegetable Oil; Salt; Pepper
Honey Sriracha Chicken Legs,Soy; Wheat; Milk,Calories 750kcal,Fat 30g,Saturated Fat 11g,Carbohydrate 69g,Sugar 26g,Dietary Fiber 3g,Protein 48g,Cholesterol 230mg,Sodium 1020mg,2 unitScallions; 16 ounceChicken Legs; 1/2 cupBasmati Rice; 2 tablespoonSoy Sauce; 2 tablespoonHoney; 4 teaspoonSriracha; 1 tablespoonSesame Oil; 6 ounceGreen Beans; 1 teaspoonVegetable Oil; Salt; Pepper; 2 tablespoonButter
Honey Sriracha Pork Tenderloin,Milk,Calories 870kcal,Fat 42g,Saturated Fat 16g,Carbohydrate 75g,Sugar 19g,Dietary Fiber 6g,Protein 34g,Cholesterol 165mg,Sodium 480mg,12 ounceCarrots; 2 unitScallions; 1 thumbGinger; 1 unitLime; 1/4 ounceCilantro; 1/2 cupJasmine Rice; 12 ouncePork Tenderloin; 1 tablespoonSesame Seeds; 1 tablespoonSesame Oil; 1 unitChicken Stock Concentrate; 2 teaspoonHoney; 2 teaspoonSriracha; 4 teaspoonVegetable Oil; 3 tablespoonButter; Salt; Pepper
Honey-and-Ginger-Glazed Chicken,Soy; Wheat,Calories 504kcal,Fat 9g,Saturated Fat 1g,Carbohydrate 58g,Sugar 12g,Dietary Fiber 3g,Protein 48g,Cholesterol 120mg,Sodium 724mg,12 ounceChicken Breasts; 1 thumbGinger; 2 cloveGarlic; 3 teaspoonSoy Sauce; 1 unitChicken Stock Concentrate; 1 jarHoney; 2 tablespoonWhite Wine Vinegar; 6 ounceSugar Snap Peas; 1 unitLime; 1/2 cupJasmine Rice; 1 tablespoonOlive Oil; unitSalt; unitPepper
Honey-Dijon Pork Chops,,Calories 638kcal,Fat 22g,,Carbohydrate 68g,,Dietary Fiber 10g,Protein 47g,,,2 unitPork Chops; 12 ounceYukon Gold Potatoes; 1 unitCorn; 1 unitTomato; 1 unitYellow Squash; 4 ounceLima Beans; 2 unitScallions; 2 cloveGarlic; 1 tablespoonDijon Mustard; 1 unitVeggie Stock Concentrate; 1 tablespoonHoney; 1 unitLime; 2 tablespoonOlive Oil
Honey-Drizzled Paprika Chicken,Wheat; Milk,Calories 610kcal,Fat 27g,Saturated Fat 12g,Carbohydrate 53g,Sugar 16g,Dietary Fiber 2g,Protein 39g,Cholesterol 135mg,Sodium 900mg,10 ounceChicken Cutlets; 1 teaspoonSmoked Paprika; 1 teaspoonGarlic Powder; 6 ounceGreen Beans; 6 ouncePillsbury™ Buttermilk Southern Homestyle Biscuits; 1/4 cupMonterey Jack Cheese; 2 teaspoonHoney; 1 teaspoonOlive Oil; 1 tablespoonButter; Salt; Pepper
Honey-Glazed Pork Tenderloin,Milk,Calories 604kcal,Fat 19g,Saturated Fat 6g,Carbohydrate 68g,Sugar 32g,Dietary Fiber 8g,Protein 41g,,Sodium 370mg,1/4 ounceThyme; 1 unitChicken Stock Concentrate; 12 ounceSweet Potatoes; 6 ounceGreen Beans; 1 ounceHoney; 2 cloveGarlic; 12 ouncePork Tenderloin; 4 teaspoonOlive Oil; boxSalt; boxPepper; 1 tablespoonButter
Honey-Glazed Pork Tenderloin,Milk,Calories 532kcal,Fat 18g,Saturated Fat 6g,Carbohydrate 46g,Sugar 14g,Dietary Fiber 8g,Protein 42g,Cholesterol 121mg,Sodium 363mg,24 ouncePork Tenderloin; 1 teaspoonDried Thyme; 2 unitChicken Stock Concentrate; 24 ounceSweet Potatoes; 12 ounceGreen Beans; 1 jarHoney; 2 cloveGarlic; 2 tablespoonButter; 8 teaspoonOlive Oil; unitSalt; unitPepper
Honey-Glazed Pork Tenderloin,Milk,Calories 530kcal,Fat 23g,Saturated Fat 7g,Carbohydrate 45g,Sugar 14g,Dietary Fiber 7g,Protein 39g,Cholesterol 110mg,Sodium 480mg,12 ounceYukon Gold Potatoes; 12 ouncePork Tenderloin; 2 cloveGarlic; 6 ounceGreen Beans; 1 teaspoonDried Thyme; 2 unitChicken Stock Concentrate; 1 tablespoonHoney; 4 teaspoonVegetable Oil; 1 tablespoonButter; Salt; Pepper
Honey-Glazed Pork Tenderloin,Milk,Calories 550kcal,Fat 23g,Saturated Fat 6g,Carbohydrate 50g,Sugar 16g,Dietary Fiber 8g,Protein 39g,Cholesterol 110mg,Sodium 550mg,2 unitSweet Potatoes; 12 ouncePork Tenderloin; 1 cloveGarlic; 6 ounceGreen Beans; 1 teaspoonDried Thyme; 2 unitChicken Stock Concentrate; 1 tablespoonHoney; 4 teaspoonVegetable Oil; 1 tablespoonButter; Salt; Pepper
Honey-Glazed Pork Tenderloin,Milk,Calories 540kcal,Fat 22g,Saturated Fat 7g,Carbohydrate 50g,Sugar 15g,Dietary Fiber 8g,Protein 40g,Cholesterol 110mg,Sodium 480mg,2 unitSweet Potatoes; 12 ouncePork Tenderloin; 1 cloveGarlic; 1/4 ounceThyme; 6 ounceGreen Beans; 2 unitChicken Stock Concentrate; 1/2 ounceHoney; 4 teaspoonVegetable Oil; 1 tablespoonButter; Salt; Pepper
Honey-Roasted Squash,Milk,Calories 484kcal,Fat 19g,,Carbohydrate 69g,,Dietary Fiber 9g,Protein 16g,,,1 unitAcorn Squash; 1/2 cupQuinoa; 4 ounceButton Mushrooms; 2 unitScallions; 1 ounceGolden Raisins; 1 sprigThyme; 1/4 cupFeta Cheese; 1 unitVeggie Stock Concentrate; 1 tablespoonHoney; 1 tablespoonWhite Wine Vinegar; 3 tablespoonOlive Oil; unitSalt; unitPepper
Hot Honey Barbecue Chicken Legs,Milk,Calories 900kcal,Fat 46g,Saturated Fat 13g,Carbohydrate 80g,Sugar 36g,Dietary Fiber 10g,Protein 36g,Cholesterol 215mg,Sodium 560mg,1 unitSweet Potatoes; 13.4 ounceCorn; 1 unitRoma Tomato; 1 unitShallot; 1 unitLime; 1 unitPoblano Pepper; 1/4 ounceCilantro; 16 ounceChicken Legs; 2 ounceBBQ Sauce; 3/4 ounceHot Honey; 2 teaspoonVegetable Oil; 1 tablespoonButter; Salt; Pepper
Hot Honey Brussels & Ricotta Flatbreads,Wheat; Sesame; Milk,Calories 760kcal,Fat 40g,Saturated Fat 15g,Carbohydrate 82g,Sugar 17g,Dietary Fiber 9g,Protein 27g,Cholesterol 65mg,Sodium 1130mg,2 unitFlatbreads; 4 ounceRicotta Cheese; 8 ounceBrussels Sprouts; 1 tablespoonItalian Seasoning; 3/4 ounceHot Honey; 1 unitLemon; 1/4 cupParmesan Cheese; 1/2 cupItalian Cheese Blend; Salt; Pepper; 5 teaspoonOlive Oil; 2 teaspoonVegetable Oil
Hot Honey Chicken,Wheat; Milk,Calories 670kcal,Fat 30g,Saturated Fat 11g,Carbohydrate 58g,Sugar 15g,Dietary Fiber 7g,Protein 42g,Cholesterol 155mg,Sodium 1210mg,12 ounceYukon Gold Potatoes; 1 tablespoonSweet and Smoky BBQ Seasoning; 1/2 cupPanko Breadcrumbs; 12 ounceChicken Breasts; 2 tablespoonSour Cream; 8 ounceBroccoli Florets; 3/4 ounceHot Honey; 4 teaspoonOlive Oil; 1 teaspoonVegetable Oil; 2 tablespoonButter; Salt; Pepper
Hot Honey Chicken,Wheat; Milk,Calories 630kcal,Fat 28g,Saturated Fat 12g,Carbohydrate 58g,Sugar 15g,Dietary Fiber 7g,Protein 36g,Cholesterol 145mg,Sodium 390mg,12 ounceYukon Gold Potatoes; 1 tablespoonSweet and Smoky BBQ Seasoning; 1/2 cupPanko Breadcrumbs; 10 ounceChicken Cutlets; 2 tablespoonSour Cream; 8 ounceBroccoli Florets; 3/4 ounceMike’s Hot Honey®; 1 tablespoonOlive Oil; 1 teaspoonVegetable Oil; 2 tablespoonButter; Salt; Pepper
Hot 'N' Hearty Chicken Pizzas,Wheat; Sesame; Milk,Calories 790kcal,Fat 30g,Saturated Fat 11g,Carbohydrate 80g,Sugar 15g,Dietary Fiber 7g,Protein 56g,Cholesterol 140mg,Sodium 1190mg,20 ounceChicken Breast Strips; 2 teaspoonItalian Seasoning; 2 unitZucchini; 2 unitShallot; 4 cloveGarlic; 4 unitFlatbreads; 27.52 ounceCrushed Tomatoes; 8 ounceFresh Mozzarella; 2 teaspoonChili Flakes; 8 teaspoonOlive Oil; Salt; Pepper
Hunan Cumin Beef Stir-Fry,Soy; Wheat,Calories 770kcal,Fat 31g,Saturated Fat 9g,Carbohydrate 88g,Sugar 9g,Dietary Fiber 6g,Protein 35g,Cholesterol 100mg,Sodium 400mg,10 ounceGround Beef; 1 thumbGinger; 2 cloveGarlic; 1 tablespoonSoy Sauce; 1 teaspoonSesame Oil; 1 teaspoonCumin Seeds; 1 teaspoonChili Flakes; 1/4 ounceCilantro; 1 unitYellow Onion; 8 ounceShredded Red Cabbage; 1 tablespoonSesame Seeds; 3/4 cupJasmine Rice; 1 unitLime; 1/2 unitSugar; unitSalt; unitPepper; 2 unitVegetable Oil
