Title,Allergens,Calories,Fat,Saturated Fat,Carbohydrate,Sugar,Dietary Fiber,Protein,Cholesterol,Sodium,Ingredients
Deconstructed Ratatouille,Soy; Wheat; Milk,Calories 636kcal,Fat 24g,Saturated Fat 5g,Carbohydrate 91g,Sugar 17g,Dietary Fiber 12g,Protein 16g,Cholesterol 9mg,Sodium 722mg,1 unitRed Onion; 1 unitYellow Bell Peppers; 4 ounceGrape Tomatoes; 1 tablespoonItalian Seasoning; 1 unitEggplant; 1 unitZucchini; 1/2 ounceBasil; 2 unitCiabatta Bread; 1/4 cupFeta Cheese; 2 cloveGarlic; 2 tablespoonBalsamic Vinegar; 3 tablespoonOlive Oil; unitSalt; unitPepper
Diced Pork Carnitas Tacos,Milk; Soy; Wheat,Calories 730kcal,Fat 32g,Saturated Fat 13g,Carbohydrate 58g,Sugar 14g,Dietary Fiber 6g,Protein 37g,Cholesterol 110mg,Sodium 1230mg,1 unitRed Onion; 1 unitPoblano Pepper; 1/4 ounceCilantro; 1 unitRoma Tomato; 1 unitLime; 5 teaspoonWhite Wine Vinegar; 8 ounceDiced Pork Tenderloin; 1 tablespoonFajita Spice Blend; 1 unitChicken Stock Concentrate; 1.5 ounceTomato Paste; 4 tablespoonSour Cream; 6 unitFlour Tortillas; 1/4 cupMonterey Jack Cheese; Salt; Pepper; 1 teaspoonSugar; 4 teaspoonOlive Oil
Dijon Pork Chops,,Calories 529kcal,Fat 22g,Saturated Fat 5g,Carbohydrate 40g,Sugar 5g,Dietary Fiber 7g,Protein 42g,,Sodium 468mg,12 ounceBoneless Pork Chops; 1 tablespoonDijon Mustard; 1/4 ounceThyme; 6 ounceAsparagus; 12 ounceRusset Potato; 1 unitChicken Stock Concentrate; 1 unitShallot; unitSalt; unitPepper; 4 teaspoonOlive Oil
Dim Sum Party Plate,Eggs; Milk; Soy; Wheat,Calories 1230kcal,Fat 84g,Saturated Fat 20g,Carbohydrate 81g,Sugar 11g,Dietary Fiber 7g,Protein 36g,Cholesterol 130mg,Sodium 970mg,1 thumbGinger; 2 cloveGarlic; 2 unitScallions; 2 tablespoonMayonnaise; 2 tablespoonSour Cream; 2 teaspoonSriracha; 1 tablespoonSesame Oil; 5 teaspoonWhite Wine Vinegar; 4 ounceShredded Carrots; 4 ounceShredded Red Cabbage; 10 ounceGround Pork; 2 tablespoonSoy Sauce; 1 packWonton Wrappers; 1/2 cupJasmine Rice; 6 ounceGreen Beans; 1 tablespoonSesame Seeds; 1/2 teaspoonSugar; 2 teaspoonVegetable Oil; 1 tablespoonButter; Salt; Pepper
DIY Pork Dumplings,Soy; Wheat,Calories 800kcal,Fat 39g,Saturated Fat 9g,Carbohydrate 80g,Sugar 15g,Dietary Fiber 4g,Protein 29g,Cholesterol 75mg,Sodium 1230mg,4 ounceShredded Carrots; 1 thumbGinger; 2 cloveGarlic; 2 unitScallions; 4 ounceShredded Red Cabbage; 2 tablespoonWhite Wine Vinegar; 8 ounceGround Pork; 1 tablespoonSesame Oil; 2 tablespoonSoy Sauce; 1 unitWonton Wrappers; 2 tablespoonVegetable Oil; 4 teaspoonSugar; unitSalt; unitPepper
Do the Dukkah Chicken,Tree Nuts; Milk,Calories 510kcal,Fat 16g,Saturated Fat 4g,Carbohydrate 47g,Sugar 12g,Dietary Fiber 9g,Protein 46g,Cholesterol 119mg,Sodium 263mg,12 ounceChicken Breasts; 12 ounceSweet Potatoes; 1 tablespoonDukkah; 1 unitLime; 6 ounceSugar Snap Peas; 4 tablespoonSour Cream; unitSalt; unitPepper; 1 tablespoonOlive Oil
Double Cheese & Pork Sausage Flatbreads,Wheat; Sesame; Milk,Calories 900kcal,Fat 50g,Saturated Fat 21g,Carbohydrate 71g,Sugar 9g,Dietary Fiber 5g,Protein 43g,Cholesterol 140mg,Sodium 1660mg,1 unitYellow Onion; 1 unitLong Green Pepper; 9 ounceItalian Pork Sausage; 1.5 ounceTomato Paste; 2 unitFlatbreads; 1/2 cupMozzarella Cheese; 1/4 cupMonterey Jack Cheese; 2 tablespoonButter; 1 teaspoonVegetable Oil; Salt; Pepper
Double Cheese & Pork Sausage Flatbreads,Wheat; Sesame; Milk,Calories 900kcal,Fat 51g,Saturated Fat 21g,Carbohydrate 71g,Sugar 9g,Dietary Fiber 5g,Protein 43g,Cholesterol 140mg,Sodium 1730mg,1 unitYellow Onion; 1 unitLong Green Pepper; 9 ounceItalian Pork Sausage; 1.5 ounceTomato Paste; 2 unitFlatbreads; 1/2 cupMozzarella Cheese; 1/4 cupMonterey Jack Cheese; 2 tablespoonButter; 1 teaspoonVegetable Oil; Salt; Pepper
Double Cheese Chicken Quesadillas,Soy; Wheat; Milk,Calories 670kcal,Fat 36g,Saturated Fat 16g,Carbohydrate 41g,Sugar 4g,,Protein 43g,Cholesterol 155mg,Sodium 1420mg,2 unitScallions; 9 ounceStandard Meatâ„¢ Cast-Iron Seared Chicken Breasts; 1 tablespoonSouthwest Spice Blend; 2 unitFlour Tortillas; 1/2 cupPepper Jack Cheese; 1/4 cupMonterey Jack Cheese; 1 teaspoonHot Sauce; 4 tablespoonSmoky Red Pepper Crema; Salt; Pepper; 1 teaspoonOlive Oil; 2 teaspoonVegetable Oil
Double Decker Cheddar Burgers,Eggs; Milk; Wheat,Calories 930kcal,Fat 53g,Saturated Fat 20g,Carbohydrate 99g,Sugar 14g,Dietary Fiber 7g,Protein 40g,Cholesterol 170mg,Sodium 1360mg,1 unitDill Pickle; 2 cloveGarlic; 1 unitRed Onion; 1 unitTomato; 18 ounceSweet Potatoes; 2 tablespoonFry Seasoning; 1 unitLime; 4 tablespoonMayonnaise; 6 tablespoonSour Cream; 2 teaspoonSriracha; 20 ounceGround Beef; 4 sliceCheddar Cheese; 4 unitBrioche Buns; Olive Oil; Sugar; Salt; Pepper
Drizzly Balsamic Fig Chicken,Milk,Calories 551kcal,Fat 18g,Saturated Fat 6g,Carbohydrate 57g,Sugar 19g,Dietary Fiber 10g,Protein 46g,Cholesterol 136mg,Sodium 364mg,12 ounceChicken Breasts; 1 unitShallot; 2 tablespoonBalsamic Vinegar; 1 unitChicken Stock Concentrate; 1 tablespoonFig Jam; 12 ounceSweet Potatoes; 1/4 ounceRosemary; 2 ounceArugula; 1 unitLemon; unitSalt; unitPepper; 4 teaspoonOlive Oil; 1 tablespoonButter
Duck a lâ€™Orange,Milk; Tree Nuts,Calories 770kcal,Fat 35g,Saturated Fat 17g,Carbohydrate 60g,Sugar 27g,Dietary Fiber 8g,Protein 33g,Cholesterol 185mg,Sodium 690mg,12 ounceYukon Gold Potatoes; 1/4 ounceThyme; 12 ounceDuck Breasts; 1 unitShallot; 5 teaspoonRed Wine Vinegar; 1 unitOrange; 2 tablespoonApricot Jam; 1 unitChicken Stock Concentrate; 2 tablespoonSour Cream; 2 teaspoonDijon Mustard; 2 ounceArugula; 1/2 ounceAlmonds; 1 teaspoonSugar; 2 teaspoonOlive Oil; 2 tablespoonButter; Salt; Pepper
Duck Breasts with Peppercorn Sauce,Tree Nuts; Milk,Calories 790kcal,Fat 45g,Saturated Fat 20g,Carbohydrate 52g,Sugar 11g,Dietary Fiber 10g,Protein 33g,Cholesterol 265mg,Sodium 660mg,12 ounceYukon Gold Potatoes; 1 unitShallot; 1 tablespoonTricolor Peppercorns; 1 unitLemon; 6 ounceAsparagus; 2 tablespoonSour Cream; 2 tablespoonTruffle Butter; 12 ounceDuck Breasts; 1 unitChicken Demi-Glace; 2 tablespoonOlive Oil; 1 tablespoonButter; Salt; Pepper
Dukkah-Crusted Chicken,Tree Nuts; Milk,Calories 510kcal,Fat 16g,Saturated Fat 4g,Carbohydrate 47g,Sugar 12g,Dietary Fiber 9g,Protein 46g,Cholesterol 120mg,Sodium 260mg,24 ounceChicken Breasts; 24 ounceSweet Potatoes; 2 tablespoonDukkah; 2 unitLime; 12 ounceSugar Snap Peas; 8 tablespoonSour Cream; 2 tablespoonOlive Oil; unitSalt; unitPepper
Dukkah-Crusted Chicken,Tree Nuts; Milk,Calories 510kcal,Fat 16g,Saturated Fat 4g,Carbohydrate 47g,Sugar 12g,Dietary Fiber 9g,Protein 46g,Cholesterol 119mg,Sodium 263mg,12 ounceChicken Breasts; 2 unitSweet Potatoes; 1 tablespoonDukkah; 1 unitLime; 6 ounceSugar Snap Peas; 4 tablespoonSour Cream; unitSalt; unitPepper; 1 tablespoonOlive Oil
Dukkah-Crusted Cod,Fish; Tree Nuts; Wheat; Milk,Calories 580kcal,Fat 23g,Saturated Fat 9g,Carbohydrate 60g,Sugar 16g,Dietary Fiber 10g,Protein 38g,Cholesterol 110mg,Sodium 410mg,12 ounceCod Fillets; 2 tablespoonDukkah; 1/2 cupCouscous; 1 unitRoma Tomato; 8 ounceBrussels Sprouts; 1/4 ounceParsley; 1 unitLemon; 1 unitVeggie Stock Concentrate; 1 ounceDried Cranberries; 1 unitOlive Oil; 2 unitButter; unitSalt; unitPepper
Dukkah-Crusted Pork Chops,Tree Nuts; Milk,Calories 594kcal,Fat 31g,Saturated Fat 10g,Carbohydrate 37g,Sugar 5g,Dietary Fiber 8g,Protein 45g,Cholesterol 134mg,Sodium 156mg,2 cloveGarlic; 1/4 ounceParsley; 1/4 ounceMint; 1 unitLemon; 12 ounceYukon Gold Potatoes; 12 ounceBoneless Pork Chops; 3 tablespoonDukkah; 4 tablespoonSour Cream; 2 ounceArugula; 1/2 tablespoonButter; 2 tablespoonOlive Oil; unitSalt; unitPepper
Dukkah-Roasted Chicken,Tree Nuts; Milk,Calories 510kcal,Fat 16g,Saturated Fat 4g,Carbohydrate 47g,Sugar 12g,Dietary Fiber 9g,Protein 46g,,Sodium 263mg,24 ounceChicken Breasts; 24 ounceSweet Potatoes; 2 tablespoonDukkah; 2 unitLime; 12 ounceSugar Snap Peas; 8 ounceSour Cream; 2 boxOlive Oil; boxSalt; boxPepper
