Title,Allergens,Calories,Fat,Saturated Fat,Carbohydrate,Sugar,Dietary Fiber,Protein,Cholesterol,Sodium,Ingredients
Nacho-Inspired Crispy Crust Chicken,Wheat; Milk,Calories 740kcal,Fat 32g,Saturated Fat 15g,Carbohydrate 72g,Sugar 6g,Dietary Fiber 4g,Protein 39g,Cholesterol 165mg,Sodium 320mg,1 unitGreen Bell Pepper; 1 tablespoonSouthwest Spice Blend; 10 ounceChicken Cutlets; 1/2 cupPanko Breadcrumbs; 1/4 cupMonterey Jack Cheese; 4 tablespoonSour Cream; 1/2 cupJasmine Rice; 1 unitLime; 1 unitRoma Tomato; 2 unitScallions; 2 teaspoonVegetable Oil; 2 tablespoonButter; Salt; Pepper
New York Strip Steak in a Mushroom Sauce,Milk,Calories 1190kcal,Fat 87g,Saturated Fat 33g,Carbohydrate 65g,Sugar 16g,Dietary Fiber 10g,Protein 52g,Cholesterol 220mg,Sodium 780mg,1 unitYellow Onion; 2 cloveGarlic; 8 ounceCarrot; 4 ounceButton Mushrooms; 16 ounceYukon Gold Potatoes; 1/4 ounceParsley; 6 tablespoonSour Cream; 12 ounceNew York Strip Steak; 1 unitBeef Demi-Glace; 1 teaspoonDijon Mustard; 2 tablespoonVegetable Oil; 2 tablespoonButter; Salt; Pepper
New York Strip Steak With Balsamic Reduction,Milk,Calories 750kcal,Fat 44g,Saturated Fat 19g,Carbohydrate 50g,Sugar 12g,Dietary Fiber 8g,Protein 41g,Cholesterol 130mg,Sodium 690mg,1 unitBeef Stock Concentrate; 6 ounceGreen Beans; 1 unitShallot; 1/4 ounceChives; 10 ounceNew York Strip Steak; 1/2 cupPolenta; 1/4 cupParmesan Cheese; 4 ounceGrape Tomatoes; 2 tablespoonBalsamic Glaze; 1 tablespoonVegetable Oil; 1.5 tablespoonButter; Salt; Pepper
New York Strip Steak,Tree Nuts; Milk,Calories 810kcal,Fat 48g,Saturated Fat 17g,Carbohydrate 58g,Sugar 11g,Dietary Fiber 10g,Protein 40g,Cholesterol 150mg,Sodium 420mg,16 ounceYukon Gold Potatoes; 6 ounceGreen Beans; 1 ounceAlmonds; 1 unitShallot; 4 tablespoonSour Cream; 1 unitBeef Demi-Glace; 1 tablespoonTricolor Peppercorns; 1/4 ounceParsley; 1 unitTruffle Zest; 10 ounceNew York Strip Steak; 1 teaspoonOlive Oil; 1 tablespoonButter; 2 teaspoonVegetable Oil; unitSalt; unitPepper
New York Strip Steaks in a Cherry Sauce,Milk,Calories 1090kcal,Fat 78g,Saturated Fat 32g,Carbohydrate 55g,Sugar 22g,Dietary Fiber 8g,Protein 57g,Cholesterol 205mg,Sodium 690mg,1/4 ounceChives; 24 ounceYukon Gold Potatoes; 2 cloveGarlic; 1 cupGruyère Cheese; 1/4 cupParmesan Cheese; 1/2 cupMilk; 16 ounceCarrot; 1 unitRed Onion; 1 ounceDried Cherries; 24 ounceNew York Strip Steak; 1 unitBeef Stock Concentrate; 5 teaspoonBalsamic Vinegar; 2 tablespoonCherry Jam; 3 tablespoonButter; 2 teaspoonVegetable Oil; 1 tablespoonOlive Oil; Salt; Pepper
Nir’s Lamb-Stuffed Zucchini,,Calories 634kcal,Fat 23g,Saturated Fat 10g,Carbohydrate 76g,Sugar 19g,Dietary Fiber 28g,Protein 40g,,Sodium 354mg,8 ounceGround Lamb; 16 ounceZucchini; 1 teaspoonCumin; 1 teaspoonRas el Hanout; 6 ounceCarrots; 1 unitRed Onion; 1 thumbGinger; 6 ounceTomato Paste; 2 cloveGarlic; 1/4 ounceCilantro; 1/2 cupLentils; 4 ouncePeas; 1 unitVeggie Stock Concentrate; 1 unitLemon; 1 teaspoonTurmeric; 2 teaspoonOlive Oil; unitSalt; unitPepper
No-Brainer Grain Salad,Wheat; Tree Nuts; Milk,Calories 570kcal,Fat 23g,Saturated Fat 4g,Carbohydrate 83g,Sugar 23g,Dietary Fiber 12g,Protein 21g,Cholesterol 15mg,Sodium 620mg,1 unitVeggie Stock Concentrate; 3/4 cupFarro; 1 unitRed Onion; 8 ounceButternut Squash; 1 unitLemon; 1 ounceAlmonds; 1 ounceDried Cranberries; 2 ounceArugula; 2 ounceRicotta Salata Cheese; 6.5 teaspoonOlive Oil; Salt; Pepper
NY Strip Steak with Balsamic Reduction,Milk; Tree Nuts,Calories 740kcal,Fat 43g,Saturated Fat 18g,Carbohydrate 46g,Sugar 12g,Dietary Fiber 7g,Protein 41g,Cholesterol 150mg,Sodium 680mg,10 ounceNew York Strip Steak; 4 ounceGrape Tomatoes; 1/4 cupParmesan Cheese; 2 tablespoonBalsamic Glaze; 1/4 ounceChives; 1 unitShallot; 6 ounceGreen Beans; 1/2 cupPolenta; 1 unitBeef Stock Concentrate; 2 unitBaci Chocolates; 1 tablespoonVegetable Oil; 1.5 tablespoonButter; unitSalt; unitPepper
NYC Street Cart Steak Bowls,Milk,Calories 780kcal,Fat 45g,Saturated Fat 20g,Carbohydrate 66g,Sugar 10g,Dietary Fiber 6g,Protein 31g,Cholesterol 135mg,Sodium 360mg,1 unitRed Onion; 1 unitRoma Tomato; 1 unitBell Pepper; 1 unitLemon; 1 tablespoonShawarma Spice Blend; 1/2 cupBasmati Rice; 9 ounceMiddle Eastern Sirloin; 4 tablespoonSour Cream; 1 cloveGarlic; 1 teaspoonHot Sauce; 1 tablespoonOlive Oil; 2 tablespoonButter; Salt; Pepper; 1/2 teaspoonSugar
