Title,Allergens,Calories,Fat,Saturated Fat,Carbohydrate,Sugar,Dietary Fiber,Protein,Cholesterol,Sodium,Ingredients
Fajita Chicken Tenders Over Yellow Rice,Milk,Calories 520kcal,Fat 14g,Saturated Fat4.5 g,Carbohydrate 51g,Sugar 6g,Dietary Fiber 4g,Protein 44g,Cholesterol 140mg,Sodium 270mg,1 unitYellow Onion; 1/4 ounceCilantro; 2 cloveGarlic; 8 tablespoonSour Cream; 1 cupJasmine Rice; 1 unitChicken Stock Concentrate; 1 teaspoonTurmeric; 1 unitLime; 24 ounceChicken Tenders; 12 ounceMini Bell Peppers; 1 tablespoonFajita Spice Blend; 1 tablespoonOlive Oil; unitSalt; unitPepper
Family-Style Peking Duck Wraps,Soy; Wheat,Calories 1040kcal,Fat 43g,Saturated Fat 12g,Carbohydrate 109g,Sugar 29g,Dietary Fiber 5g,Protein 38g,Cholesterol 180mg,Sodium 2290mg,2 cloveGarlic; 1 thumbGinger; 2 tablespoonSoy Sauce; 12 ounceDuck Breasts; 1 unitPersian Cucumber; 2 unitScallions; 4 tablespoonHoisin Sauce; 5 teaspoonWhite Wine Vinegar; 1 tablespoonSesame Oil; 4 ounceShredded Red Cabbage; 4 ounceShredded Carrots; 1/2 cupJasmine Rice; 6 unitFlour Tortillas; 1 tablespoonVegetable Oil; 1 teaspoonSugar; Salt; Pepper
"Farro, Kale & Sweet Potato Power Bowls",Wheat; Eggs; Milk,Calories 710kcal,Fat 39g,Saturated Fat 13g,Carbohydrate 83g,Sugar 16g,Dietary Fiber 14g,Protein 16g,Cholesterol 45mg,Sodium 420mg,3/4 cupFarro; 1 unitSweet Potatoes; 4 ounceKale; 4 ounceShredded Red Cabbage; 2 tablespoonMayonnaise; 1 tablespoonHarissa Powder; 1/2 ouncePepitas; 1 unitVeggie Stock Concentrate; 1 tablespoonFry Seasoning; 1 unitLemon; 2 cloveGarlic; 2 tablespoonSour Cream; 1 unitApple; 4 teaspoonOlive Oil; 1 teaspoonSugar; 2 tablespoonButter; Salt; Pepper
Fattoush Salad,Wheat; Milk; Sesame,Calories 817kcal,Fat 35g,Saturated Fat 7g,Carbohydrate 90g,Sugar 8g,Dietary Fiber 21g,Protein 30g,Cholesterol 17mg,Sodium 914mg,2 unitWhole Wheat Pitas; 1 boxChickpeas; 1/2 cupFeta Cheese; 1 unitMixed Olives; 2 unitPersian Cucumber; 4 ounceGrape Tomatoes; 1 unitShallot; 1 teaspoonCumin; 1 teaspoonZa'atar Spice; 2 tablespoonWhite Wine Vinegar; 2 cloveGarlic; 1/4 ounceParsley; 3 tablespoonOlive Oil; unitSalt; unitPepper
Feel-Good Freekeh Salad,Wheat; Milk,Calories 704kcal,Fat 29g,Saturated Fat 8g,Carbohydrate 97g,Sugar 20g,Dietary Fiber 23g,Protein 27g,Cholesterol 28mg,Sodium 379mg,8 ounceBrussels Sprouts; 1 unitFuji Apple; 8 ounceButternut Squash; 1 unitLemon; 1 unitShallot; 3/4 cupCracked Freekeh; 1/2 cupParmesan Cheese; 8 teaspoonOlive Oil; unitSalt; unitPepper
Feisty Fiesta Fish Tacos,Fish,Calories 659kcal,Fat 23g,Saturated Fat 3g,Carbohydrate 68g,Sugar 14g,Dietary Fiber 11g,Protein 53g,,Sodium 657mg,12 ounceTilapia; 6 unitCorn Tortillas; 1 unitGrapefruit; 4 ounceShredded Red Cabbage; 1 unitAvocado; 1 unitShallot; 1 teaspoonCumin; 1/4 ounceCilantro; unitSalt; unitPepper; 1 tablespoonOlive Oil
Feisty Frijole Tostadas,Wheat; Milk,Calories 820kcal,Fat 32g,Saturated Fat 9g,Carbohydrate 101g,Sugar 20g,Dietary Fiber 28g,Protein 28g,Cholesterol 15mg,Sodium 780mg,1 unitPlantain; 1 boxBlack Beans; 3 unitRadishes; 1 unitRed Onion; 1 unitAvocado; 1 unitLime; 1 teaspoonCumin; 4 unitFlour Tortilla; 1 teaspoonHoney; 1/4 ounceCilantro; 1/2 cupFeta Cheese; 4 teaspoonVegetable Oil; Salt; Pepper
Feisty Shrimp Linguine,Shellfish; Wheat,Calories 540kcal,Fat 7g,Saturated Fat 1g,Carbohydrate 84g,Sugar 12g,Dietary Fiber 7g,Protein 36g,Cholesterol 211mg,Sodium 440mg,10 ounceShrimp; 6 ounceLinguine; 2 cloveGarlic; 1 unitYellow Onion; 1/4 ounceOregano; 1 canDiced Tomatoes; 1 teaspoonChili Flakes; 1 teaspoonOlive Oil; 1/2 teaspoonSugar; unitSalt; unitPepper
Fiery Pork Fajitas,Wheat; Soy,Calories 656kcal,Fat 31g,Saturated Fat 8g,Carbohydrate 53g,Sugar 8g,Dietary Fiber 12g,Protein 47g,,Sodium 438mg,4 unitFlour Spinach Tortillas; 12 ounceBoneless Pork Chops; 1 unitAvocado; 1 unitRed Bell Pepper; 1/4 ounceCilantro; 1 unitRed Onion; 1 unitChili Pepper; 1 teaspoonSouthwest Spice Blend; 1 unitLemon; 2 teaspoonOlive Oil; boxSalt; boxPepper
Fiesta Chicken Tacos,Milk; Soy; Wheat,Calories 650kcal,Fat 27g,Saturated Fat 10g,Carbohydrate 67g,Sugar 18g,Dietary Fiber 6g,Protein 32g,Cholesterol 145mg,Sodium 1030mg,2 unitLime; 1 unitJalapeño; 4 ounceShredded Red Cabbage; 1 unitApple; 2 unitScallions; 10 ounceChicken Breast Strips; 1 tablespoonSouthwest Spice Blend; 6 tablespoonSour Cream; 6 unitFlour Tortillas; 1/4 ounceCilantro; 1 tablespoonOlive Oil; 1 teaspoonSugar; Salt; Pepper
Fig & Brie Flatbread with Thyme-Caramelized Onions and Balsamic-Arugula Salad,Wheat; Milk,Calories 648kcal,Fat 25g,Saturated Fat 11g,Carbohydrate 76g,Sugar 11g,Dietary Fiber 12g,Protein 23g,,Sodium 868mg,1 tablespoonFig Jam; 10 ouncePizza Dough; 2 ounceArugula; 2 tablespoonBalsamic Vinegar; 1 unitYellow Onion; 4 ounceBrie; 1/4 ounceThyme; 2 teaspoonOlive Oil
Fig & Brie Grilled Cheese,Wheat; Milk,Calories 639kcal,Fat 36g,,Carbohydrate 61g,,Dietary Fiber 7g,Protein 20g,,Sodium 767mg,4 sliceWhole Wheat Bread; 4 ounceBrie; 2 teaspoonFig Jam; 2 ounceArugula; 4 ounceButton Mushrooms; 1 tablespoonBalsamic Vinegar; 1/4 ounceRosemary; 1 tablespoonButter; 4 teaspoonOlive Oil
Fig and Quinoa Salad,Tree Nuts; Milk,Calories 637kcal,Fat 25g,Saturated Fat 4g,Carbohydrate 87g,Sugar 38g,Dietary Fiber 13g,Protein 18g,Cholesterol 9mg,Sodium 358mg,3/4 cupRed Quinoa; 1 unitVeggie Stock Concentrate; 1/2 ounceMint; 1 ounceAlmonds; 1/2 cupFeta Cheese; 2 ounceArugula; 1 unitShallot; 2 tablespoonSherry Vinegar; 1 jarHoney; 3 ounceDried Figs; 2 tablespoonOlive Oil; unitSalt; unitPepper
Fig Jam-Bouree Pork Cutlets,Milk,Calories 660kcal,Fat 35g,Saturated Fat 14g,Carbohydrate 48g,Sugar 19g,Dietary Fiber 5g,Protein 39g,Cholesterol 140mg,Sodium 390mg,12 ounceYukon Gold Potatoes; 1 unitZucchini; 2 tablespoonSour Cream; 1 teaspoonItalian Seasoning; 12 ouncePork Cutlets; 1 unitChicken Stock Concentrate; 2 tablespoonFig Jam; 5 teaspoonBalsamic Vinegar; Salt; Pepper; 4 teaspoonVegetable Oil; 2 tablespoonButter
Figgy Balsamic Chicken Legs,Tree Nuts; Eggs; Milk,Calories 970kcal,Fat 61g,Saturated Fat 21g,Carbohydrate 62g,Sugar 28g,Dietary Fiber 7g,Protein 40g,Cholesterol 255mg,Sodium 490mg,32 ounceChicken Legs; 24 ounceYukon Gold Potatoes; 1 unitShallot; 1 ounceHoney Sesame Pecans; 8 ounceBroccoli Slaw; 1 ounceDried Cranberries; 2 tablespoonMayonnaise; 8 tablespoonSour Cream; 4 packLemon Juice; 4 tablespoonFig Jam; 2.5 tablespoonBalsamic Vinegar; 1 unitChicken Stock Concentrate; 1/4 cupMilk; 2 teaspoonVegetable Oil; 4 tablespoonButter; Salt; Pepper
Figgy Balsamic Pork,Milk,Calories 570kcal,Fat 22g,Saturated Fat 7g,Carbohydrate 56g,Sugar 20g,Dietary Fiber 8g,Protein 36g,Cholesterol 130mg,Sodium 310mg,1 unitShallot; 1/4 ounceRosemary; 12 ounceYukon Gold Potatoes; 12 ouncePork Tenderloin; 2 ounceMixed Greens; 1 unitLemon; 1 unitChicken Stock Concentrate; 5 teaspoonBalsamic Vinegar; 2 tablespoonFig Jam; 4 teaspoonOlive Oil; Salt; Pepper; 1 tablespoonButter
Figgy Balsamic Pork,Milk,Calories 630kcal,Fat 22g,Saturated Fat 8g,Carbohydrate 65g,Sugar 26g,Dietary Fiber 10g,Protein 37g,Cholesterol 130mg,Sodium 420mg,12 ounceYukon Gold Potatoes; 1/4 ounceThyme; 1 unitShallot; 12 ouncePork Tenderloin; 12 ounceCarrots; 1 unitChicken Stock Concentrate; 5 teaspoonBalsamic Vinegar; 2 tablespoonFig Jam; 1 tablespoonOlive Oil; 1 tablespoonButter; Salt; Pepper; 1 teaspoonVegetable Oil
Figgy Balsamic Pork,Milk,Calories 580kcal,Fat 22g,Saturated Fat 7g,Carbohydrate 55g,Sugar 20g,Dietary Fiber 8g,Protein 37g,Cholesterol 130mg,Sodium 310mg,1 unitShallot; 1/4 ounceRosemary; 12 ounceYukon Gold Potatoes; 12 ouncePork Tenderloin; 6 ounceGreen Beans; 2 tablespoonFig Jam; 1 unitChicken Stock Concentrate; 5 teaspoonBalsamic Vinegar; 4 teaspoonOlive Oil; 1 tablespoonButter; Salt; Pepper
Figgy Balsamic Pork,Milk,Calories 550kcal,Fat 22g,Saturated Fat 8g,Carbohydrate 48g,Sugar 15g,Dietary Fiber 7g,Protein 37g,Cholesterol 130mg,Sodium 310mg,1 unitShallot; 1/4 ounceRosemary; 12 ounceFingerling Potatoes; 12 ouncePork Tenderloin; 6 ounceGreen Beans; 2 tablespoonFig Jam; 1 unitChicken Stock Concentrate; 5 teaspoonBalsamic Vinegar; 4 teaspoonOlive Oil; 1 tablespoonButter; Salt; Pepper
Figgy Pork Tenderloin,Milk,Calories 550kcal,Fat 24g,Saturated Fat 8g,Carbohydrate 48g,Sugar 15g,Dietary Fiber 8g,Protein 40g,Cholesterol 120mg,Sodium 310mg,2 unitShallot; 1/4 ounceRosemary; 24 ounceYukon Gold Potatoes; 24 ouncePork Tenderloin; 2 tablespoonFig Jam; 2 unitChicken Stock Concentrate; 10 teaspoonBalsamic Vinegar; 12 ounceGreen Beans; 7 teaspoonOlive Oil; 3 tablespoonButter; Salt; Pepper
Fire “Works” Bacon Burgers,Wheat; Eggs; Milk,Calories 1510kcal,Fat 104g,Saturated Fat 32g,Carbohydrate 92g,Sugar 22g,Dietary Fiber 7g,Protein 52g,Cholesterol 225mg,Sodium 1710mg,12 ounceYukon Gold Potatoes; 1 tablespoonFry Seasoning; 1 unitRed Onion; 1 unitRoma Tomato; 1 unitLime; 2 unitBrioche Buns; 4 ounceBacon; 1 tablespoonBrown Sugar; 1 teaspoonChipotle Powder; 4 tablespoonMayonnaise; 2 tablespoonKetchup; 1 teaspoonMustard Seeds; 10 ounceGround Beef; 1/2 cupPepper Jack Cheese; 2 ounceMixed Greens; 1/2 ouncePepitas; 4 teaspoonOlive Oil; 2 teaspoonVegetable Oil; Salt; Pepper
Firecracker Meatballs,Eggs; Soy; Milk; Wheat,Calories 860kcal,Fat 46g,Saturated Fat 14g,Carbohydrate 80g,Sugar 17g,Dietary Fiber 6g,Protein 31g,Cholesterol 120mg,Sodium 1760mg,12 ounceCarrots; 2 unitScallions; 1 thumbGinger; 2 tablespoonMayonnaise; 2 tablespoonSour Cream; 2 teaspoonHoney; 2 tablespoonSoy Sauce; 1 teaspoonSriracha; 1/2 cupJasmine Rice; 10 ounceGround Beef; 1/4 cupPanko Breadcrumbs; 1 teaspoonKorean Chili Flakes; 1 tablespoonSesame Seeds; Salt; Pepper; 1 tablespoonVegetable Oil
Firecracker Meatballs,Eggs; Milk; Soy; Wheat,Calories 780kcal,Fat 44g,Saturated Fat 14g,Carbohydrate 63g,Sugar 13g,Dietary Fiber 3g,Protein 33g,Cholesterol 125mg,Sodium 1510mg,2 unitScallions; 1 thumbGinger; 2 tablespoonMayonnaise; 2 tablespoonSour Cream; 2 teaspoonHoney; 2 tablespoonSoy Sauce; 1 teaspoonSriracha; 1 tablespoonSesame Seeds; 1/2 cupJasmine Rice; 10 ounceGround Beef; 1/4 cupPanko Breadcrumbs; 6 ounceGreen Beans; 1 teaspoonKorean Chili Flakes; Salt; Pepper; 1 tablespoonVegetable Oil
Firehouse Cheeseburgers,Milk; Eggs; Soy; Wheat,Calories 1010kcal,Fat 60g,Saturated Fat 22g,Carbohydrate 79g,Sugar 9g,Dietary Fiber 6g,Protein 39g,Cholesterol 135mg,Sodium 1380mg,12 ounceYukon Gold Potatoes; 1 teaspoonGarlic Powder; 2 tablespoonSour Cream; 1.5 ounceRanch Dressing; 7.2 gFrank's RedHot® Original Seasoning Blend; 1 teaspoonHot Sauce; 10 ounceGround Beef; 1/4 cupMonterey Jack Cheese; 2 unitPotato Buns; 1 unitCrispy Fried Onions; Salt; Pepper; 4 teaspoonOlive Oil
Fish and Chips,Fish; Wheat; Milk; Eggs,Calories 700kcal,Fat 37g,Saturated Fat 7g,Carbohydrate 69g,Sugar 7g,Dietary Fiber 9g,Protein 38g,Cholesterol 95mg,Sodium 1030mg,12 ounceYukon Gold Potatoes; 1 unitLemon; 1 unitDill Pickle; 1 unitZucchini; 1 tablespoonFry Seasoning; 11 ounceTilapia; 1/2 cupFlour; 1 teaspoonBaking Powder; 2 tablespoonCornstarch; 2 tablespoonSour Cream; 2 tablespoonMayonnaise; 8 teaspoonVegetable Oil; Salt; Pepper
Fisherman's Shrimp Cioppino,Soy; Wheat; Fish; Shellfish; Milk,Calories 700kcal,Fat 30g,Saturated Fat 12g,Carbohydrate 56g,Sugar 22g,Dietary Fiber 11g,Protein 30g,Cholesterol 260mg,Sodium 2350mg,1 unitRed Onion; 1 unitCarrots; 1 unitLemon; 3 unitCelery; 1 unitApple; 1/4 ounceParsley; 2 cloveGarlic; 14 ounceDiced Tomatoes; 1 unitCiabatta Bread; 1 teaspoonChili Flakes; 1 unitSeafood Stock Concentrate; 1 tablespoonItalian Seasoning; 10 ounceShrimp; 1/4 cupParmesan Cheese; 2 ounceMixed Greens; 1 teaspoonVegetable Oil; 1 tablespoonOlive Oil; 2 tablespoonButter; 1/4 teaspoonSugar; Salt; Pepper
Flaky Tempura Tilapia,Fish; Eggs; Milk; Wheat,Calories 930kcal,Fat 49g,Saturated Fat 11g,Carbohydrate 81g,Sugar 9g,Dietary Fiber 3g,Protein 37g,Cholesterol 95mg,Sodium 1280mg,1 thumbGinger; 1/2 cupJasmine Rice; 11 ounceRegal Springs Tilapia; 1 unitLime; 2 tablespoonMayonnaise; 2 tablespoonSour Cream; 2 teaspoonSriracha; 1 tablespoonSesame Oil; 2 ounceMixed Greens; 4 ounceShredded Carrots; 82 gTempura Mix; 1/2 teaspoonSugar; 1 teaspoonOlive Oil; Vegetable Oil; 1 tablespoonButter; Salt; Pepper
Flatbread Fattoush Salad,Wheat; Sesame; Milk,Calories 780kcal,Fat 34g,Saturated Fat 6g,Carbohydrate 84g,Sugar 7g,Dietary Fiber 17g,Protein 29g,Cholesterol 15mg,Sodium 1030mg,2 unitFlatbreads; 1 boxChickpeas; 1/2 cupFeta Cheese; 1 unitGreen Olives; 2 unitPersian Cucumber; 4 ounceGrape Tomatoes; 1 unitShallot; 1 teaspoonCumin; 2 teaspoonZa'atar Spice; 2 tablespoonWhite Wine Vinegar; 2 cloveGarlic; 8 teaspoonOlive Oil; unitSalt; unitPepper
Florentine Stuffed Portobellos,Milk; Wheat,Calories 641kcal,Fat 32g,,Carbohydrate 75g,,Dietary Fiber 10g,Protein 22g,,,2 unitPortobello Mushrooms; 8 ounceSpinach; 1 ounceSun-Dried Tomatoes; 1 cupSour Cream; 1 sprigThyme; 1 bunchBasil; 1 cupParmesan Cheese; 1 cupPanko Breadcrumbs; 1 cupBasmati Rice; 1 unitVeggie Stock Concentrate; 2 unitRoma Tomato; 3 tablespoonOlive Oil; unitSalt; unitBlack Pepper
Four Bean Chili simmered with Turkey,Milk; Soy,Calories 300kcal,Fat 8g,Saturated Fat3.5 g,Carbohydrate 43g,Sugar 5g,Dietary Fiber 1g,Protein 12g,Cholesterol 15mg,Sodium 860mg,"Ingredients/ serving 1 people1 unitHeat and Eat, Turkey Chilli; 1 unitHeat and Eat, Turkey Chilli"
Freekeh & Brussels Sprouts Salad,Wheat; Tree Nuts; Milk,Calories 758kcal,Fat 33g,,Carbohydrate 95g,,Dietary Fiber 22g,Protein 26g,,Sodium 208mg,3/4 cupCracked Freekeh; 8 ounceBrussels Sprouts; 1 unitApple; 1 ounceWalnuts; 1 teaspoonHoney; 1 unitLemon; 1/4 cupParmesan Cheese; 1 unitShallot; 2.33 tablespoonOlive Oil
Freekeh and Lentil Jumble,Wheat; Tree Nuts,Calories 710kcal,Fat 26g,Saturated Fat 3g,Carbohydrate 96g,Sugar 21g,Dietary Fiber 33g,Protein 28g,,Sodium 50mg,1/2 cupLentils; 1/2 cupFreekeh; 1 unitEggplant; 4 teaspoonHoney; 1 unitLemon; 1/4 ounceCilantro; 1 ounceShelled Pistachios; 1 unitRoma Tomato; 1 unitRed Onion; 1 teaspoonSumac; 1 ounceTahini; 4 teaspoonOlive Oil; Salt; Pepper
Freekeh Feast Bowl,Wheat; Tree Nuts; Sesame; Milk,Calories 630kcal,Fat 44g,Saturated Fat 8g,Carbohydrate 65g,Sugar 14g,Dietary Fiber 16g,Protein 24g,Cholesterol 25mg,Sodium 430mg,3 unitCarrots; 1 unitBell Pepper; 1 unitShallot; 1/4 ounceParsley; 1 unitLemon; 2 teaspoonHarissa Powder; 1/2 cupFreekeh; 1 ouncePistachios; 1 teaspoonZa'atar Spice; 4 ounceYogurt; 1/2 cupFeta Cheese; 8 teaspoonOlive Oil; 0.13 teaspoonSugar; Salt; Pepper
Freekeh Power Bowl,Wheat; Tree Nuts; Milk,Calories 790kcal,Fat 38g,Saturated Fat 9g,Carbohydrate 96g,Sugar 17g,Dietary Fiber 23g,Protein 29g,Cholesterol 30mg,Sodium 380mg,3/4 cupFreekeh; 8 ounceBrussels Sprouts; 8 ounceButternut Squash; 1 ounceWalnuts; 1 unitShallot; 1 unitLemon; 1 unitApple; 1/2 cupParmesan Cheese; 8 teaspoonOlive Oil; Salt; Pepper
Freekeh Soup,Wheat,Calories 733kcal,Fat 15g,Saturated Fat 1g,Carbohydrate 116g,Sugar 9g,Dietary Fiber 31g,Protein 32g,,Sodium 614mg,3/4 cupCracked Freekeh; 8 ounceKale; 1 unitYellow Onion; 6 ounceSweet Potatoes; 1 teaspoonCurry Powder; 1 teaspoonTunisian Spice Blend; 1 boxChickpeas; 2 unitVeggie Stock Concentrate; unitSalt; unitPepper; 1 tablespoonOlive Oil
"Fregola Sarda & Sweet Italian Sausage with Mushrooms, Wilted Spinach, and Parmesan",Wheat; Milk,Calories 787kcal,Fat 45g,Saturated Fat 14g,Carbohydrate 59g,Sugar 7g,Dietary Fiber 8g,Protein 39g,,Sodium 1093mg,9 ounceSweet Italian Pork Sausage; 3/4 cupIsraeli Couscous; 1 unitYellow Onion; 2 cloveGarlic; 4 ounceButton Mushrooms; 5 ounceSpinach; 1/4 ounceOregano; 1 ounceParmesan Cheese; 1 unitChicken Stock Concentrate; 2 tablespoonOlive Oil
Fregula Sarda & Sweet Italian Sausage,Wheat; Milk,Calories 650kcal,Fat 48g,,Carbohydrate 21g,,Dietary Fiber 4g,Protein 38g,,,3/4 cupFregula Sarda; 9 ounceSweet Italian Pork Sausage; 4 ounceMushrooms; 1 sprigThyme; 1 unitVeggie Stock Concentrate; 1 unitYellow Onion; 2 cloveGarlic; 1/4 cupParmesan Cheese; 5 ounceSpinach; 2 tablespoonOlive Oil; unitSalt; unitPepper
French Dip Beef Sandwiches,Soy; Wheat; Milk,Calories 800kcal,Fat 45g,Saturated Fat 20g,Carbohydrate 59g,Sugar 7g,Dietary Fiber 6g,Protein 42g,Cholesterol 150mg,Sodium 1150mg,1 unitYellow Onion; 1 tablespoonBold & Savory Steak Spice; 10 ounceBeef Stir-Fry; 1 unitBeef Stock Concentrate; 2 unitDemi-Baguette; 1/2 cupItalian Cheese Blend; 1 unitLemon; 2 ounceMixed Greens; 1 teaspoonVegetable Oil; 2 tablespoonButter; 2 teaspoonOlive Oil; Salt; Pepper
"French Lentil Salad with Brussels Sprouts, Honey-Roasted Sweet Potatoes, and Feta",Milk,Calories 744kcal,Fat 32g,Saturated Fat 8g,Carbohydrate 91g,Sugar 26g,Dietary Fiber 17g,Protein 29g,,Sodium 659mg,1 canLentils; 12 ounceSweet Potatoes; 1 unitRed Onion; 1 ouncePepitas; 2 ounceFeta Cheese; 8 ounceBrussels Sprouts; 2 tablespoonBalsamic Vinegar; 1 teaspoonHoney; 1 unitVeggie Stock Concentrate; 1 teaspoonItalian Seasoning; 8 teaspoonOlive Oil
French Onion & Kale Soup with Gruyere Croutons,Soy; Wheat; Milk,Calories 515kcal,Fat 25g,Saturated Fat 16g,Carbohydrate 52g,Sugar 9g,Dietary Fiber 6g,Protein 24g,,Sodium 1358mg,4 ounceTuscan Kale; 2 unitYellow Onion; 2 unitVeggie Stock Concentrate; 3 teaspoonSoy Sauce; 1/4 ounceThyme; 1 unitDemi-Baguette; 2 cloveGarlic; 4 ounceGruyère Cheese; 1 teaspoonSugar; 1 tablespoonButter
French Onion Burgers,Milk; Wheat,Calories 870kcal,Fat 51g,Saturated Fat 23g,Carbohydrate 56g,Sugar 13g,Dietary Fiber 5g,Protein 44g,Cholesterol 175mg,Sodium 1250mg,1 unitYellow Onion; 4 ounceKale; 1/4 ounceThyme; 1 unitBeef Stock Concentrate; 1/2 cupGruyère Cheese; 1 tablespoonFlour; 1/2 cupMilk; 0.13 teaspoonNutmeg; 10 ounceGround Beef; 2 unitBrioche Buns; 1 tablespoonOlive Oil; 1 teaspoonSugar; 1 tablespoonButter; Salt; Pepper
French Onion Chicken,Milk,Calories 640kcal,Fat 27g,Saturated Fat 10g,Carbohydrate 54g,Sugar 14g,Dietary Fiber 10g,Protein 47g,Cholesterol 155mg,Sodium 590mg,12 ounceCarrots; 12 ounceYukon Gold Potatoes; 1 teaspoonDried Thyme; 1 unitYellow Onion; 5 teaspoonRed Wine Vinegar; 1 unitChicken Stock Concentrate; 12 ounceChicken Breasts; 1/2 cupMozzarella Cheese; 4 teaspoonVegetable Oil; 1/2 teaspoonSugar; 1 tablespoonButter; Salt; Pepper
French Onion Meatloaves,Wheat; Milk,Calories 910kcal,Fat 56g,Saturated Fat 26g,Carbohydrate 61g,Sugar 15g,Dietary Fiber 11g,Protein 36g,Cholesterol 165mg,Sodium 900mg,4 unitCarrots; 2 unitScallions; 10 ounceGround Beef; 1 tablespoonMeatloaf Spice Blend; 1/4 cupPanko Breadcrumbs; 1/4 teaspoonWhite Pepper; 1/2 teaspoonDried Thyme; 12 ounceYukon Gold Potatoes; 2 tablespoonSour Cream; 1 unitYellow Onion; 1/2 cupMozzarella Cheese; 1 unitBeef Stock Concentrate; 4 teaspoonVegetable Oil; 3 tablespoonButter; 0.13 teaspoonSugar; Salt; Pepper
French Onion Soup Burger,Milk; Wheat,Calories 880kcal,Fat 45g,Saturated Fat 19g,Carbohydrate 71g,Sugar 19g,Dietary Fiber 5g,Protein 51g,,Sodium 835mg,10 ounceGround Beef; 1 unitYellow Onion; 1/4 ounceThyme; 1 unitBeef Stock Concentrate; 1/2 cupGruyère Cheese; 4 ounceMilk; 1 tablespoonFlour; 1 teaspoonNutmeg; 2 unitBrioche Buns; 4 ounceKale; 1 teaspoonSugar; 1 tablespoonButter; unitSalt; unitPepper; 1 tablespoonOlive Oil
Fried Tilapia Sandwiches,Wheat; Milk; Fish,Calories 880kcal,Fat 53g,Saturated Fat 18g,Carbohydrate 60g,Sugar 13g,Dietary Fiber 3g,Protein 40g,Cholesterol 160mg,Sodium 890mg,2 unitBrioche Buns; 1 unitPersian Cucumber; 2 unitScallions; 4 ounceShredded Red Cabbage; 5 teaspoonWhite Wine Vinegar; 1/2 cupPanko Breadcrumbs; 1 tablespoonFry Seasoning; 6 tablespoonSour Cream; 11 ounceTilapia; 2 teaspoonHot Sauce; 1 teaspoonSugar; 2 teaspoonOlive Oil; 1 tablespoonButter; Vegetable Oil; Salt; Pepper
Fully Cooked Chicken Breasts,,Calories 150kcal,Fat 3g,Saturated Fat0.5 g,,,,Protein 28g,Cholesterol 96mg,Sodium 510mg,Ingredients/ serving 2 people9 ouncePre-Cooked Chicken; 9 ouncePre-Cooked Chicken
Fully Loaded Pork Taquitos,Soy; Wheat; Milk,Calories 1050kcal,Fat 67g,Saturated Fat 24g,Carbohydrate 73g,Sugar 10g,Dietary Fiber 5g,Protein 39g,Cholesterol 140mg,Sodium 2240mg,1 unitYellow Onion; 10 ounceGround Pork; 1 tablespoonSouthwest Spice Blend; 1 unitTex-Mex Paste; 6 unitFlour Tortillas; 1/2 cupMexican Cheese Blend; 1 unitLime; 1 unitRoma Tomato; 4 tablespoonSour Cream; 4 tablespoonGuacamole; 1 teaspoonHot Sauce; 1 tablespoonVegetable Oil; 1 tablespoonOlive Oil; Salt; Pepper
Fun Day Fajita Bar,Wheat; Milk,Calories 820kcal,Fat 38g,Saturated Fat 16g,Carbohydrate 61g,Sugar 8g,Dietary Fiber 6g,Protein 54g,Cholesterol 140mg,Sodium 790mg,6Flour Tortilla; 12Boneless Pork Chops; 1/4Cheddar Cheese; 4Sour Cream; 1Red Bell Pepper; 1/4Cilantro; 1Red Onion; 1Southwest Spice Blend; 1Lime; 4Grape Tomatoes; 2Vegetable Oil; Salt; Pepper
Fun-Day Fajita Bar,Soy; Wheat; Milk,Calories 730kcal,Fat 35g,Saturated Fat 15g,Carbohydrate 51g,Sugar 7g,Dietary Fiber 3g,Protein 48g,Cholesterol 155mg,Sodium 900mg,1 unitRed Onion; 8 ounceHeirloom Grape Tomatoes; 1 unitLime; 2 unitBell Pepper; 1/2 ounceCilantro; 24 ouncePork Chops; 2 tablespoonSouthwest Spice Blend; 12 unitFlour Tortillas; 8 tablespoonSour Cream; 1 cupCheddar Cheese; 4 teaspoonVegetable Oil; Salt; Pepper
Fun-Day Fajita Bar,Soy; Wheat; Milk,Calories 740kcal,Fat 35g,Saturated Fat 15g,Carbohydrate 54g,Sugar 9g,Dietary Fiber 4g,Protein 48g,Cholesterol 155mg,Sodium 1200mg,1 unitRed Onion; 1 unitRoma Tomato; 1 unitLime; 1 unitBell Pepper; 1/4 ounceCilantro; 12 ouncePork Chops; 1 tablespoonSouthwest Spice Blend; 6 unitFlour Tortillas; 4 tablespoonSour Cream; 1/2 cupCheddar Cheese; 2 teaspoonVegetable Oil; Salt; Pepper
Fusilli with Beef Meatballs,Wheat; Milk,Calories 920kcal,Fat 48g,Saturated Fat 21g,Carbohydrate 75g,Sugar 5g,Dietary Fiber 5g,Protein 42g,Cholesterol 140mg,Sodium 680mg,4 ounceButton Mushrooms; 2 unitScallions; 10 ounceGround Beef; 1 tablespoonTuscan Heat Spice; 6 ounceFusilli Pasta; 1 tablespoonFlour; 1 unitBeef Stock Concentrate; 1 teaspoonNutmeg; 1/4 cupParmesan Cheese; 4 teaspoonOlive Oil; 2 tablespoonButter; Salt; Pepper
