Title,Allergens,Calories,Fat,Saturated Fat,Carbohydrate,Sugar,Dietary Fiber,Protein,Cholesterol,Sodium,Ingredients
10-oz Ribeye and Mustard Peppercorn Sauce,Milk,Calories 990kcal,Fat 64g,Saturated Fat 28g,Carbohydrate 44g,Sugar 7g,Dietary Fiber 8g,Protein 63g,Cholesterol 185mg,Sodium 670mg,12 ounceYukon Gold Potatoes; 1 unitShallot; 1/4 ounceChives; 1 teaspoonMustard Seeds; 1 tablespoonBlack Peppercorns; 4 tablespoonSour Cream; 8 ounceBroccoli Florets; 20 ounceRib-Eye Steak; 1 unitBeef Stock Concentrate; 2 teaspoonOlive Oil; 1 teaspoonVegetable Oil; 2 tablespoonButter; Salt; Pepper
20 oz Rib-Eye Steak in a Tomato Balsamic Sauce,Wheat; Milk,Calories 1210kcal,Fat 76g,Saturated Fat 34g,Carbohydrate 71g,Sugar 13g,Dietary Fiber 6g,Protein 69g,Cholesterol 185mg,Sodium 800mg,2 cloveGarlic; 4 ounceButton Mushrooms; 4 ounceGrape Tomatoes; 1/2 ounceBasil; 1 unitShallot; 1 unitLemon; 3/4 cupWhole Wheat Israeli Couscous; 20 ounceRib-Eye Steak; 5 teaspoonBalsamic Vinegar; 1 unitBeef Demi-Glace; 2 tablespoonTruffle Oil; 1/4 cupParmesan Cheese; 1 tablespoonOlive Oil; 1 teaspoonVegetable Oil; 1/8 teaspoonSugar; 1 tablespoonButter; Salt; Pepper
20 oz Rib-Eye Steaks in a Shallot Demi-Glace Sauce,Milk,Calories 1230kcal,Fat 81g,Saturated Fat 37g,Carbohydrate 68g,Sugar 23g,Dietary Fiber 11g,Protein 63g,Cholesterol 230mg,Sodium 780mg,4 unitCarrots; 1 teaspoonHerbes de Provence; 1/2 ounceHoney; 12 ounceYukon Gold Potatoes; 2 unitScallions; 20 ounceRib-Eye Steak; 1 unitShallot; 1 unitBeef Demi-Glace; 1 teaspoonChili Flakes; 6 tablespoonSour Cream; 1 tablespoonOlive Oil; 2 teaspoonVegetable Oil; 3 tablespoonButter; Salt; Pepper
20 oz Rib-Eye Steaks Over Risotto,Tree Nuts; Milk,Calories 1220kcal,Fat 76g,Saturated Fat 35g,Carbohydrate 70g,Sugar 7g,Dietary Fiber 2g,Protein 67g,Cholesterol 210mg,Sodium 770mg,1 unitYellow Onion; 4 ounceGrape Tomatoes; 1/4 ounceChives; 1 tablespoonTricolor Peppercorns; 5 teaspoonBalsamic Vinegar; 3/4 cupArborio Rice; 2 unitChicken Stock Concentrate; 20 ounceRib-Eye Steak; 1/4 cupParmesan Cheese; 3 tablespoonButter; 4 teaspoonOlive Oil; 1/2 teaspoonSugar; Salt; Pepper
20 oz Rib-Eye Steaks Over Truffled Mashed Potatoes,Tree Nuts; Milk,Calories 1080kcal,Fat 71g,Saturated Fat 28g,Carbohydrate 52g,Sugar 12g,Dietary Fiber 9g,Protein 65g,Cholesterol 190mg,Sodium 650mg,12 ounceYukon Gold Potatoes; 1/4 teaspoonTricolor Peppercorns; 1/4 ounceParsley; 1 unitShallot; 6 ounceGreen Beans; 20 ounceRib-Eye Steak; 1 unitBeef Demi-Glace; 4 tablespoonSour Cream; 1/2 teaspoonTruffle Oil; 1 ounceAlmonds; 1 tablespoonVegetable Oil; 1 tablespoonButter; Salt; Pepper
20 oz Rib-Eye Steaks,Milk,Calories 1210kcal,Fat 79g,Saturated Fat 35g,Carbohydrate 67g,Sugar 20g,Dietary Fiber 12g,Protein 63g,Cholesterol 215mg,Sodium 390mg,2 unitScallions; 4 unitCarrots; 2 unitRoma Tomato; 2 cloveGarlic; 16 ounceYukon Gold Potatoes; 4 tablespoonSour Cream; 2 teaspoonHoney; 20 ounceRib-Eye Steak; 1 teaspoonChili Flakes; 2 teaspoonWhite Wine Vinegar; 1 tablespoonVegetable Oil; 1 tablespoonOlive Oil; 3 tablespoonButter; Salt; Pepper
A Caesar Salad to Rule Them All,Soy; Wheat; Milk; Eggs,Calories 520kcal,Fat 23g,Saturated Fat 5g,Carbohydrate 31g,Sugar 5g,Dietary Fiber 7g,Protein 51g,Cholesterol 120mg,Sodium 550mg,12 unitChicken Breasts; 1 unitRomaine Lettuce; 1 unitCiabatta Bread; 1/4 unitParmesan Cheese; 1 unitLemon; 4 unitGrape Tomatoes; 1 unitDried Rosemary; 2 unitGarlic; 1 unitDijon Mustard; 1 unitMayonnaise; 4 unitOlive Oil; unitSalt; unitPepper
Adobo Chicken Dinner,Milk,Calories 600kcal,Fat 23g,Saturated Fat 10g,Carbohydrate 55g,Sugar 21g,Dietary Fiber 7g,Protein 43g,Cholesterol 155mg,Sodium 270mg,12 ounceYukon Gold Potatoes; 2 cloveGarlic; 1 unitRoma Tomato; 2 unitScallions; 1 unitLime; 1 unitPoblano Pepper; 4 ouncePineapple; 1/2 cupJasmine Rice; 8 ounceBroccoli Florets; 24 ounceChicken Breasts; 6.75 ounceMilk; 1 ounceAdobo Sauce; 1 ounceHoney; 4 tablespoonSour Cream; 5 teaspoonVegetable Oil; 2 tablespoonButter; Salt; Pepper
Adobo Loco Steak,Milk,Calories 710kcal,Fat 38g,Saturated Fat 12g,Carbohydrate 59g,Sugar 8g,Dietary Fiber 8g,Protein 33g,Cholesterol 125mg,Sodium 600mg,1 unitYellow Onion; 1 unitPoblano Pepper; 1 unitRusset Potato; 1/2 unitLime; 1 unitCorn; 10 ounceRanch Steak; 1 ounceAdobo Sauce; 1 unitBeef Stock Concentrate; 2 tablespoonSour Cream; 4 teaspoonOlive Oil; Salt; Pepper
Afghan Red Lentil Soup,,Calories 530kcal,Fat 8g,,Carbohydrate 93g,,Dietary Fiber 26g,Protein 29g,,Sodium 134mg,1 cupLentils; 1 unitYellow Onion; 6 ounceCarrots; 1 stalkCelery; 1 unitLemon; 2 cloveGarlic; 1/2 ounceMint; 1 canWhole Peeled Tomatoes; 1 teaspoonCumin; 1 teaspoonDried Mint; 1 tablespoonOlive Oil
Aioli-Topped Crab Cakes,Tree Nuts; Eggs; Milk; Shellfish; Wheat; Fish; Soy,Calories 1110kcal,Fat 78g,Saturated Fat 18g,Carbohydrate 80g,Sugar 29g,Dietary Fiber 11g,Protein 28g,Cholesterol 185mg,Sodium 970mg,2 unitSweet Potatoes; 1 tablespoonFry Seasoning; 1 ounceDried Cranberries; 1 ounceWalnuts; 2 cloveGarlic; 1 unitLemon; 4 tablespoonMayonnaise; 1 teaspoonHot Smoked Paprika; 10 ounceCrab Cakes; 2 ounceMixed Greens; 4 teaspoonVegetable Oil; 1 tablespoonSugar; 2 teaspoonOlive Oil; 2 tablespoonButter; Salt; Pepper
Al Pastor Pico Pork,Milk; Soy,Calories 650kcal,Fat 23g,Saturated Fat 9g,Carbohydrate 75g,Sugar 11g,Dietary Fiber 3g,Protein 41g,Cholesterol 95mg,Sodium 1430mg,3/4 cupJasmine Rice; 2 unitScallions; 1 unitRoma Tomato; 1 unitLime; 4 ouncePineapple; 1 unitTex-Mex Paste; 12 ouncePork Chops; 1 tablespoonSouthwest Spice Blend; 2 tablespoonSmoky Red Pepper Crema; 1 teaspoonVegetable Oil; 1 tablespoonButter; Salt; Pepper
"Alexisâ€™ Tortilla Soup with Sweet Corn, Avocado, and Cheddar",Milk,Calories 818kcal,Fat 36g,Saturated Fat 10g,Carbohydrate 94g,Sugar 18g,Dietary Fiber 30g,Protein 32g,,Sodium 980mg,1 unitGreen Bell Pepper; 1 unitYellow Onion; 2 cloveGarlic; 1 teaspoonCumin; 1 unitBlack Beans; 1 unitCrushed Tomatoes; 1 unitJalapeÃ±o; 2 unitVeggie Stock Concentrate; 1 unitCorn on the Cob; 1 unitAvocado; 1.5 ounceTortilla Chips; 2 ounceCheddar Cheese; 1 tablespoonOlive Oil
All Kale Chicken Caesar,Eggs; Milk; Fish; Wheat,Calories 520kcal,Fat 32g,Saturated Fat 8g,Carbohydrate 22g,Sugar 5g,Dietary Fiber 6g,Protein 41g,Cholesterol 130mg,Sodium 720mg,1 unitLemon; 1 unitRoma Tomato; 1.5 ounceCaesar Dressing; 2 tablespoonSour Cream; 10 ounceChicken Cutlets; 1 tablespoonItalian Seasoning; 4 ounceKale; 1/4 cupParmesan Cheese; 1 unitCroutons; Salt; Pepper; 4 teaspoonOlive Oil
Alpine Mushroom & Swiss Panini,Eggs; Soy; Wheat; Milk,Calories 960kcal,Fat 54g,Saturated Fat 12g,Carbohydrate 91g,Sugar 8g,Dietary Fiber 8g,Protein 28g,Cholesterol 95mg,Sodium 1230mg,12 ounceYukon Gold Potatoes; 8 ounceButton Mushrooms; 1 unitYellow Onion; 2 tablespoonMayonnaise; 1 teaspoonGarlic Powder; 1 unitMushroom Stock Concentrate; 4 sliceSourdough Bread; 1 unitDijon Mustard; 4 sliceSwiss Cheese; 1/4 cupMonterey Jack Cheese; Salt; Pepper; 4 teaspoonVegetable Oil; 2 tablespoonButter
Alpine Turkey Burgers,Eggs; Milk; Soy; Wheat,Calories 910kcal,Fat 51g,Saturated Fat 16g,Carbohydrate 78g,Sugar 9g,Dietary Fiber 6g,Protein 46g,Cholesterol 125mg,Sodium 1290mg,12 ounceYukon Gold Potatoes; 4 ounceButton Mushrooms; 10 ounceGround Turkey; 1 tablespoonFry Seasoning; 2 tablespoonMayonnaise; 2 tablespoonSour Cream; 2 teaspoonDijon Mustard; 2 sliceSwiss Cheese; 2 unitPotato Buns; Salt; Pepper; 4 teaspoonOlive Oil; 1 tablespoonButter
Amazing Apricot Chicken,Milk,Calories 550kcal,Fat 20g,Saturated Fat 6g,Carbohydrate 51g,Sugar 20g,Dietary Fiber 8g,Protein 40g,Cholesterol 135mg,Sodium 290mg,12 ounceFingerling Potatoes; 6 ounceGreen Beans; 1 unitShallot; 12 ounceChicken Breasts; 1/4 ounceThyme; 2 tablespoonApricot Jam; 5 tablespoonBalsamic Vinegar; 1 unitChicken Stock Concentrate; 4 teaspoonOlive Oil; 1 tablespoonButter; Salt; Pepper
Amazing Apricot Chicken,Milk,Calories 710kcal,Fat 25g,Saturated Fat 10g,Carbohydrate 79g,Sugar 18g,Dietary Fiber 3g,Protein 40g,Cholesterol 150mg,Sodium 380mg,3/4 cupJasmine Rice; 6 ounceGreen Beans; 1 unitShallot; 12 ounceChicken Breasts; 1/4 ounceThyme; 5 teaspoonBalsamic Vinegar; 2 tablespoonApricot Jam; 1 unitChicken Stock Concentrate; 3 teaspoonOlive Oil; 2 tablespoonButter; Salt; Pepper
Amazing Apricot Chicken,Milk,Calories 540kcal,Fat 22g,Saturated Fat 7g,Carbohydrate 52g,Sugar 20g,Dietary Fiber 7g,Protein 34g,Cholesterol 120mg,Sodium 310mg,12 ounceYukon Gold Potatoes; 6 ounceGreen Beans; 1 unitShallot; 10 ounceChicken Cutlets; 1/4 ounceThyme; 5 teaspoonBalsamic Vinegar; 2 tablespoonApricot Jam; 1 unitChicken Stock Concentrate; 5 teaspoonOlive Oil; 1 tablespoonButter; Salt; Pepper
Annieâ€™s Organic Cinnamon Rolls,Wheat,Calories 330kcal,Fat 12g,Saturated Fat4.5 g,Carbohydrate 53g,Sugar 24g,Dietary Fiber 2g,Protein 4g,,Sodium 770mg,Ingredients/ serving 2 people1 unitAnnie's Cinnamon Rolls; 1 unitAnnie's Cinnamon Rolls
Apple Brie Sandwiches,Milk; Soy; Wheat; Eggs,Calories 920kcal,Fat 52g,Saturated Fat 20g,Carbohydrate 60g,Sugar 22g,Dietary Fiber 7g,Protein 39g,Cholesterol 110mg,Sodium 1630mg,Ingredients/ serving 2 people1 unitGranny Smith Apple1 unitLemon8 ounceBrie2 unitDemi-Baguette2 tablespoonCranberry Jam1 ounceWhole Grain Mustard2 tablespoonMayonnaise; 1 unitGranny Smith Apple; 1 unitLemon; 8 ounceBrie; 2 unitDemi-Baguette; 2 tablespoonCranberry Jam; 1 ounceWhole Grain Mustard; 2 tablespoonMayonnaise
Apple Dutch Baby Pancake,Eggs; Milk; Wheat,Calories 760kcal,Fat 41g,Saturated Fat 16g,Carbohydrate 80g,Sugar 50g,Dietary Fiber 6g,Protein 20g,Cholesterol 280mg,Sodium 430mg,2 unitApple; 4 tablespoonCinnamon Butter; 1 tablespoonBrown Sugar; 2 unitEggs; 4 ounceMilk; 1/2 ounceFlour; 4 ounceBreakfast Sausage; 1 unitOrange; 1 ounceMaple Syrup; 1 teaspoonVegetable Oil; Salt
Apple Pecan Breakfast Oatmeal Bake,Eggs; Tree Nuts; Milk,Calories 490kcal,Fat 24g,Saturated Fat 12g,Carbohydrate 61g,Sugar 35g,Dietary Fiber 7g,Protein 11g,Cholesterol 85mg,Sodium 125mg,1 unitEggs; 1 teaspoonCinnamon; 1 cupCoconut Milk; 1 ouncePecans; 4 tablespoonBrown Sugar; 1 teaspoonBaking Powder; 1 ounceDried Cranberries; 1 unitGranny Smith Apple; 5.3 ounceYogurt; 1 cupRolled Oats; 2 tablespoonButter; unitSalt
Apple Sage Turkey Burgers,Eggs; Wheat; Tree Nuts,Calories 780kcal,Fat 39g,Saturated Fat 7g,Carbohydrate 72g,Sugar 26g,Dietary Fiber 8g,Protein 35g,Cholesterol 130mg,Sodium 440mg,2 cloveGarlic; 1/4 ounceSage; 1 unitFuji Apple; 1 unitLemon; 4 tablespoonMayonnaise; 1/2 cupPanko Breadcrumbs; 20 ounceGround Turkey; 4 unitBrioche Buns; ounceMixed Greens; 2 ounceDried Cranberries; ounceWalnuts; 2 teaspoonVegetable Oil; 2 teaspoonOlive Oil; Salt; Pepper
Apricot Ancho Chicken,Milk,Calories 580kcal,Fat 25g,Saturated Fat 7g,Carbohydrate 51g,Sugar 17g,Dietary Fiber 8g,Protein 39g,Cholesterol 135mg,Sodium 290mg,12 ounceChicken Breasts; 2 tablespoonApricot Jam; 1 unitLemon; 2 ounceMixed Greens; 1 teaspoonAncho Chili Powder; 1 unitShallot; 12 ounceYukon Gold Potatoes; 1 unitChicken Stock Concentrate; 2 tablespoonOlive Oil; 1/2 teaspoonSugar; 1 tablespoonButter; Salt; Pepper
Apricot Balsamic Glazed Pork Tenderloin,Soy; Wheat; Milk,Calories 770kcal,Fat 36g,Saturated Fat 16g,Carbohydrate 63g,Sugar 15g,Dietary Fiber 4g,Protein 38g,Cholesterol 160mg,Sodium 810mg,1 thumbGinger; 2 cloveGarlic; 2 unitScallions; 1 unitShallot; 1 unitChicken Stock Concentrate; 1/2 cupJasmine Rice; 12 ouncePork Tenderloin; 1 tablespoonFry Seasoning; 2 tablespoonApricot Jam; 5 teaspoonBalsamic Vinegar; 1 tablespoonBrown Sugar; 6 ounceGreen Beans; 1 tablespoonSesame Oil; 2 tablespoonSoy Sauce; 2 teaspoonVegetable Oil; 3 tablespoonButter; Salt; Pepper
Apricot Balsamic-Glazed Pork Tenderloin,Milk,Calories 710kcal,Fat 33g,Saturated Fat 12g,Carbohydrate 64g,Sugar 16g,Dietary Fiber 3g,Protein 39g,Cholesterol 135mg,Sodium 280mg,1 thumbGinger; 1.5 tablespoonShallot; 12 ouncePork Tenderloin; 1 unitChicken Stock Concentrate; 1/2 cupJasmine Rice; 1 teaspoonFry Seasoning; 1 ounceApricot Jam; 5 teaspoonBalsamic Vinegar; 6 ounceGreen Beans; 1 tablespoonSesame Oil; 2.5 tablespoonButter; 2 teaspoonVegetable Oil; 1/2 teaspoonSugar; Salt; Pepper
Apricot Chicken Legs,Milk,Calories 640kcal,Fat 26g,Saturated Fat 10g,Carbohydrate 57g,Sugar 18g,Dietary Fiber 10g,Protein 49g,Cholesterol 230mg,Sodium 350mg,16 ounceChicken Legs; 1 teaspoonPaprika; 12 ounceYukon Gold Potatoes; 1 tablespoonFry Seasoning; 1 unitLemon; 2 tablespoonApricot Jam; 2 teaspoonDijon Mustard; 8 ounceBroccoli Florets; 1 teaspoonChili Flakes; 2 teaspoonOlive Oil; 2 tablespoonButter; Salt; Pepper
Apricot Ginger Chicken,Milk,Calories 570kcal,Fat 21g,Saturated Fat 9g,Carbohydrate 59g,Sugar 16g,Dietary Fiber 3g,Protein 33g,Cholesterol 135mg,Sodium 340mg,1 thumbGinger; 1/2 cupJasmine Rice; 6 ounceGreen Beans; 10 ounceChicken Cutlets; 2 tablespoonApricot Jam; 1 unitChicken Stock Concentrate; 2 teaspoonVegetable Oil; 2 tablespoonButter; Salt; Pepper
Apricot Ginger Chicken,Milk,Calories 580kcal,Fat 21g,Saturated Fat 9g,Carbohydrate 59g,Sugar 16g,Dietary Fiber 3g,Protein 36g,Cholesterol 130mg,Sodium 330mg,1 thumbGinger; 1/2 cupJasmine Rice; 6 ounceGreen Beans; 10 ounceChicken Cutlets; 2 tablespoonApricot Jam; 1 unitChicken Stock Concentrate; 2 teaspoonVegetable Oil; 2 tablespoonButter; Salt; Pepper
Apricot Miso Chicken,Soy; Milk,Calories 580kcal,Fat 18g,Saturated Fat 5g,Carbohydrate 70g,Sugar 17g,Dietary Fiber 4g,Protein 35g,Cholesterol 115mg,Sodium 310mg,1 thumbGinger; 8 ounceBroccoli Florets; 1 unitLime; 1/2 cupJasmine Rice; 10 ounceChicken Cutlets; 2 tablespoonApricot Jam; 1 unitMiso Sauce Concentrate; 1 teaspoonChili Flakes; Salt; Pepper; 1 teaspoonVegetable Oil; 2 teaspoonOlive Oil; 1 tablespoonButter
Apricot Ponzu Chicken,Fish; Soy; Wheat; Milk,Calories 610kcal,Fat 25g,Saturated Fat 10g,Carbohydrate 63g,Sugar 17g,Dietary Fiber 4g,Protein 33g,Cholesterol 135mg,Sodium 400mg,1 thumbGinger; 1 cloveGarlic; 1 unitLime; 6 ounceGreen Beans; 1/2 cupJasmine Rice; 10 ounceChicken Cutlets; 2 tablespoonApricot Jam; 18 millilitersPonzu Sauce; Salt; Pepper; 4 teaspoonVegetable Oil; 2 tablespoonButter
Apricot Pork Cutlets,Milk,Calories 550kcal,Fat 23g,Saturated Fat 10g,Carbohydrate 46g,Sugar 18g,Dietary Fiber 6g,Protein 41g,Cholesterol 105mg,Sodium 560mg,1 unitZucchini; 12 ounceYukon Gold Potatoes; 1/4 ounceThyme; 12 ouncePork Cutlets; 2 tablespoonApricot Jam; 10 millilitersDijon Mustard; 1 unitChicken Stock Concentrate; 3 teaspoonVegetable Oil; 1 tablespoonButter; Salt; Pepper
Apricot-Glazed Chicken,Wheat,Calories 687kcal,Fat 26g,,Carbohydrate 65g,,Dietary Fiber 7g,Protein 48g,,,2 unitChicken Breasts; 1/2 cupCouscous; 1 unitRed Onion; 1.5 ounceDried Apricots; 1 unitVeggie Stock Concentrate; 1 bunchParsley; 1 bunchSwiss Chard; 2 cloveGarlic; 1 tablespoonApricot Jam; 2 tablespoonOlive Oil; unitSalt; unitBlack Pepper
Apricot-Glazed Chicken,Wheat; Milk,Calories 830kcal,Fat 40g,Saturated Fat 18g,Carbohydrate 75g,Sugar 25g,Dietary Fiber 9g,Protein 43g,Cholesterol 180mg,Sodium 510mg,4 unitCarrots; 1 unitShallot; 1 unitLemon; 1 unitChicken Stock Concentrate; 1/2 cupCouscous; 12 ounceChicken Breasts; 2 tablespoonApricot Jam; 2 tablespoonGarlic Herb Butter; 1 tablespoonOlive Oil; 2 tablespoonVegetable Oil; 2 teaspoonButter; Salt; Pepper
Argentine Chimichurri Steak,,Calories 690kcal,Fat 43g,Saturated Fat 11g,Carbohydrate 51g,Sugar 12g,Dietary Fiber 10g,Protein 29g,Cholesterol 115mg,Sodium 260mg,1 unitLime; 4 ounceGrape Tomatoes; 2 unitSweet Potatoes; 1 ouncePoblano Pepper; 2 cloveGarlic; 1/2 ounceCilantro; 1 unitShallot; 1 unitJalapeÃ±o; 1 teaspoonCumin; 10 ounceRanch Steak; 8 teaspoonOlive Oil; Salt; Pepper
Argentine-Spiced Steak,Wheat,Calories 721kcal,Fat 30g,,Carbohydrate 64g,,Dietary Fiber 9g,Protein 50g,,,12 ounceSirloin Steak; 1/2 cupCouscous; 1 unitGreen Bell Pepper; 2 cloveGarlic; 1 bunchCilantro; 2 unitScallions; 1 tablespoonCumin; 1 bunchSpinach; 1 unitLemon; 3 tablespoonOlive Oil; unitBlack Pepper; unitSalt
Argentine-Spiced Steak,Wheat,Calories 690kcal,Fat 29g,Saturated Fat 8g,Carbohydrate 66g,Sugar 6g,Dietary Fiber 9g,Protein 47g,Cholesterol 114mg,Sodium 148mg,12 ounceTri-tip Steak; 3/4 cupIsraeli Couscous; 1 unitLemon; 2 cloveGarlic; 2 unitScallions; 1 unitRed Bell Pepper; 5 ounceSpinach; 1 teaspoonCumin; 5 teaspoonOlive Oil; unitSalt; unitPepper
Argentine-Spiced Steak,Wheat,Calories 641kcal,Fat 22g,Saturated Fat 6g,Carbohydrate 67g,Sugar 6g,Dietary Fiber 9g,Protein 49g,,Sodium 152mg,1 unitRed Bell Pepper; 2 unitScallions; 1 unitLemon; 2 cloveGarlic; 12 ounceSirloin Steak; 3/4 cupIsraeli Couscous; 1 teaspoonCumin; 5 ounceSpinach; 5 teaspoonOlive Oil; unitSalt; unitPepper
Argentinian-Style Cod,Fish; Wheat; Tree Nuts,Calories 576kcal,Fat 23g,Saturated Fat 3g,Carbohydrate 52g,Sugar 7g,Dietary Fiber 7g,Protein 41g,Cholesterol 74mg,Sodium 292mg,12 ounceCod Fillets; 1/2 cupRed Rice Medley; 1 unitZucchini; 2 tablespoonSherry Vinegar; 4 ounceGrape Tomatoes; 1 unitShallot; 1 unitVeggie Stock Concentrate; 2 cloveGarlic; 1 ounceAlmonds; 1/2 ounceMint; 1/4 ounceParsley; unitSalt; unitPepper; 2 tablespoonOlive Oil
Arroz Con Pollo,Milk,Calories 660kcal,Fat 20g,Saturated Fat 5g,Carbohydrate 71g,Sugar 5g,Dietary Fiber 5g,Protein 47g,Cholesterol 140mg,Sodium 410mg,24 ounceChicken Tenders; 1 unitYellow Onion; 1.5 cupBasmati Rice; 1 unitGluten Free Chicken Demi Glace; 8 ounceHeirloom Grape Tomatoes; 1 unitAvocado; 1/4 ounceCilantro; 1 unitLime; 1 cloveGarlic; 6 tablespoonSour Cream; 2 tablespoonSmoky Mexican Seasoning; 4 teaspoonVegetable Oil; unitSalt; unitPepper
Arthur Ave Pork Sausage & Pepper Heroes,Soy; Wheat; Milk,Calories 1040kcal,Fat 52g,Saturated Fat 21g,Carbohydrate 102g,Sugar 12g,Dietary Fiber 8g,Protein 40g,Cholesterol 125mg,Sodium 1700mg,12 ounceYukon Gold Potatoes; 1 unitLong Green Pepper; 1 unitYellow Onion; 1 teaspoonGarlic Powder; 9 ounceLonghini's Pork Sausage; 1.5 ounceTomato Paste; 1 tablespoonItalian Seasoning; 2 unitDemi-Baguette; 1/2 cupMozzarella Cheese; 4 teaspoonOlive Oil; 2 tablespoonButter; Salt; Pepper
Asian Shrimp and Pork Wonton Soup,Shellfish; Soy; Wheat,Calories 548kcal,Fat 20g,,Carbohydrate 62g,,Dietary Fiber 9g,Protein 34g,,Sodium 1945mg,Ingredientsserving amount244 ounceShrimp4 ounceGround Pork2 unitPho Stock Concentrate6 ounceCarrots2 tablespoonSoy Sauce1 thumbGinger2 unitScallions1/4 ounceCilantro2 cloveGarlic1 teaspoonChili Flakes12 unitWonton Wrappers12 ounceBroccoli Florets; 4 ounceShrimp; 4 ounceGround Pork; 2 unitPho Stock Concentrate; 6 ounceCarrots; 2 tablespoonSoy Sauce; 1 thumbGinger; 2 unitScallions; 1/4 ounceCilantro; 2 cloveGarlic; 1 teaspoonChili Flakes; 12 unitWonton Wrappers; 12 ounceBroccoli Florets
Asparagus and Prosciutto Tartines,Wheat; Milk,Calories 460kcal,Fat 17g,Saturated Fat4.5 g,Carbohydrate 61g,Sugar 10g,Dietary Fiber 11g,Protein 23g,Cholesterol 40mg,Sodium 800mg,12Yukon Gold Potatoes; 1Yellow Onion; 6Asparagus; 2Prosciutto; 2Whole Wheat Bread; 4Ricotta Cheese; 1Lemon; 1Olive Oil; Pepper; Salt
Asparagus Risotto,Milk,Calories 570kcal,Fat 28g,Saturated Fat 16g,Carbohydrate 70g,Sugar 6g,Dietary Fiber 4g,Protein 13g,Cholesterol 60mg,Sodium 710mg,2 unitVeggie Stock Concentrate; 1 unitYellow Onion; 3/4 cupArborio Rice; 6 ounceAsparagus; 1 unitRoma Tomato; 2 tablespoonGarlic Herb Butter; 1/4 cupParmesan Cheese; 1 teaspoonChili Flakes; 2 teaspoonOlive Oil; 1 tablespoonButter; Salt; Pepper
Atlantic Salmon Fillets,Fish,Calories 330kcal,Fat 23g,Saturated Fat4.5 g,,,,Protein 30g,Cholesterol 75mg,Sodium 80mg,Ingredients/ serving 2 people10Skin-on Salmon; 10Skin-on Salmon
Autumn Applesauce Pork,Milk,Calories 530kcal,Fat 16g,Saturated Fat 6g,Carbohydrate 61g,Sugar 23g,Dietary Fiber 13g,Protein 37g,Cholesterol 130mg,Sodium 125mg,24 ounceWhite Potatoes; 2 unitLemon; 3 unitApple; 24 ouncePork Tenderloin; 2 teaspoonDried Rosemary; 12 ounceGreen Beans; 2 teaspoonApplesauce Spice Blend; 1/2 ounceParsley; 1 tablespoonVegetable Oil; 2 tablespoonButter; 1 tablespoonSugar; Salt; Pepper
"Autumn Risotto with Butternut Squash, Sage, and Pepitas",Milk,Calories 670kcal,Fat 30g,Saturated Fat 10g,Carbohydrate 88g,Sugar 5g,Dietary Fiber 9g,Protein 20g,,Sodium 577mg,3/4 cupArborio Rice; 1 ounceParmesan Cheese; 1 unitShallot; 2 cloveGarlic; 2 unitVeggie Stock Concentrate; 1/4 ounceSage; 1 ouncePepitas; 8 ounceButternut Squash; 1 tablespoonButter; 5 teaspoonOlive Oil
Autumn-Spiced Pork Chops,Milk,Calories 800kcal,Fat 40g,Saturated Fat 16g,Carbohydrate 69g,Sugar 28g,Dietary Fiber 12g,Protein 42g,Cholesterol 150mg,Sodium 450mg,1/4 ounceThyme; 8 ounceBrussels Sprouts; 2 unitSweet Potatoes; 12 ouncePork Chops; 1 teaspoonFall Spice Blend; 1 unitShallot; 1 unitChicken Stock Concentrate; 1 ounceDried Cranberries; 1/2 ounceHoney; 3 tablespoonButter; 5 teaspoonOlive Oil; Salt; Pepper
