Title,Allergens,Calories,Fat,Saturated Fat,Carbohydrate,Sugar,Dietary Fiber,Protein,Cholesterol,Sodium,Ingredients
Vanilla Delight Cheesecake,Eggs; Milk; Soy; Wheat,Calories 410kcal,Fat 27g,Saturated Fat 16g,Carbohydrate 36g,Sugar 26g,,Protein 5g,Cholesterol 195mg,Sodium 290mg,Ingredients/ serving 1 people1 unitVanilla Delight Cheesecake; 1 unitVanilla Delight Cheesecake
Vanilla Delight Cheesecake,Eggs; Milk; Soy; Wheat,Calories 410kcal,Fat 27g,Saturated Fat 16g,Carbohydrate 36g,Sugar 26g,,Protein 5g,Cholesterol 195mg,Sodium 290mg,Ingredients/ serving 2 people2 unitVanilla Delight Cheesecake; 2 unitVanilla Delight Cheesecake
Vegetable Minestrone Soup,Wheat; Soy; Milk,Calories 930kcal,Fat 28g,Saturated Fat 11g,Carbohydrate 137g,Sugar 16g,Dietary Fiber 14g,Protein 32g,Cholesterol 45mg,Sodium 1930mg,1 unitCarrots; 1 unitYellow Onion; 2 unitScallions; 2 cloveGarlic; 13.4 ounceCannellini Beans; 1 tablespoonItalian Seasoning; 1 teaspoonCelery Salt; 6 ounceMacaroni Pasta; 13.76 ounceCrushed Tomatoes; 2 unitVeggie Stock Concentrate; 1 unitCiabatta Bread; 1/4 cupParmesan Cheese; 4 teaspoonOlive Oil; 2 tablespoonButter; Salt; Pepper
"Vegetable Minestrone with Tuscan Kale, Cannellini Beans, and Parmesan",Milk,Calories 391kcal,Fat 10g,Saturated Fat 4g,Carbohydrate 51g,Sugar 10g,Dietary Fiber 16g,Protein 20g,,Sodium 627mg,1 unitYellow Onion; 6 ounceCarrots; 1 unitCelery; 2 cloveGarlic; 1 unitVeggie Stock Concentrate; 4 ounceKale; 1 ounceParmesan Cheese; 1/4 ounceParsley; 1 unitRoma Tomato; 13.4 ounceCannellini Beans; 2 teaspoonOlive Oil
Vegetarian Bibimbap,Soy; Wheat; Eggs,Calories 491kcal,Fat 11g,Saturated Fat 1g,Carbohydrate 87g,Sugar 15g,Dietary Fiber 12g,Protein 17g,,Sodium 1126mg,6 ounceBaby Broccoli; 1 pieceCarrots; 2 cloveGarlic; 1 thumbGinger; 3 teaspoonHot Sauce; 8 ounceButton Mushrooms; 3/4 cupBrown Rice; 2 unitScallions; 1 tablespoonSesame Seeds; 1 jarSoy Sauce Jar; 1 pieceZucchini; 2 tablespoonWhite Wine Vinegar; unitSugar; 2 unitEggs*; unitSalt; unitPepper; 2 teaspoonOlive Oil
Vegetarian Burrito Bowl,Milk,Calories 561kcal,Fat 15g,Saturated Fat 6g,Carbohydrate 74g,Sugar 5g,Dietary Fiber 23g,Protein 25g,Cholesterol 31mg,Sodium 258mg,1/2 cupBrown Rice; 1 boxBlack Beans; 2 unitRoma Tomato; 1 unitLime; 1 unitJalapeño; 2 unitScallions; 1 teaspoonCumin; 1/4 cupMonterey Jack Cheese; 2 unitSour Cream; unitSalt; unitPepper; 1 teaspoonOlive Oil
Vegetarian Paella,,Calories 401kcal,Fat 8g,Saturated Fat 1g,Carbohydrate 78g,Sugar 9g,Dietary Fiber 7g,Protein 11g,,Sodium 241mg,1 unitRed Bell Pepper; 1 unitYellow Bell Peppers; 2 cloveGarlic; 1 unitRoma Tomato; 4 ounceButton Mushrooms; 1/4 ounceRosemary; 1 teaspoonSmoked Paprika; 1 teaspoonTurmeric; 1 unitVeggie Stock Concentrate; 3/4 cupBasmati Rice; 1 unitLemon; 1 tablespoonOlive Oil; unitSalt; unitPepper
Veggie Baked Penne,Wheat; Milk,Calories 690kcal,Fat 26g,Saturated Fat 10g,Carbohydrate 90g,Sugar 18g,Dietary Fiber 7g,Protein 30g,Cholesterol 55mg,Sodium 1020mg,1 unitZucchini; 1 unitYellow Onion; 1 unitRoma Tomato; 6 ouncePenne Pasta; 14 ounceMarinara Cup; 1 teaspoonItalian Seasoning; 4 ounceRicotta Cheese; 1/2 cupMozzarella Cheese; 1 teaspoonChili Flakes; 2 teaspoonOlive Oil; 1 teaspoonSugar; 1 tablespoonButter; Salt; Pepper
Veggie Bibimbap Rice Bowls,Soy; Wheat; Eggs; Milk,Calories 600kcal,Fat 28g,Saturated Fat 8g,Carbohydrate 75g,Sugar 13g,Dietary Fiber 4g,Protein 14g,Cholesterol 200mg,Sodium 990mg,1 unitZucchini; 4 ounceButton Mushrooms; 2 unitScallions; 3 ounceCarrot; 1 thumbGinger; 3/4 cupJasmine Rice; 5 teaspoonWhite Wine Vinegar; 1 tablespoonSesame Oil; 1 teaspoonSriracha; 2 tablespoonSoy Sauce; 2 unitEggs; 4 teaspoonVegetable Oil; 1 tablespoonButter; 1 tablespoonSugar; Salt; Pepper
Veggie Burrito Bowls,Milk,Calories 1110kcal,Fat 44g,Saturated Fat 18g,Carbohydrate 134g,Sugar 11g,Dietary Fiber 26g,Protein 34g,Cholesterol 75mg,Sodium 670mg,1 unitYellow Onion; 13.4 ounceBlack Beans; 13.4 ounceCorn; 1/2 cupJasmine Rice; 1 tablespoonSouthwest Spice Blend; 1 unitRoma Tomato; 1 unitLime; 1/4 ounceCilantro; 4 tablespoonSour Cream; 1/2 cupMexican Cheese Blend; 1.5 ounceTortilla Chips; 1 teaspoonHot Sauce; 2 tablespoonButter; 2 teaspoonOlive Oil; Salt; Pepper
Veggie Burrito Bowls,Milk,Calories 1040kcal,Fat 41g,Saturated Fat 16g,Carbohydrate 133g,Sugar 18g,Dietary Fiber 16g,Protein 25g,Cholesterol 65mg,Sodium 840mg,1 unitYellow Onion; 13.4 ounceBlack Beans; 13.4 ounceCorn; 1/2 cupJasmine Rice; 1 unitVeggie Stock Concentrate; 1 tablespoonSouthwest Spice Blend; 1 unitRoma Tomato; 1 unitLime; 1/4 ounceCilantro; 4 tablespoonSour Cream; 1/4 cupMonterey Jack Cheese; 1 teaspoonHot Sauce; 3 ounceBlue Corn Tortilla Chips; 2 teaspoonOlive Oil; Salt; Pepper; 2 tablespoonButter
Veggie Burrito Bowls,Milk,Calories 1050kcal,Fat 41g,Saturated Fat 17g,Carbohydrate 120g,Sugar 18g,Dietary Fiber 25g,Protein 29g,Cholesterol 65mg,Sodium 840mg,1 unitYellow Onion; 13.4 ounceBlack Beans; 13.4 ounceCorn; 1/2 cupJasmine Rice; 1 unitVeggie Stock Concentrate; 1 tablespoonSouthwest Spice Blend; 1 unitRoma Tomato; 1 unitLime; 1/4 ounceCilantro; 4 tablespoonSour Cream; 1/4 cupMonterey Jack Cheese; 1 teaspoonHot Sauce; 3 ounceTortilla Chips; 2 teaspoonOlive Oil; Salt; Pepper; 2 tablespoonButter
Veggie Burrito Bowls,Milk,Calories 1060kcal,Fat 46g,Saturated Fat 19g,Carbohydrate 121g,Sugar 16g,Dietary Fiber 26g,Protein 32g,Cholesterol 80mg,Sodium 690mg,1 unitYellow Onion; 13.4 ounceBlack Beans; 13.4 ounceCorn; 1/2 cupJasmine Rice; 1 tablespoonSouthwest Spice Blend; 1 unitRoma Tomato; 1 unitLime; 1/4 ounceCilantro; 4 tablespoonSour Cream; 1/2 cupMexican Cheese Blend; 3 ounceTortilla Chips; 1 teaspoonHot Sauce; 2 tablespoonButter; 2 teaspoonOlive Oil; Salt; Pepper
Veggie Caprese Sandwich,Soy; Wheat; Milk; Tree Nuts,Calories 670kcal,Fat 39g,Saturated Fat 10g,Carbohydrate 60g,Sugar 9g,Dietary Fiber 4g,Protein 16g,Cholesterol 40mg,Sodium 880mg,2 unitDemi-Baguette; 2 ounceArugula; 4 ounceFresh Mozzarella; 1 unitRoma Tomato; 5 teaspoonBalsamic Vinegar; 1 ounceAlmonds; 4 tablespoonPesto; 2 teaspoonOlive Oil; Salt; Pepper
Veggie Chiles Rellenos,Milk,Calories 840kcal,Fat 47g,Saturated Fat 17g,Carbohydrate 88g,Sugar 9g,Dietary Fiber 11g,Protein 16g,Cholesterol 65mg,Sodium 560mg,2 unitPoblano Pepper; 3/4 cupJasmine Rice; 1 unitYellow Onion; 1 unitRoma Tomato; 1 unitLime; 1 unitChili Pepper; 4 tablespoonSour Cream; 1 unitVeggie Stock Concentrate; 1 tablespoonSouthwest Spice Blend; 1/2 cupMonterey Jack Cheese; 1 unitAvocado; 4 teaspoonVegetable Oil; 2 teaspoonOlive Oil; 1 tablespoonButter; Salt; Pepper
Veggie Chorizo Tacos,Soy; Wheat; Milk,Calories 650kcal,Fat 21g,Saturated Fat 7g,Carbohydrate 77g,Sugar 15g,Dietary Fiber 6g,Protein 38g,Cholesterol 20mg,Sodium 1080mg,1 unitRed Onion; 1 unitPoblano Pepper; 1 unitRoma Tomato; 2 unitKiwi; 1/4 ounceCilantro; 1 unitLime; 8 ounceVeggie Chorizo Crumbles; 4 tablespoonSour Cream; 6 unitFlour Tortillas; 1 tablespoonVegetable Oil; Salt; Pepper
Veggie Couscous Bowl,Wheat; Milk,Calories 690kcal,Fat 25g,Saturated Fat 10g,Carbohydrate 99g,Sugar 15g,Dietary Fiber 11g,Protein 23g,Cholesterol 50mg,Sodium 990mg,1 unitZucchini; 1 unitBell Pepper; 1 unitShallot; 2 unitScallions; 1 unitLemon; 1 tablespoonTunisian Spice Blend; 2 unitWhole Wheat Pitas; 1 teaspoonGarlic Powder; 1 unitVeggie Stock Concentrate; 1/2 cupCouscous; 2 ounceYogurt; 4 tablespoonSour Cream; 1/2 cupFeta Cheese; 5 teaspoonOlive Oil; Salt; Pepper
Veggie Fattoush Salad,Soy; Wheat; Sesame; Milk,Calories 800kcal,Fat 33g,Saturated Fat 6g,Carbohydrate 90g,Sugar 8g,Dietary Fiber 21g,Protein 30g,Cholesterol 15mg,Sodium 910mg,1 ounceMixed Olives; 2 unitPersian Cucumber; 4 ounceGrape Tomatoes; 1 unitShallot; 2 cloveGarlic; 1/4 ounceParsley; 1 boxChickpeas; 1 teaspoonCumin; 2 unitPita Bread; 1 teaspoonZa'atar Spice; 2 tablespoonWhite Wine Vinegar; 1/2 cupFeta Cheese; 8 teaspoonOlive Oil; Salt; Pepper
Veggie Lo Mein,Wheat; Soy; Tree Nuts,Calories 501kcal,Fat 18g,Saturated Fat 2g,Carbohydrate 75g,Sugar 16g,Dietary Fiber 8g,Protein 15g,,Sodium 1332mg,4 ounceButton Mushrooms; 6 ounceGreen Beans; 1 unitCarrots; 8 ounceUdon Noodles; 1 thumbGinger; 2 cloveGarlic; 1 unitVeggie Stock Concentrate; 2 unitScallions; 1 jarHoisin Sauce Jar; 4.5 teaspoonSoy Sauce; 1 jarHoney; 1 ounceCashew Pieces; 1 tablespoonOlive Oil; unitSalt; unitPepper
"Veggie Lo Mein with Mushrooms, Green Beans, and Sweet Ginger-Soy Sauce",Wheat; Soy,Calories 571kcal,Fat 16g,Saturated Fat 2g,Carbohydrate 99g,Sugar 40g,Dietary Fiber 7g,Protein 13g,,Sodium 2076mg,4 ounceButton Mushrooms; 4 ounceGreen Beans; 6 ounceCarrots; 6 ounceUdon Noodles; 1 thumbGinger; 2 cloveGarlic; 12 boxVeggie Stock Concentrate; 2 unitScallions; 2 tablespoonHoisin Sauce; 16 boxSoy Sauce; 1 ounceHoney; 2 tablespoonOlive Oil
Veggie Tacos Al Pastor,Milk; Soy; Wheat,Calories 730kcal,Fat 25g,Saturated Fat 11g,Carbohydrate 96g,Sugar 25g,Dietary Fiber 10g,Protein 13g,Cholesterol 30mg,Sodium 1090mg,2 unitSweet Potatoes; 1 unitPoblano Pepper; 1 unitJalapeño; 1 unitRed Onion; 2 cloveGarlic; 1 unitLime; 1 tablespoonSouthwest Spice Blend; 1 teaspoonDried Oregano; 1 teaspoonCumin; 5 teaspoonRed Wine Vinegar; 4 ouncePineapple; 6 tablespoonSour Cream; 1 teaspoonHot Sauce; 6 unitFlour Tortillas; 1/4 ounceCilantro; 3 teaspoonOlive Oil; 1/2 teaspoonSugar; Salt; Pepper
Veggie-licious Tacos,Soy; Wheat; Milk,Calories 740kcal,Fat 30g,Saturated Fat 8g,Carbohydrate 86g,Sugar 7g,Dietary Fiber 20g,Protein 22g,Cholesterol 20mg,Sodium 910mg,13.4 ounceChickpeas; 1 tablespoonSouthwest Spice Blend; 1 unitBell Pepper; 1 unitRed Onion; 2 unitScallions; 1 unitLime; 1 unitAvocado; 6 unitFlour Tortillas; 4 tablespoonSour Cream; 2 teaspoonOlive Oil; Salt; Pepper
Veggie-Loaded Orzo and Sausage,Wheat; Milk,Calories 860kcal,Fat 44g,Saturated Fat 16g,Carbohydrate 84g,Sugar 12g,Dietary Fiber 7g,Protein 36g,Cholesterol 95mg,Sodium 1120mg,1/4 ounceParsley; 2 ounceGarlic; 1 unitRed Onion; 4 ounceGrape Tomatoes; 1 unitZucchini; 1 unitBell Pepper; 9 ounceSweet Italian Pork Sausage; 6 ounceOrzo Pasta; 1/4 cupParmesan Cheese; 2 packLemon Juice; 2 teaspoonOlive Oil; Salt; Pepper
Velvety Mushroom Prosciutto Chicken,Milk,Calories 680kcal,Fat 36g,Saturated Fat 17g,Carbohydrate 43g,Sugar 7g,Dietary Fiber 8g,Protein 46g,Cholesterol 190mg,Sodium 1080mg,4 ounceButton Mushrooms; 2 unitScallions; 8 ounceBroccoli Florets; 12 ounceYukon Gold Potatoes; 10 ounceChicken Cutlets; 2 ounceProsciutto; 1 unitMushroom Stock Concentrate; 6 tablespoonSour Cream; 4 teaspoonVegetable Oil; 2 tablespoonButter; Salt; Pepper
Venetian Scallop Spaghetti,Wheat; Milk; Shellfish,Calories 750kcal,Fat 33g,Saturated Fat 18g,Carbohydrate 84g,Sugar 9g,Dietary Fiber 7g,Protein 32g,Cholesterol 115mg,Sodium 770mg,1 unitLemon; 1 cloveGarlic; 1 unitGreen Herb Blend; 4 ounceGrape Tomatoes; 6 ounceSpaghetti; 2 tablespoonGarlic Herb Butter; 6 tablespoonCrème Fraîche; 1/4 cupParmesan Cheese; 1 unitChili Pepper; 8 ounceScallops; 2 teaspoonOlive Oil; Salt; Pepper
Vermicelli Noodle Bowl,Soy; Wheat,Calories 662kcal,Fat 32g,,Carbohydrate 79g,,Dietary Fiber 6g,Protein 23g,,,unitVermicelli; 1 unitCarrots; 1 unitCucumber; 1/2 ounceCilantro; 1 thumbGinger; 2 tablespoonWhite Wine Vinegar; 14 ounceTofu; 1 tablespoonSoy Sauce; 1 unitSerrano Pepper; 2 unitScallions; 2 cloveGarlic; 2 tablespoonSugar; 3 tablespoonOlive Oil
Very Teriyaki Pork Tenderloin,Soy; Wheat,Calories 550kcal,Fat 10g,Saturated Fat2.5 g,Carbohydrate 71g,Sugar 10g,Dietary Fiber 3g,Protein 44g,Cholesterol 110mg,Sodium 520mg,1.5 cupBasmati Rice; 12 ounceAsparagus; 4 unitScallions; 1 thumbGinger; 24 ouncePork Tenderloin; 2 tablespoonCornstarch; 4 tablespoonSoy Sauce; 4 teaspoonHoney; 4 cloveGarlic; 2 tablespoonHoisin Sauce Jar; 1 tablespoonVegetable Oil; unitSalt; unitPepper
Vibrant Veggie Skewers,Milk; Wheat,Calories 600kcal,Fat 36g,Saturated Fat 14g,Carbohydrate 57g,Sugar 11g,Dietary Fiber 6g,Protein 17g,Cholesterol 50mg,Sodium 480mg,1 unitCorn on the Cob; 1.5 tablespoonWhite Wine Vinegar; 2 teaspoonDijon Mustard; 1 unitRed Bell Pepper; 1 unitZucchini; 4 ounceButton Mushrooms; 1 unitRoma Tomato; 2 cloveGarlic; 1/2 cupFeta Cheese; 1/2 cupCouscous; 1/4 ounceParsley; 4 unitWooden Skewers; 7 teaspoonOlive Oil; 2 tablespoonButter; Salt; Pepper
Vibrant Veggie Skewers,Wheat; Milk,Calories 680kcal,Fat 37g,Saturated Fat 14g,Carbohydrate 67g,Sugar 15g,Dietary Fiber 11g,Protein 20g,Cholesterol 50mg,Sodium 610mg,4 unitWooden Skewers; 1 unitRoma Tomato; 13.4 ounceCorn; 1 unitBell Pepper; 1 unitZucchini; 4 ounceButton Mushrooms; 1/4 ounceParsley; 1 unitVeggie Stock Concentrate; 1 teaspoonGarlic Powder; 4.5 teaspoonWhite Wine Vinegar; 2 teaspoonDijon Mustard; 1/2 cupCouscous; 1 tablespoonMediterranean Spice Blend; 1/2 cupFeta Cheese; 7 teaspoonOlive Oil; 2 tablespoonButter; Salt; Pepper
"Vietnamese Beef Stir-Fry with Basil, Coconut Rice, and Crispy Green Beans",Tree Nuts,Calories 664kcal,Fat 32g,,Carbohydrate 54g,,Dietary Fiber 6g,Protein 35g,,Sodium 269mg,10 ounceGround Beef; 2 unitScallions; 1 unitSerrano Pepper; 1/2 ounceBasil; 2 cloveGarlic; 1 unitRed Bell Pepper; 4 ounceGreen Beans; 1 unitLime; 1/2 cupBasmati Rice; 1/2 cupCoconut Milk; 2 teaspoonOlive Oil
Vietnamese Chicken Bowls,Soy; Wheat; Eggs; Milk,Calories 620kcal,Fat 26g,Saturated Fat 6g,Carbohydrate 58g,Sugar 11g,Dietary Fiber 4g,Protein 37g,Cholesterol 125mg,Sodium 830mg,2 cloveGarlic; 1 unitPersian Cucumber; 1/4 ounceCilantro; 1 unitLime; 1 unitChili Pepper; 4 ounceShredded Carrots; 1/2 cupJasmine Rice; 10 ounceChicken Cutlets; 2 tablespoonSoy Sauce; 1 teaspoonSriracha; 2 tablespoonMayonnaise; 2 teaspoonVegetable Oil; 1 tablespoonSugar; 1 tablespoonButter; Salt; Pepper
Vietnamese Marinated Steak,Soy; Wheat,Calories 620kcal,Fat 26g,Saturated Fat 7g,Carbohydrate 53g,Sugar 9g,Dietary Fiber 2g,Protein 39g,Cholesterol 115mg,Sodium 370mg,12 unitSirloin Steak; 2 unitBrown Sugar; 1 unitSoy Sauce; 2 unitGarlic; 1 unitJalapeño; 3 unitRadishes; 2 unitCucumber; 2 unitWhite Wine Vinegar; 1 unitLime; 1/4 unitMint; 1/2 unitJasmine Rice; 4 unitVegetable Oil; 1/2 unitSugar; unitSalt; unitPepper
Vietnamese-Marinated Steak,Soy; Wheat,Calories 499kcal,Fat 11g,Saturated Fat 2g,Carbohydrate 54g,Sugar 7g,Dietary Fiber 3g,Protein 46g,Cholesterol 74mg,Sodium 787mg,12 ounceSirloin Steak; 2 tablespoonSoy Sauce; 2 cloveGarlic; 1 unitJalapeño; 3 unitRadishes; 1 unitCucumber; 2 tablespoonWhite Wine Vinegar; 1 unitLime; 1/4 ounceMint; 1/2 cupJasmine Rice; 2 teaspoonSugar; 4 teaspoonOlive Oil; unitSalt; unitPepper
