Title,Allergens,Calories,Fat,Saturated Fat,Carbohydrate,Sugar,Dietary Fiber,Protein,Cholesterol,Sodium,Ingredients
Lamb Meatball Pitas,Wheat; Milk,Calories 933kcal,Fat 57g,,Carbohydrate 67g,,Dietary Fiber 15g,Protein 49g,,,12 ounceGround Lamb; 1 teaspoonCumin; 1 teaspoonAllspice; 1 bunchDill; 2 unitWhole Wheat Pitas; 1/2 cupYogurt; 2 cloveGarlic; 1 unitRed Onion; 1 unitLemon; 1 sprigMint; 1 headRomaine Lettuce; 1 unitTomato; 2 unitZucchini; 2 tablespoonOlive Oil; 1 pinchSalt; 1 pinchPepper
Lasagna-Baked Fusilli,Wheat; Milk,Calories 872kcal,Fat 32g,Saturated Fat 15g,Carbohydrate 98g,Sugar 14g,Dietary Fiber 7g,Protein 53g,Cholesterol 122mg,Sodium 742mg,20 ounceGround Beef; 12 ounceFusilli Pasta; 1 unitYellow Onion; 4 cloveGarlic; 8 ounceKale; 2 teaspoonDried Oregano; 1/2 cupPanko Breadcrumbs; 8 ounceFresh Mozzarella; 1 teaspoonChili Flakes; 2 boxCrushed Tomatoes; unitSalt; unitPepper; 1 tablespoonOlive Oil
Lauren Conrad's Cauliflower Stir-Fry Bowls,Peanuts; Soy; Wheat; Milk,Calories 560kcal,Fat 26g,Saturated Fat 7g,Carbohydrate 72g,Sugar 16g,Dietary Fiber 7g,Protein 12g,Cholesterol 15mg,Sodium 760mg,1 thumbGinger; 1/2 cupJasmine Rice; 2 unitScallions; 1 unitBell Pepper; 4 ouncePineapple; 10 ounceCauliflower Florets; 1 ouncePeanuts; 1 tablespoonCornstarch; 5 teaspoonWhite Wine Vinegar; 2 tablespoonSoy Sauce; 1 unitVeggie Stock Concentrate; 2 teaspoonOlive Oil; 1 teaspoonSugar; 1 tablespoonVegetable Oil; 1 tablespoonButter; Salt; Pepper
Lauren Conrad's Chicken Tacos,Soy; Wheat,Calories 550kcal,Fat 25g,Saturated Fat 7g,Carbohydrate 49g,Sugar 6g,Dietary Fiber 7g,Protein 31g,Cholesterol 115mg,Sodium 980mg,1 unitRoma Tomato; 3 unitRadishes; 2 unitScallions; 1 unitLime; 10 ounceChicken Breast Strips; 1 tablespoonSouthwest Spice Blend; 1 unitAvocado; 6 unitFlour Tortillas; 1 teaspoonVegetable Oil; Salt; Pepper
Layered Enchiladas,Milk,Calories 794kcal,Fat 30g,,Carbohydrate 112g,,Dietary Fiber 12g,Protein 24g,,,1 unitYellow Onion; 1 unitJalapeño; 8 ounceMushrooms; 1 unitZucchini; 2 cloveGarlic; 1 boxCrushed Tomatoes; 1/2 teaspoonChipotle Powder; 1 teaspoonSouthwest Spice Blend; 1 teaspoonHot Sauce; 6 unitCorn Tortillas; 2 ounceCheddar Cheese; 2 ounceSour Cream; 1.5 tablespoonOlive Oil
Lea Michele’s Fave Veggie Bowls,Wheat; Milk; Tree Nuts,Calories 650kcal,Fat 33g,Saturated Fat 13g,Carbohydrate 67g,Sugar 11g,Dietary Fiber 8g,Protein 23g,Cholesterol 55mg,Sodium 550mg,1 cupFarro; 2 unitVeggie Stock Concentrate; 1 unitZucchini; 1 unitRoma Tomato; 1 unitRed Onion; 4 ounceFresh Mozzarella; 1/2 ounceBasil; 5 teaspoonBalsamic Vinegar; 1 teaspoonItalian Seasoning; 1/2 ounceAlmonds; 4 teaspoonOlive Oil; 1 teaspoonVegetable Oil; 1 tablespoonButter; Salt; Pepper
Lean Green Steak Machine,,Calories 500kcal,Fat 26g,Saturated Fat 7g,Carbohydrate 26g,Sugar 11g,Dietary Fiber 9g,Protein 42g,Cholesterol 120mg,Sodium 170mg,12 ounceSirloin Steak; 1 unitZucchini; 1 unitRed Onion; 6 ounceAsparagus; 4 ouncePeas; 1/4 ounceMint; 1/4 ounceChives; 1 unitLemon; 4 teaspoonOlive Oil; unitSalt; unitPepper
Lean Mean Chicken and Greens,Tree Nuts,Calories 650kcal,Fat 30g,Saturated Fat3.5 g,Carbohydrate 54g,Sugar 16g,Dietary Fiber 11g,Protein 48g,Cholesterol 100mg,Sodium 170mg,12 ounceChicken Breasts; 12 ounceYukon Gold Potatoes; 1/4 ounceRosemary; 4 ounceArugula; 1/4 ounceParsley; 2 cloveGarlic; 1 unitLemon; 1 unitShallot; 1 ounceWalnuts; 1 ounceDried Cranberries; 8 teaspoonOlive Oil; unitSalt; unitPepper
Lebanese Beef Skewers,,Calories 674kcal,Fat 30g,,Carbohydrate 74g,,Dietary Fiber 10g,Protein 36g,,,Ingredientsserving amount248 ounceGround Beef1 bunchGrape Tomatoes1 unitEnglish Cucumber3/4 cupQuinoa1 bunchParsley2 unitScallions1 teaspoonCinnamon1 teaspoonAllspice1 unitYellow Onion1 unitLemon4 unitWooden Skewers; 8 ounceGround Beef; 1 bunchGrape Tomatoes; 1 unitEnglish Cucumber; 3/4 cupQuinoa; 1 bunchParsley; 2 unitScallions; 1 teaspoonCinnamon; 1 teaspoonAllspice; 1 unitYellow Onion; 1 unitLemon; 4 unitWooden Skewers
Lemon Basil Shrimp Skewers,Wheat; Shellfish; Milk,Calories 710kcal,Fat 27g,Saturated Fat 6g,Carbohydrate 83g,Sugar 6g,Dietary Fiber 11g,Protein 37g,Cholesterol 230mg,Sodium 540mg,4 unitWooden Skewers; 4 ounceGrape Tomatoes; 2 cloveGarlic; 1 unitLemon; 1/2 ounceBasil; 2 tablespoonWhite Wine Vinegar; 6 ounceOrzo Pasta; 1 unitAvocado; 10 ounceShrimp; 1 tablespoonOlive Oil; 1 tablespoonButter; Salt; Pepper
Lemon Butter Barramundi,Tree Nuts; Fish; Milk,Calories 750kcal,Fat 40g,Saturated Fat 15g,Carbohydrate 68g,Sugar 11g,Dietary Fiber 10g,Protein 36g,Cholesterol 120mg,Sodium 370mg,2 unitScallions; 1 unitLemon; 12 ounceCarrots; 1 teaspoonChili Flakes; 1/2 cupJasmine Rice; 1 ouncePistachios; 10 ounceBarramundi; 1 tablespoonTunisian Spice Blend; 1 unitVeggie Stock Concentrate; 4 teaspoonOlive Oil; 3 tablespoonButter; Salt; Pepper
Lemon Butter Trout,Fish; Milk; Tree Nuts,Calories 850kcal,Fat 63g,Saturated Fat 24g,Carbohydrate 44g,Sugar 7g,Dietary Fiber 10g,Protein 34g,Cholesterol 135mg,Sodium 290mg,12 ounceYukon Gold Potatoes; 6 ounceAsparagus; 1/4 ounceChives; 1 unitLemon; 10 ounceSteelhead Trout; 1 tablespoonFry Seasoning; 1 teaspoonHorseradish Powder; 6.75 ounceMilk; 1 unitVeggie Stock Concentrate; 1/2 ounceAlmonds; 2 tablespoonOlive Oil; 4 tablespoonButter; Salt; Pepper; 1 teaspoonVegetable Oil
Lemon Chive Chicken,Milk; Wheat,Calories 650kcal,Fat 31g,Saturated Fat 14g,Carbohydrate 60g,Sugar 13g,Dietary Fiber 12g,Protein 36g,Cholesterol 155mg,Sodium 470mg,12 ounceYukon Gold Potatoes; 1 cloveGarlic; 1/4 ounceChives; 12 ounceCarrots; 1 unitLemon; 4 tablespoonSour Cream; 2 tablespoonFlour; 1 tablespoonTuscan Heat Spice; 10 ounceChicken Cutlets; 1 unitChicken Stock Concentrate; 4 teaspoonOlive Oil; 2 tablespoonButter; Salt; Pepper
Lemon Cream Chicken Cutlets,Milk,Calories 480kcal,Fat 19g,Saturated Fat4.5 g,Carbohydrate 44g,Sugar 7g,Dietary Fiber 10g,Protein 35g,Cholesterol 115mg,Sodium 420mg,12 ounceYukon Gold Potatoes; 1 unitLemon; 6 ounceGreen Beans; 1 tablespoonShawarma Spice Blend; 2 tablespoonSour Cream; 1 cloveGarlic; 1/4 ounceDill; 10 ounceChicken Cutlets; 1 unitChicken Stock Concentrate; Salt; Pepper; 5 teaspoonOlive Oil
Lemon Dill Crab Cakes,Eggs; Milk; Shellfish; Wheat; Fish; Soy,Calories 830kcal,Fat 52g,Saturated Fat 17g,Carbohydrate 64g,Sugar 13g,Dietary Fiber 10g,Protein 30g,Cholesterol 185mg,Sodium 1110mg,12 ounceYukon Gold Potatoes; 1 teaspoonGarlic Powder; 8 ounceBaby Carrots; 1 unitLemon; 1/4 ounceDill; 2 tablespoonMayonnaise; 2 tablespoonSour Cream; 1/4 cupParmesan Cheese; 10 ounceCrab Cakes; 1 teaspoonChili Flakes; 1/4 cupPanko Breadcrumbs; 1 tablespoonVegetable Oil; 1 tablespoonButter; Salt; Pepper
Lemon Dill Lobster Ravioli and Shrimp,Shellfish; Eggs; Milk; Wheat,Calories 600kcal,Fat 29g,Saturated Fat 12g,Carbohydrate 43g,Sugar 7g,Dietary Fiber 6g,Protein 33g,Cholesterol 300mg,Sodium 1620mg,1 unitLemon; 1/4 ounceDill; 10 ounceShrimp; 1 unitZucchini; 9 ounceLobster Ravioli; 1 unitVeggie Stock Concentrate; 2 tablespoonSour Cream; 4 teaspoonOlive Oil; 1 tablespoonButter; Salt; Pepper
Lemon Garlic Salmon Fillets,Fish; Wheat; Milk,Calories 960kcal,Fat 54g,Saturated Fat 21g,Carbohydrate 81g,Sugar 8g,Dietary Fiber 7g,Protein 47g,Cholesterol 150mg,Sodium 290mg,6 ounceBaby Broccoli; 1 unitLemon; 2 cloveGarlic; 10 ounceSkin-on Salmon; 6 ounceLinguine; 1/2 tablespoonTuscan Heat Spice; 1/4 cupCream Cheese; 3 tablespoonButter; 3 teaspoonOlive Oil; Salt; Pepper
Lemon Pepper Chicken Linguine,Tree Nuts; Wheat; Milk,Calories 730kcal,Fat 26g,Saturated Fat 12g,Carbohydrate 75g,Sugar 5g,Dietary Fiber 7g,Protein 52g,Cholesterol 165mg,Sodium 320mg,1 tablespoonTricolor Peppercorns; 2 unitLemon; 4 cloveGarlic; 12 ounceLinguine; 5 ounceSpinach; 24 ounceChicken Breasts; 1/2 cupParmesan Cheese; 3 teaspoonOlive Oil; 4 tablespoonButter; Salt; Pepper
Lemon Peppercorn Chicken,Milk,Calories 520kcal,Fat 22g,Saturated Fat 9g,Carbohydrate 42g,Sugar 6g,Dietary Fiber 8g,Protein 40g,Cholesterol 155mg,Sodium 350mg,24 ounceYukon Gold Potatoes; 1/2 ounceRosemary; 2 cloveGarlic; 1 unitLemon; 24 ounceChicken Breasts; 2 tablespoonBlack Peppercorns; 12 ounceGreen Beans; 2 unitChicken Stock Concentrate; 4 tablespoonSour Cream; 6 tablespoonButter; 8 teaspoonOlive Oil; Salt; Pepper
Lemon Ricotta Pancakes,Eggs; Milk; Wheat,Calories 530kcal,Fat 25g,Saturated Fat 10g,Carbohydrate 57g,Sugar 22g,Dietary Fiber 4g,Protein 23g,Cholesterol 195mg,Sodium 500mg,1 unitLemon; 1 unitOrange; 4 ounceBreakfast Sausage; 2 unitEggs; ⅔ cupMilk; 4 ounceRicotta Cheese; 1/4 teaspoonNutmeg; 1 teaspoonFlour; 1 teaspoonBaking Powder; 3 tablespoonSugar; 1 teaspoonVegetable Oil; 1.5 tablespoonButter; Salt
Lemon Rosemary Chicken Cutlets,Wheat; Milk,Calories 460kcal,Fat 19g,Saturated Fat 9g,Carbohydrate 39g,Sugar 4g,Dietary Fiber 5g,Protein 34g,Cholesterol 135mg,Sodium 290mg,10 ounceChicken Cutlets; 1/2 cupIsraeli Couscous; 1 unitLemon; 4 ounceHeirloom Grape Tomatoes; 1/4 ounceRosemary; 2 cloveGarlic; 1 teaspoonChili Flakes; 1/4 cupParmesan Cheese; 2 teaspoonOlive Oil; 1 tablespoonButter; Salt; Pepper
Lemongrass Beef Stir-Fry,Soy; Wheat,Calories 457kcal,Fat 10g,Saturated Fat 3g,Carbohydrate 62g,Sugar 6g,Dietary Fiber 6g,Protein 32g,,Sodium 497mg,16 ounceBeef Tenderloin Tips; 2 unitRed Bell Pepper; 2 tablespoonCornstarch; 2 cloveGarlic; 12 ounceGreen Beans; 1 unitLemongrass; 1.5 cupBasmati Rice; 4 unitScallions; 2 jarSoy Sauce Jar; 2 tablespoonWhite Wine Vinegar; 1 tablespoonSugar; 2 teaspoonOlive Oil; unitSalt; unitPepper
Lemongrass Chicken Legs,Soy; Wheat; Fish,Calories 890kcal,Fat 32g,Saturated Fat 9g,Carbohydrate 98g,Sugar 24g,Dietary Fiber 4g,Protein 50g,Cholesterol 190mg,Sodium 970mg,2 cloveGarlic; 1 unitLemongrass; 2 unitLime; 2 unitBaby Bok Choy; 16 ounceChicken Legs; 3/4 cupJasmine Rice; 2 tablespoonSoy Sauce; 1 ounceHoney; 1 teaspoonFish Sauce; 1 teaspoonSriracha; 1/4 ounceCilantro; 2 teaspoonVegetable Oil; 1 tablespoonSugar; Salt; Pepper
Lemongrass Chicken Skewers,Wheat; Tree Nuts,Calories 678kcal,Fat 33g,,Carbohydrate 60g,,Dietary Fiber 5g,Protein 34g,,Sodium 846mg,10 ounceGround Chicken; 1 unitRed Onion; 2 tablespoonSriracha; unitGround Coriander; 3/4 cupJasmine Rice; 1/4 cupPanko Breadcrumbs; 2 unitLemongrass; 1 canCoconut Milk; 1 bunchCilantro; 1 unitCarrots; 1 unitCucumber; 1 unitLime; 1.5 tablespoonOlive Oil
Lemongrass Pork Burgers,Soy; Wheat; Eggs,Calories 800kcal,Fat 40g,Saturated Fat 10g,Carbohydrate 76g,Sugar 20g,Dietary Fiber 12g,Protein 31g,Cholesterol 95mg,Sodium 1060mg,8 ounceGround Pork; 1 unitLemongrass; 1/4 ounceMint; 1 teaspoonThai Seasoning Blend; 2 teaspoonSriracha; 1/2 ounceSoy Sauce; 1 jarMayonnaise; 3 unitCarrots; 1 unitShallot; 2 unitBrioche Buns; 1 unitLime; 2 teaspoonVegetable Oil; unitSalt; unitPepper
Lemon-Roasted Tilapia,Fish,Calories 498kcal,Fat 28g,,Carbohydrate 28g,,Dietary Fiber 6g,Protein 39g,,,2 unitTilapia; 8 ounceBaby Red Potatoes; 1 unitLemon; 1 unitZucchini; 1 bunchGrape Tomatoes; 1 teaspoonHerbes de Provence; 2 cloveGarlic; 1 bunchParsley; 2 tablespoonOlive Oil; unitSalt; unitPepper
Lemon-Thyme Pork,Milk,Calories 670kcal,Fat 37g,Saturated Fat 17g,Carbohydrate 50g,Sugar 5g,Dietary Fiber 4g,Protein 39g,Cholesterol 150mg,Sodium 860mg,1 unitZucchini; 1 unitLemon; 1/4 ounceThyme; 1/2 cupJasmine Rice; 12 ouncePork Cutlets; 2 tablespoonGarlic Herb Butter; 1 unitChicken Stock Concentrate; 2 tablespoonSour Cream; 2 teaspoonVegetable Oil; Salt; Pepper
Lemony Cheese Tortelloni,Eggs; Milk; Wheat,Calories 700kcal,Fat 30g,Saturated Fat 15g,Carbohydrate 71g,Sugar 13g,Dietary Fiber 12g,Protein 37g,Cholesterol 130mg,Sodium 940mg,1 unitZucchini; 9 ounceCheese Tortelloni; 2 cloveGarlic; 1 unitLemon; 4 ounceBacon; 6 ouncePeas; 4 tablespoonSour Cream; 1 unitChicken Stock Concentrate; 1 teaspoonOlive Oil; 1 tablespoonButter; Salt; Pepper
Lemony Cheese Tortelloni,Eggs; Milk; Wheat,Calories 770kcal,Fat 42g,Saturated Fat 21g,Carbohydrate 69g,Sugar 9g,Dietary Fiber 7g,Protein 31g,Cholesterol 140mg,Sodium 1460mg,1 unitZucchini; 9 ounceCheese Tortelloni; 2 cloveGarlic; 1 unitLemon; 4 ouncePancetta; 4 ouncePeas; 4 tablespoonSour Cream; 1 teaspoonOlive Oil; 1 tablespoonButter; Salt; Pepper
"Lemony Chicken Paillard with Sweet Potato Wedges, Arugula Salad, and Chimichurri",,Calories 506kcal,Fat 19g,Saturated Fat 2g,Carbohydrate 45g,Sugar 11g,Dietary Fiber 9g,Protein 45g,,Sodium 224mg,12 ounceChicken Breasts; 2 ounceArugula; 1 unitLemon; 2 cloveGarlic; 1/4 ounceParsley; 1 teaspoonCumin; 12 ounceSweet Potatoes; 4 ounceGrape Tomatoes; 7 teaspoonOlive Oil; boxSalt; boxPepper
Lemony Lobster Ravioli,Eggs; Milk; Shellfish; Wheat,Calories 630kcal,Fat 43g,Saturated Fat 25g,Carbohydrate 44g,Sugar 8g,Dietary Fiber 7g,Protein 20g,Cholesterol 145mg,Sodium 870mg,1 unitZucchini; 9 ounceLobster Ravioli; 2 tablespoonSour Cream; 1/4 cupParmesan Cheese; 1 unitLemon; 2 tablespoonCream Cheese; 1 teaspoonChili Flakes; 2 unitScallions; 2 teaspoonOlive Oil; 3 tablespoonButter; Salt; Pepper
Lemony Pan-Seared Chicken,Milk; Tree Nuts,Calories 540kcal,Fat 21g,Saturated Fat1.5 g,Carbohydrate 45g,Sugar 7g,Dietary Fiber 10g,Protein 48g,Cholesterol 100mg,Sodium 230mg,12 ounceChicken Breasts; 2 tablespoonPesto; 1 ouncePine Nuts; 12 ounceYukon Gold Potatoes; 1 unitLemon; 4 ouncePeas; 2 unitScallions; 1 teaspoonVegetable Oil; unitSalt; unitPepper
"Lemony Salmon & Cacio e Pepe Linguine with Crispy Broccoli, Burst Tomatoes, and Chilies",Fish; Wheat; Milk,Calories 903kcal,Fat 45g,Saturated Fat 16g,Carbohydrate 78g,Sugar 7g,Dietary Fiber 8g,Protein 55g,,Sodium 305mg,12 ounceSkin-on Salmon; 6 ounceLinguine; 6 ounceBroccoli Florets; 1 ounceParmesan Cheese; 1 unitLemon; 2 cloveGarlic; 1 teaspoonChili Flakes; 4 ounceGrape Tomatoes; 2 tablespoonButter; 2 tablespoonOlive Oil
Lemony Shrimp Linguine,Shellfish; Wheat; Milk,Calories 630kcal,Fat 15g,Saturated Fat 5g,Carbohydrate 79g,Sugar 10g,Dietary Fiber 8g,Protein 48g,,Sodium 415mg,20 ounceShrimp; 12 ounceLinguine; 4 cloveGarlic; 2 unitLemon; 1/2 ounceParsley; 2 unitRed Bell Pepper; 2 unitShallot; 1 teaspoonChili Flakes; 2 tablespoonButter; 4 teaspoonOlive Oil; unitSalt; unitPepper
Lemony Shrimp Risotto,Shellfish; Milk,Calories 590kcal,Fat 16g,Saturated Fat 7g,Carbohydrate 74g,Sugar 7g,Dietary Fiber 7g,Protein 38g,Cholesterol 245mg,Sodium 890mg,10 ounceShrimp; 3/4 cupArborio Rice; 1/4 cupParmesan Cheese; 1 unitChicken Stock Concentrate; 1 unitYellow Onion; 2 cloveGarlic; 1 unitZucchini; 1/4 ounceThyme; 1 unitLemon; 1 teaspoonOlive Oil; 1 tablespoonButter; unitSalt; unitPepper
Les Bistro Burgers,Eggs; Wheat; Milk; Tree Nuts,Calories 1380kcal,Fat 96g,Saturated Fat 31g,Carbohydrate 81g,Sugar 20g,Dietary Fiber 9g,Protein 44g,Cholesterol 210mg,Sodium 1680mg,12 ounceYukon Gold Potatoes; 1/4 ounceTarragon; 1 unitApple; 1 teaspoonHerbes de Provence; 5 teaspoonRed Wine Vinegar; 2 teaspoonDijon Mustard; 4 tablespoonMayonnaise; 10 ounceGround Beef; 2 unitBrioche Buns; 1/2 cupGruyère Cheese; 2 ounceArugula; 1 ounceAlmonds; 1/2 teaspoonSugar; 5 teaspoonOlive Oil; 1 teaspoonVegetable Oil; 2 tablespoonButter; Salt; Pepper
Lighter Fish and Chips,Fish; Eggs; Wheat; Milk,Calories 680kcal,Fat 38g,Saturated Fat 10g,Carbohydrate 51g,Sugar 7g,Dietary Fiber 9g,Protein 33g,Cholesterol 140mg,Sodium 260mg,24Catfish; 24Yukon Gold Potatoes; 1/4Dill; 2Persian Cucumber; 16Broccoli Florets; 4Mayonnaise; 4White Wine Vinegar; 1Panko Breadcrumbs; 2Fry Seasoning; 6Vegetable Oil; 2Butter; 1Sugar; Salt; Pepper
"""Little Ears"" Pasta",Wheat; Milk,Calories 300kcal,Fat 13g,Saturated Fat3.5 g,Carbohydrate 26g,Sugar 2g,Dietary Fiber 2g,Protein 13g,Cholesterol 20mg,Sodium 360mg,8 ounceBaby Broccoli; 9 ounceSweet Italian Pork Sausage; 6 ounceOrecchiette Pasta; 1 teaspoonChili Flakes; 2 ouncePesto; 1/4 cupParmesan Cheese; 2 teaspoonOlive Oil; Salt; Pepper
"""Little Ears"" Pasta",Wheat; Milk,Calories 900kcal,Fat 40g,Saturated Fat 11g,Carbohydrate 77g,Sugar 5g,Dietary Fiber 6g,Protein 37g,Cholesterol 75mg,Sodium 970mg,8 ounceBroccoli Florets; 9 ounceSweet Italian Pork Sausage; 6 ounceOrecchiette Pasta; 1 teaspoonChili Flakes; 2 ouncePesto; 1/4 cupParmesan Cheese; 2 teaspoonOlive Oil; unitSalt; unitPepper
"""Little Ears"" Pasta",Wheat; Milk,Calories 900kcal,Fat 40g,Saturated Fat 11g,Carbohydrate 77g,Sugar 5g,Dietary Fiber 6g,Protein 37g,Cholesterol 75mg,Sodium 970mg,18 ounceItalian Pork Sausage; 12 ounceOrecchiette Pasta; 16 ounceBroccoli Florets; 4 ouncePesto; 1 teaspoonChili Flakes; 1/2 cupParmesan Cheese; 4 teaspoonOlive Oil; unitSalt; unitPepper
"""Little Ears"" Pasta",Wheat; Milk,Calories 970kcal,Fat 59g,Saturated Fat 17g,Carbohydrate 77g,Sugar 5g,Dietary Fiber 6g,Protein 38g,Cholesterol 100mg,Sodium 1290mg,12 ounceBaby Broccoli; 18 ounceSweet Italian Pork Sausage; 12 ounceOrecchiette Pasta; 1 teaspoonChili Flakes; 4 ouncePesto; 1/2 cupParmesan Cheese; 4 teaspoonOlive Oil; Salt; Pepper
"""Little Ears"" Pasta",Wheat; Milk,Calories 980kcal,Fat 58g,Saturated Fat 17g,Carbohydrate 78g,Sugar 5g,Dietary Fiber 7g,Protein 38g,Cholesterol 100mg,Sodium 1300mg,8 ounceBroccoli Florets; 9 ounceSweet Italian Pork Sausage; 6 ounceOrecchiette Pasta; 1 teaspoonChili Flakes; 2 ouncePesto; 1/4 cupParmesan Cheese; 2 teaspoonOlive Oil; Salt; Pepper
"""Little Ears"" Pasta",Wheat; Milk,Calories 900kcal,Fat 40g,Saturated Fat 11g,Carbohydrate 76g,Sugar 5g,Dietary Fiber 6g,Protein 67g,Cholesterol 75mg,Sodium 960mg,6 ounceBaby Broccoli; 9 ounceSweet Italian Pork Sausage; 6 ounceOrecchiette Pasta; 1 teaspoonChili Flakes; 2 ouncePesto; 1/4 cupParmesan Cheese; 2 teaspoonOlive Oil; Salt; Pepper
Lively Lemongrass Steak Stir-Fry,Soy; Wheat,Calories 580kcal,Fat 5g,Saturated Fat1.5 g,Carbohydrate 80g,Sugar 9g,Dietary Fiber 4g,Protein 47g,Cholesterol 95mg,Sodium 690mg,1.5 cupBasmati Rice; 4 unitScallions; 12 ounceGreen Beans; 2 unitRed Bell Pepper; 2 cloveGarlic; 1 unitLemongrass; 24 ounceSirloin Steak; 2 tablespoonCornstarch; 2 ounceSoy Sauce; 2 tablespoonWhite Wine Vinegar; 2 teaspoonVegetable Oil; 1 tablespoonSugar; unitSalt; unitPepper
Loaded Bean & Veggie Chili,Milk,Calories 720kcal,Fat 20g,Saturated Fat 7g,Carbohydrate 113g,Sugar 18g,Dietary Fiber 15g,Protein 20g,Cholesterol 25mg,Sodium 1610mg,2 unitScallions; 1 unitYellow Onion; 1 unitPoblano Pepper; 1/2 cupJasmine Rice; 1.5 ounceTomato Paste; 1 tablespoonSouthwest Spice Blend; 1 tablespoonMexican Spice Blend; 14 ounceDiced Tomatoes; 1 unitVeggie Stock Concentrate; 13.4 ounceKidney Beans; 2 tablespoonSour Cream; 1 teaspoonHot Sauce; 1/2 cupMexican Cheese Blend; 2 teaspoonVegetable Oil; 1 tablespoonButter; Salt; Pepper
Loaded Potato Chowder,Wheat; Milk,Calories 600kcal,Fat 29g,Saturated Fat 12g,Carbohydrate 65g,Sugar 15g,Dietary Fiber 8g,Protein 19g,Cholesterol 65mg,Sodium 860mg,36 ounceYukon Gold Potatoes; 1 unitYellow Onion; 2 unitScallions; 4 cloveGarlic; 2 tablespoonFlour; 13.5 ounceMilk; 4 unitChicken Stock Concentrate; 4 ouncePancetta; 1 unitApple; 1 unitLemon; 2 teaspoonDijon Mustard; 8 tablespoonSour Cream; 1 cupCheddar Cheese; 4 ounceMixed Greens; 2 teaspoonVegetable Oil; 2 tablespoonOlive Oil; Salt; Pepper
Loaded Quinoa Bowls,Soy; Wheat; Milk,Calories 990kcal,Fat 67g,Saturated Fat 18g,Carbohydrate 86g,Sugar 13g,Dietary Fiber 13g,Protein 22g,Cholesterol 60mg,Sodium 1000mg,1/2 cupQuinoa; 1 unitSweet Potatoes; 6.5 ounceArtichokes; 4 ounceHeirloom Grape Tomatoes; 1 unitDemi-Baguette; 1 tablespoonSweet and Smoky BBQ Seasoning; 2 tablespoonSour Cream; 2 ounceArugula; 1/2 cupFeta Cheese; 2 tablespoonButter; 1/4 cupVegetable Oil; 5 teaspoonOlive Oil; Salt; Pepper
Lobster Ravioli & Shrimp,Shellfish; Wheat; Eggs; Milk,Calories 820kcal,Fat 47g,Saturated Fat 25g,Carbohydrate 57g,Sugar 8g,Dietary Fiber 7g,Protein 38g,Cholesterol 355mg,Sodium 1720mg,2 unitScallions; 1 unitLemon; 10 ounceShrimp; 1/2 cupPanko Breadcrumbs; 9 ounceLobster Ravioli; 1 teaspoonItalian Seasoning; 1.5 ounceTomato Paste; 2 tablespoonCream Cheese; 2 tablespoonSour Cream; 1/4 cupParmesan Cheese; 3 tablespoonButter; 1 tablespoonOlive Oil; Salt; Pepper
Lobster Ravioli and Shrimp in a Lemon Cream Sauce,Shellfish; Milk; Eggs; Wheat,Calories 750kcal,Fat 50g,Saturated Fat 25g,Carbohydrate 45g,Sugar 8g,Dietary Fiber 6g,Protein 41g,Cholesterol 355mg,Sodium 1530mg,4 unitScallions; 2 unitLemon; 2 unitZucchini; 20 ounceShrimp; 4 tablespoonCream Cheese; 4 tablespoonSour Cream; 18 ounceLobster Ravioli; 1/2 cupParmesan Cheese; 1 teaspoonChili Flakes; 6 tablespoonButter; 4 teaspoonOlive Oil; Salt; Pepper
Lobster Ravioli and Shrimp,Eggs; Milk; Shellfish; Wheat,Calories 620kcal,Fat 31g,Saturated Fat 16g,Carbohydrate 44g,Sugar 6g,Dietary Fiber 3g,Protein 41g,Cholesterol 330mg,Sodium 1060mg,9 ounceLobster Ravioli; 10 ounceHeirloom Grape Tomatoes; 10 ounceShrimp; 4 tablespoonSour Cream; 1/4 ounceTarragon; 2 cloveGarlic; 2 tablespoonButter; unitSalt; unitPepper
Lobster Ravioli and Shrimp,Eggs; Milk; Shellfish; Wheat,Calories 590kcal,Fat 28g,Saturated Fat 16g,Carbohydrate 40g,Sugar 7g,Dietary Fiber 5g,Protein 33g,Cholesterol 325mg,Sodium 1470mg,10 ounceGrape Tomatoes; 2 cloveGarlic; 1/4 ounceTarragon; 9 ounceLobster Ravioli; 10 ounceShrimp; 4 tablespoonSour Cream; 2 tablespoonButter; Salt; Pepper
Lobster Ravioli,Eggs; Milk; Shellfish; Wheat,Calories 270kcal,Fat 9g,Saturated Fat 5g,Carbohydrate 51g,Sugar 1g,Dietary Fiber 3g,Protein 12g,Cholesterol 60mg,Sodium 600mg,Ingredients/ serving 2 people9 ounceLobster Ravioli; 9 ounceLobster Ravioli
Lobster Ravioli Lasagna Gratin,Milk; Eggs; Shellfish; Wheat,Calories 930kcal,Fat 57g,Saturated Fat 33g,Carbohydrate 68g,Sugar 12g,Dietary Fiber 8g,Protein 44g,Cholesterol 195mg,Sodium 1680mg,8 ounceAsparagus; 4 ounceHeirloom Grape Tomatoes; 2 sliceGouda Cheese; 1/4 ounceChives; 1 unitLemon; 9 ounceLobster Ravioli; 1 tablespoonTuscan Heat Spice; 1 tablespoonFlour; 6.75 ounceMilk; 1 unitVeggie Stock Concentrate; 1/2 cupItalian Cheese Blend; 1/2 cupPanko Breadcrumbs; 1/2 cupParmesan Cheese; 2 tablespoonGarlic Herb Butter; 1 teaspoonChili Flakes; 2 teaspoonOlive Oil; 1 tablespoonButter; Salt; Pepper
Lobster Ravioli with Chorizo,Wheat; Eggs; Milk; Shellfish,Calories 820kcal,Fat 50g,Saturated Fat 24g,Carbohydrate 69g,Sugar 22g,Dietary Fiber 7g,Protein 30g,Cholesterol 175mg,Sodium 1550mg,1 unitShallot; 4 cloveGarlic; 3 ounceFresh Pork Chorizo; 1/2 ounceHoney; 1/4 teaspoonChili Flakes; 8 ounceCarrot; 1/4 cupPanko Breadcrumbs; 9 ounceLobster Ravioli; 4 ounceHeirloom Grape Tomatoes; 2 teaspoonSherry Vinegar; 3 ounceCream Cheese; 1/4 ounceParsley; 2 teaspoonOlive Oil; 1 tablespoonButter; Salt; Pepper
Lobster Ravioli with Maitake Mushrooms,Eggs; Milk; Shellfish; Wheat,Calories 600kcal,Fat 40g,Saturated Fat 19g,Carbohydrate 50g,Sugar 8g,Dietary Fiber 7g,Protein 19g,Cholesterol 125mg,Sodium 700mg,3 ounceBacon; 1 unitShallot; 1/4 ounceChives; 1 unitLemon; 9 ounceLobster Ravioli; 4 ounceSour Cream; 2 ounceArugula; 4 ounceMaitake Mushrooms; 1 tablespoonOlive Oil; 2 tablespoonButter; Salt; Pepper
Lone Star Chicken & Rice Bowls,Milk; Soy,Calories 660kcal,Fat 34g,Saturated Fat 14g,Carbohydrate 59g,Sugar 7g,Dietary Fiber 5g,Protein 36g,Cholesterol 120mg,Sodium 1140mg,1/2 cupJasmine Rice; 1 unitRoma Tomato; 1 unitLime; 1 tablespoonSouthwest Spice Blend; 1 unitTex-Mex Paste; 1 unitPoblano Pepper; 2 unitScallions; 10 ounceChicken Breast Strips; 4 tablespoonSmoky Red Pepper Crema; 1.5 ounceTomato Paste; Salt; Pepper; 1 tablespoonVegetable Oil; 2 tablespoonButter
Lone Star Poblano Mac & Cheese,Wheat; Milk,Calories 1090kcal,Fat 64g,Saturated Fat 37g,Carbohydrate 94g,Sugar 11g,Dietary Fiber 7g,Protein 32g,Cholesterol 185mg,Sodium 1050mg,1 unitPoblano Pepper; 1 unitRoma Tomato; 2 cloveGarlic; 6 ounceCavatappi Pasta; 1/2 cupPanko Breadcrumbs; 1 tablespoonSouthwest Spice Blend; 8 ounceCream Sauce Base; 2 tablespoonCream Cheese; 1/2 cupPepper Jack Cheese; 1/4 cupMonterey Jack Cheese; 1/2 cupMexican Cheese Blend; 2 teaspoonOlive Oil; 1 tablespoonButter; Salt; Pepper
Louisiana-Style Red Beans & Rice,Milk,Calories 670kcal,Fat 24g,Saturated Fat 12g,Carbohydrate 85g,Sugar 9g,Dietary Fiber 16g,Protein 24g,Cholesterol 50mg,Sodium 1500mg,1 unitGreen Bell Pepper; 2 unitScallions; 1 cloveGarlic; 13.4 ounceKidney Beans; 4 ounceKale; 1/2 cupJasmine Rice; 1.5 ounceTomato Paste; 1 teaspoonSmoked Paprika; 1 teaspoonCelery Salt; 1 tablespoonBlackening Spice; 3 unitVeggie Stock Concentrate; 4 tablespoonSour Cream; 1 teaspoonHot Sauce; 2 teaspoonVegetable Oil; 2 tablespoonButter; Salt; Pepper
Low Country Shrimp & Grits,Milk; Shellfish,Calories 720kcal,Fat 40g,Saturated Fat 21g,Carbohydrate 55g,Sugar 6g,Dietary Fiber 3g,Protein 27g,Cholesterol 295mg,Sodium 2130mg,1 unitBell Pepper; 2 unitVeggie Stock Concentrate; 4 tablespoonCream Cheese; 10 ounceShrimp; 1 teaspoonGarlic Powder; 2 unitScallions; 1/2 cupPolenta; 1/4 cupMonterey Jack Cheese; 1 teaspoonSmoked Paprika; 1 teaspoonHot Sauce; 5 teaspoonOlive Oil; 3 tablespoonButter; Salt; Pepper
