Title,Allergens,Calories,Fat,Saturated Fat,Carbohydrate,Sugar,Dietary Fiber,Protein,Cholesterol,Sodium,Ingredients
Early Summer Potato Salad,Soy,Calories 577kcal,Fat 38g,,Carbohydrate 39g,,Dietary Fiber 6g,Protein 20g,,,1 blockTofu; 1 sprigDill; 2 teaspoonDijon Mustard; 8 ounceBaby Red Potatoes; 1 unitLeek; 1 unitCucumber; 2 tablespoonRed Wine Vinegar; 1 stalkCelery; 4 ounceGreen Beans; unitOlive Oil; unitSalt; unitPepper
Eastern Carolina Pulled Chicken Sliders on Brioche,Wheat; Eggs,Calories 766kcal,Fat 25g,,Carbohydrate 79g,,Dietary Fiber 6g,Protein 50g,,,2 unitChicken Breasts; unitBrown Sugar; unitBBQ Seasoning; 2 tablespoonHot Sauce; 3 tablespoonWhite Wine Vinegar; 1 unitVeggie Stock Concentrate; 6 unitBrioche Buns; 2 ounceMixed Greens; 2 unitScallions; 6 ounceColeslaw Mix; 3 tablespoonMayonnaise; 1/2 teaspoonSugar
Easy As (Shepherd's) Pie,Milk; Wheat,Calories 676kcal,Fat 32g,Saturated Fat 14g,Carbohydrate 59g,Sugar 14g,Dietary Fiber 12g,Protein 41g,Cholesterol 115mg,Sodium 562mg,10 ounceGround Beef; 16 ounceYukon Gold Potatoes; 1/4 cupParmesan Cheese; 1 unitYellow Onion; 2 cloveGarlic; 1 tablespoonFlour; 1 unitChicken Stock Concentrate; 8 ounceBaby Carrots; 4 ouncePeas; 1/4 ounceThyme; 1 cupMilk; unitSalt; unitPepper; 1 tablespoonButter; 1 tablespoonOlive Oil
Easy-Peasy Ravioli Gratin,Milk; Eggs; Wheat,Calories 510kcal,Fat 26g,Saturated Fat 15g,Carbohydrate 48g,Sugar 4g,Dietary Fiber 4g,Protein 22g,Cholesterol 95mg,Sodium 910mg,1/2 unitYellow Onion; 1/4 ounceThyme; 1 unitVeggie Stock Concentrate; 9 ounceSpinach and Ricotta Ravioli; 1/4 cupPanko Breadcrumbs; 1/4 cupParmesan Cheese; 4 tablespoonSour Cream; 5 ounceSpinach; 1 tablespoonButter; 1 teaspoonOlive Oil; Salt; Pepper
Edamame and Sweet Potato Rice Bowl,Soy; Milk,Calories 817kcal,Fat 33g,Saturated Fat 7g,Carbohydrate 112g,Sugar 13g,Dietary Fiber 16g,Protein 24g,,Sodium 656mg,12 ounceSweet Potatoes; 1.5 ounceEdamame; 1 unitYellow Onion; 5 ounceSpinach; 4 ounceGrape Tomatoes; 1 thumbGinger; 1 ounceSunflower Seeds; 2 ounceFeta Cheese; 3/4 cupBrown Rice; 2 tablespoonWhite Wine Vinegar; 1 unitVeggie Stock Concentrate; 1 teaspoonPaprika; 7 teaspoonOlive Oil; unitSalt; unitPepper
Egg-In-A-Hole BLT,Wheat; Eggs; Milk,Calories 870kcal,Fat 62g,Saturated Fat 19g,Carbohydrate 57g,Sugar 7g,Dietary Fiber 11g,Protein 24g,Cholesterol 265mg,Sodium 1000mg,4 ounceBacon; 2 unitRoma Tomato; 1 unitRomaine Lettuce; 1 unitLemon; 4 unitWhole Wheat Bread; 2 tablespoonMayonnaise; 1 teaspoonItalian Seasoning; 2 unitEggs; 1 tablespoonVegetable Oil; 2 tablespoonButter; Salt; Pepper
Eggs-In-A-Hole Skillet,Soy; Wheat; Eggs,Calories 590kcal,Fat 18g,Saturated Fat2.5 g,Carbohydrate 69g,Sugar 9g,Dietary Fiber 18g,Protein 29g,Cholesterol 185mg,Sodium 740mg,1 boxChickpeas; 1 unitYellow Onion; 2 cloveGarlic; 1 canDiced Tomatoes; 8 ounceSwiss Chard; 1 teaspoonCurry Powder; 1 teaspoonGround Coriander; 1 unitDemi-Baguette; 1/4 ounceCilantro; 2 unitEggs; 3 teaspoonOlive Oil; unitSalt; unitPepper
Eggy Sausage Flatbreads,Wheat; Sesame; Milk; Eggs,Calories 770kcal,Fat 46g,Saturated Fat 18g,Carbohydrate 53g,Sugar 8g,Dietary Fiber 3g,Protein 41g,Cholesterol 275mg,Sodium 1350mg,1 unitShallot; 1 unitRoma Tomato; 1/2 ounceBasil; 4 ounceBreakfast Sausage; 2 unitFlatbreads; 1 cupItalian Cheese Blend; 1 teaspoonItalian Seasoning; 1/4 cupParmesan Cheese; 2 unitEggs; 1 tablespoonVegetable Oil; Salt; Pepper
El Paso Pork Burgers,Milk; Eggs; Soy; Wheat,Calories 940kcal,Fat 51g,Saturated Fat 15g,Carbohydrate 83g,Sugar 10g,Dietary Fiber 8g,Protein 36g,Cholesterol 125mg,Sodium 1200mg,12 ounceYukon Gold Potatoes; 1 tablespoonSouthwest Spice Blend; 1 teaspoonGarlic Powder; 1 unitPoblano Pepper; 1 unitRed Onion; 10 ounceGround Pork; 1/4 ounceMonterey Jack Cheese; 2 tablespoonMayonnaise; 2 unitPotato Buns; 1 tablespoonVegetable Oil; Salt; Pepper
Epic Nacho Mac â€™nâ€™ Cheese,Milk; Soy; Wheat,Calories 1120kcal,Fat 64g,Saturated Fat 37g,Carbohydrate 99g,Sugar 8g,Dietary Fiber 7g,Protein 37g,Cholesterol 165mg,Sodium 930mg,2 unitScallions; 1 unitPoblano Pepper; 1 cloveGarlic; 2 tablespoonSmoky Red Pepper Crema; 6 ounceCavatappi Pasta; 1 tablespoonSouthwest Spice Blend; 1 tablespoonFlour; 6 tablespoonCream Cheese; 1 cupWhite Cheddar Cheese; 1.5 ounceFood Should Taste Goodâ„¢ Blue Corn Tortilla Chips; 1/2 cupMexican Cheese Blend; 1 teaspoonHot Sauce; 1 teaspoonVegetable Oil; 2 tablespoonButter; Salt; Pepper
"Ethiopian Chickpea & Kale Salad with Berbere, Bulgur, and Sundried Tomato",Wheat; Tree Nuts,Calories 793kcal,Fat 31g,Saturated Fat 3g,Carbohydrate 96g,Sugar 9g,Dietary Fiber 21g,Protein 33g,,Sodium 296mg,12 ounceKale; 1 boxChickpeas; 1 teaspoonBerbere; 3/4 cupBulgur Wheat; 1.5 ounceSun-Dried Tomatoes; 2 cloveGarlic; 1 unitShallot; 2 teaspoonTomato Paste; 2 tablespoonSherry Vinegar; 1/4 ounceMint; 1/4 ounceCilantro; 1 ounceAlmonds; 2.5 tablespoonOlive Oil
