Title,Allergens,Calories,Fat,Saturated Fat,Carbohydrate,Sugar,Dietary Fiber,Protein,Cholesterol,Sodium,Ingredients
Indian Stuffed Peppers,,Calories 625kcal,Fat 20g,,Carbohydrate 101g,,Dietary Fiber 21g,Protein 21g,,,2 unitGreen Bell Pepper; 1/2 cupBasmati Rice; 1 unitCarrots; 4 ouncePeas; 1 unitYellow Onion; 1 teaspoonGaram Masala; 1 bunchParsley; 1 canChickpeas; 1 teaspoonCurry Powder; 2 tablespoonOlive Oil; unitSalt; unitPepper
Indian Stuffed Peppers,,Calories 778kcal,Fat 28g,,Carbohydrate 95g,,Dietary Fiber 9g,Protein 36g,,,2 unitGreen Bell Pepper; 8 ounceGround Beef; 1 unitYellow Onion; 1 teaspoonCurry Powder; 1 teaspoonGaram Masala; 1 unitCarrots; 4 ouncePeas; 1 bunchParsley; 3/4 cupBasmati Rice; 3 tablespoonOlive Oil
Indian-Inspired Eggplant,Milk,Calories 527kcal,Fat 15g,Saturated Fat 1g,Carbohydrate 80g,Sugar 13g,Dietary Fiber 7g,Protein 21g,Cholesterol 5mg,Sodium 266mg,1 unitEggplant; 1 tablespoonTandoori Spice; 1 unitShallot; 1 unitRed Bell Pepper; 2 cloveGarlic; 1 thumbGinger; 3/4 cupBasmati Rice; 1 unitVeggie Stock Concentrate; 1/4 ounceCilantro; 1 unitYogurt; 1 ouncePepitas; 1 tablespoonOlive Oil; unitSalt; unitPepper
"Israeli Black Eyed Peas with Fenugreek, Roasted Eggplant, and Feta",Milk,Calories 523kcal,Fat 20g,,Carbohydrate 77g,,Dietary Fiber 22g,Protein 25g,,Sodium 1558mg,2 cloveGarlic; 1 boxCrushed Tomatoes; 1/4 ounceCilantro; 1 canBlack-eyed peas; 1 unitRed Onion; 1 unitVeggie Stock Concentrate; 4 ounceCollard Greens; 1 unitEggplant; 1 teaspoonFenugreek; 2 ounceFeta Cheese; 2 tablespoonOlive Oil
Israeli Couscous Bowl,Wheat; Milk,Calories 552kcal,Fat 17g,Saturated Fat 6g,Carbohydrate 77g,Sugar 6g,Dietary Fiber 12g,Protein 22g,Cholesterol 25mg,Sodium 433mg,1 unitZucchini; 4 ounceHeirloom Grape Tomatoes; 2 unitScallions; 3/4 cupIsraeli Couscous; 1 teaspoonSmoked Paprika; 1 boxChickpeas; 1/4 cupFeta Cheese; 1 unitVeggie Stock Concentrate; 1 tablespoonButter; 2 teaspoonOlive Oil; unitSalt; unitPepper
Italian Baked Meatloaves,Wheat; Soy; Milk,Calories 750kcal,Fat 46g,Saturated Fat 20g,Carbohydrate 49g,Sugar 11g,Dietary Fiber 8g,Protein 35g,Cholesterol 140mg,Sodium 970mg,12 ounceYukon Gold Potatoes; 1 unitZucchini; 1 unitWhite Bread; 10 ounceGround Beef; 1 tablespoonTuscan Heat Spice; 1/2 teaspoonDried Oregano; 1.5 ounceTomato Paste; 1 unitChicken Stock Concentrate; 1/4 cupMonterey Jack Cheese; 1/4 teaspoonSugar; 2 teaspoonOlive Oil; 2 tablespoonButter; Salt; Pepper
Italian Chicken & Pepper Sandos,Eggs; Soy; Milk; Wheat,Calories 1100kcal,Fat 58g,Saturated Fat 21g,Carbohydrate 100g,Sugar 9g,Dietary Fiber 7g,Protein 47g,Cholesterol 175mg,Sodium 1200mg,12 ounceYukon Gold Potatoes; 1 unitYellow Onion; 1 unitGreen Bell Pepper; 2 tablespoonMayonnaise; 2 tablespoonSour Cream; 1 teaspoonGarlic Powder; 10 ounceChicken Breast Strips; 1 tablespoonItalian Seasoning; 1 unitChicken Stock Concentrate; 2 unitDemi-Baguette; 1/2 cupMozzarella Cheese; 2 tablespoonOlive Oil; 2 tablespoonButter; Salt; Pepper
Italian Chicken over Lemony Spaghetti,Wheat; Milk,Calories 790kcal,Fat 30g,Saturated Fat 11g,Carbohydrate 81g,Sugar 9g,Dietary Fiber 7g,Protein 55g,Cholesterol 160mg,Sodium 560mg,1 unitZucchini; 1 cloveGarlic; 1 unitLemon; 6 ounceSpaghetti; 12 ounceChicken Breasts; 1 tablespoonItalian Seasoning; 1 teaspoonChili Flakes; 1 unitChicken Stock Concentrate; 2 tablespoonSour Cream; 1/4 cupParmesan Cheese; 2 teaspoonOlive Oil; 2 teaspoonVegetable Oil; 1 tablespoonButter; Salt; Pepper
Italian Chicken Sausage and Veggie Soup for Dinner,Wheat; Soy; Milk,Calories 780kcal,Fat 38g,Saturated Fat 15g,Carbohydrate 70g,Sugar 11g,Dietary Fiber 5g,Protein 49g,Cholesterol 135mg,Sodium 1850mg,2 unitZucchini; 1 unitCarrots; 1 unitYellow Onion; 18 ounceItalian Chicken Sausage; 6 ounceCavatappi Pasta; 1 tablespoonTuscan Heat Spice; 14 ounceMarinara Cup; 1 teaspoonGarlic Powder; 2 unitChicken Stock Concentrate; 1 teaspoonChili Flakes; 1 unitCiabatta Bread; 1/2 cupItalian Cheese Blend; 1/2 cupParmesan Cheese; 4 teaspoonOlive Oil; 2.5 tablespoonButter; Salt; Pepper
"Italian Ciabatta Burgers with Caramelized Onion, Mozzarella, and Sweet-and-Tangy Arugula Salad",Soy; Wheat; Milk,Calories 914kcal,Fat 47g,Saturated Fat 15g,Carbohydrate 64g,Sugar 10g,Dietary Fiber 4g,Protein 51g,,Sodium 980mg,10 ounceGround Beef; 2 unitCiabatta Bread; 2 ounceArugula; 6 ounceTomato Paste; 2 tablespoonBalsamic Vinegar; 2 ounceMozzarella Cheese; 1 ounceParmesan Cheese; 1 unitRed Onion; 2 cloveGarlic; 1 teaspoonSugar; 8 teaspoonOlive Oil
Italian Ciabatta Burgers,Soy; Wheat; Milk,Calories 725kcal,Fat 32g,Saturated Fat 11g,Carbohydrate 60g,Sugar 6g,Dietary Fiber 4g,Protein 46g,Cholesterol 115mg,Sodium 800mg,20 ounceGround Beef; 4 unitCiabatta Bread; 4 ounceMixed Greens; 6 ounceTomato Paste; 4 tablespoonBalsamic Vinegar; 1 cupMozzarella Cheese; 1 unitRed Onion; 2 cloveGarlic; 2 teaspoonSugar; 10 teaspoonOlive Oil; unitSalt; unitPepper
Italian Ciabatta Cheeseburgers,Milk; Soy; Wheat,Calories 790kcal,Fat 40g,Saturated Fat 14g,Carbohydrate 64g,Sugar 19g,Dietary Fiber 6g,Protein 42g,Cholesterol 110mg,Sodium 600mg,1 unitRed Onion; 1 cloveGarlic; 1/2 tablespoonTomato Paste; 1 tablespoonBalsamic Vinegar; 10 ounceGround Beef; 1/2 cupMozzarella Cheese; 2 unitCiabatta Bread; 4 ounceHeirloom Grape Tomatoes; 2 ounceMixed Greens; 1 ounceDried Cranberries; 5 teaspoonOlive Oil; 1 teaspoonSugar; Salt; Pepper
Italian Herbed Steak,Milk; Wheat,Calories 490kcal,Fat 16g,Saturated Fat 8g,Carbohydrate 48g,Sugar 13g,Dietary Fiber 8g,Protein 43g,Cholesterol 110mg,Sodium 390mg,4 unitSweet Potatoes; 2 unitScallions; 1/2 cupMilk; 24 ounceSirloin Steak; 1 tablespoonItalian Seasoning; 12 ounceGreen Beans; 1 tablespoonFlour; 1 unitBeef Demi-Glace; 4 teaspoonVegetable Oil; 2 tablespoonButter; Salt; Pepper
Italian Meatball Soup,Wheat; Soy; Milk,Calories 850kcal,Fat 47g,Saturated Fat 19g,Carbohydrate 66g,Sugar 9g,Dietary Fiber 7g,Protein 41g,Cholesterol 140mg,Sodium 1380mg,1 unitCarrots; 1/2 unitYellow Onion; 2 cloveGarlic; 4 ounceKale; 10 ounceGround Pork; 1/4 cupPanko Breadcrumbs; 1 tablespoonTuscan Heat Spice; 2 unitChicken Stock Concentrate; ⅓ cupOrzo Pasta; 1 unitDemi-Baguette; 1/4 cupParmesan Cheese; 2 teaspoonOlive Oil; 2 tablespoonButter; Salt; Pepper
Italian Meatloaf,Milk; Wheat; Soy,Calories 660kcal,Fat 33g,Saturated Fat 12g,Carbohydrate 57g,Sugar 15g,Dietary Fiber 10g,Protein 38g,Cholesterol 115mg,Sodium 770mg,20 ounceGround Beef; 1 boxMilk; 24 ounceRusset Potato; 1 unitShallot; 2 cloveGarlic; 1/4 ounceRosemary; 12 ounceGreen Beans; 2 unitChicken Stock Concentrate; 3 ounceSun-Dried Tomatoes; 2 sliceWhite Bread; 3 teaspoonExtra Virgin Olive Oil*; 2 tablespoonButter; unitSalt; unitPepper
Italian Meatloaf,Wheat; Soy; Milk,Calories 690kcal,Fat 37g,Saturated Fat 15g,Carbohydrate 54g,Sugar 11g,Dietary Fiber 8g,Protein 34g,Cholesterol 125mg,Sodium 550mg,2 unitShallot; 2 cloveGarlic; 1/2 ounceBasil; 2 sliceWhite Bread; 2 unitChicken Stock Concentrate; 6.75 ounceMilk; 20 ounceGround Beef; 24 ounceYukon Gold Potatoes; 12 ounceGreen Beans; 4 tablespoonSour Cream; 2 teaspoonOlive Oil; 2 tablespoonButter; 1 teaspoonVegetable Oil; Salt; Pepper
Italian Meatloaf,Milk; Wheat; Soy,Calories 652kcal,Fat 29g,,Carbohydrate 49g,,Dietary Fiber 7g,Protein 40g,,Sodium 1124mg,10 ounceGround Beef; 4 ounceGreen Beans; 12 ounceRusset Potato; 1 unitShallot; 2 cloveGarlic; 1/2 ounceSun-Dried Tomatoes; 1/2 ounceBasil; 1 unitVeggie Stock Concentrate; 2 tablespoonSour Cream; 1 sliceWhite Bread; 1/2 tablespoonButter; 1 teaspoonOlive Oil
Italian Mozzarella Burgers for Dinner,Wheat; Milk,Calories 780kcal,Fat 32g,Saturated Fat 13g,Carbohydrate 77g,Sugar 14g,Dietary Fiber 6g,Protein 39g,Cholesterol 125mg,Sodium 740mg,1 unitZucchini; 6 ounceFusilli Pasta; 2 cloveGarlic; 20 ounceGround Beef; 1 tablespoonTuscan Heat Spice; 2 unitSweet Potatoes; 14 ounceMarinara Cup; 6.75 ounceMilk; 4 ounceMozzarella Cheese; 2 unitBrioche Buns; 4 teaspoonVegetable Oil; Salt; Pepper
Italian Noodle Soup,Wheat; Milk; Soy,Calories 810kcal,Fat 36g,Saturated Fat 15g,Carbohydrate 79g,Sugar 11g,Dietary Fiber 6g,Protein 40g,Cholesterol 160mg,Sodium 1850mg,3 ounceCarrot; 1 unitYellow Onion; 1 unitRoma Tomato; 9 ounceItalian Chicken Sausage Mix; 1 tablespoonItalian Seasoning; 1 teaspoonGarlic Powder; 2 unitChicken Stock Concentrate; 6 ounceFarfalle Pasta; 1/4 cupParmesan Cheese; 1 teaspoonChili Flakes; 1 unitCiabatta Bread; 5 ounceSpinach; 2 teaspoonOlive Oil; 2 tablespoonButter; Salt; Pepper
Italian Noodle Soup,Wheat; Milk; Soy,Calories 650kcal,Fat 31g,Saturated Fat 13g,Carbohydrate 71g,Sugar 7g,Dietary Fiber 5g,Protein 40g,Cholesterol 145mg,Sodium 1650mg,2 unitCarrots; 1 unitYellow Onion; 1 unitRoma Tomato; 18 ounceItalian Chicken Sausage; 1 tablespoonTuscan Heat Spice; 1 teaspoonGarlic Powder; 4 unitChicken Stock Concentrate; 6 ounceFusilli Pasta; 1/2 cupParmesan Cheese; 1 teaspoonChili Flakes; 2 unitCiabatta Roll; 5 ounceSpinach; 2 teaspoonOlive Oil; 3 tablespoonButter; Salt; Pepper
Italian Noodle Soup,Wheat; Milk; Soy,Calories 860kcal,Fat 38g,Saturated Fat 15g,Carbohydrate 70g,Sugar 11g,Dietary Fiber 7g,Protein 40g,Cholesterol 160mg,Sodium 2030mg,3 ounceCarrot; 1 unitYellow Onion; 1 unitRoma Tomato; 9 ounceItalian Chicken Sausage; 1 teaspoonGarlic Powder; 1 tablespoonItalian Seasoning; 2 unitChicken Stock Concentrate; 6 ounceGemelli Pasta; 1/4 cupParmesan Cheese; 1 teaspoonChili Flakes; 1 unitCiabatta Bread; 5 ounceSpinach; 2 teaspoonOlive Oil; 2 tablespoonButter; Salt; Pepper
Italian Panzanella,Milk; Soy; Wheat,Calories 755kcal,Fat 27g,Saturated Fat 8g,Carbohydrate 91g,Sugar 10g,Dietary Fiber 15g,Protein 30g,Cholesterol 40mg,Sodium 831mg,4 ounceFresh Mozzarella; 1 boxCannellini Beans; 8 ounceHeirloom Grape Tomatoes; 2 unitDemi-Baguette; 1/4 ounceParsley; 2 unitPersian Cucumber; 2 tablespoonRed Wine Vinegar; 2 cloveGarlic; 1 tablespoonItalian Seasoning; 1 unitShallot; unitSalt; unitPepper; 2 tablespoonOlive Oil
Italian Pork Burgers,Wheat; Milk,Calories 1010kcal,Fat 58g,Saturated Fat 21g,Carbohydrate 81g,Sugar 15g,Dietary Fiber 6g,Protein 41g,Cholesterol 155mg,Sodium 1370mg,12 ounceYukon Gold Potatoes; 1 unitRed Onion; 2 unitBrioche Buns; 1 tablespoonFry Seasoning; 5 teaspoonBalsamic Vinegar; 10 ounceGround Pork; 1 teaspoonItalian Seasoning; 1 teaspoonGarlic Powder; 1/2 cupMozzarella Cheese; 1 teaspoonSugar; 2 tablespoonVegetable Oil; 2 tablespoonButter; Salt; Pepper
Italian Pork Sausage and Pepper Subs,Soy; Wheat; Milk,Calories 1150kcal,Fat 63g,Saturated Fat 24g,Carbohydrate 88g,Sugar 15g,Dietary Fiber 8g,Protein 34g,Cholesterol 130mg,Sodium 2200mg,12 ounceYukon Gold Potatoes; 1 teaspoonItalian Seasoning; 9 ounceItalian Pork Sausage; 1 unitYellow Onion; 1 unitBell Pepper; 2 unitDemi-Baguette; 1 teaspoonGarlic Powder; 1 unitChicken Stock Concentrate; 2 teaspoonDijon Mustard; 1/2 cupMozzarella Cheese; 2 tablespoonKetchup; 1 teaspoonOlive Oil; 2 teaspoonVegetable Oil; 2 tablespoonButter; Salt; Pepper
Italian Pork Sausage,,Calories 200kcal,Fat 15g,Saturated Fat 5g,Carbohydrate 1g,,,Protein 14g,Cholesterol 50mg,Sodium 590mg,Ingredients/ serving 2 people9 ounceItalian Pork Sausage; 9 ounceItalian Pork Sausage
Italian Pork Sausage Pizzas,Wheat; Sesame; Milk,Calories 830kcal,Fat 48g,Saturated Fat 18g,Carbohydrate 67g,Sugar 8g,Dietary Fiber 4g,Protein 34g,Cholesterol 95mg,Sodium 1440mg,6 ounceSweet Italian Pork Sausage; 1 unitJalapeño; 1 unitShallot; 4 teaspoonWhite Wine Vinegar; 2 unitFlatbreads; 1/2 cupCrushed Tomatoes; 4 ounceFresh Mozzarella; 1 teaspoonItalian Seasoning; 2 ounceMixed Greens; 4 teaspoonOlive Oil; 1/2 teaspoonSugar; Salt; Pepper
Italian Sausage and Mushrooms,Wheat; Milk,Calories 741kcal,Fat 37g,Saturated Fat 14g,Carbohydrate 66g,Sugar 6g,Dietary Fiber 7g,Protein 39g,Cholesterol 89mg,Sodium 932mg,9 ounceItalian Pork Sausage; 3/4 cupIsraeli Couscous; 1 unitYellow Onion; 2 cloveGarlic; 4 ounceButton Mushrooms; 5 ounceSpinach; 1 teaspoonDried Oregano; 1/4 cupParmesan Cheese; 1 unitChicken Stock Concentrate; 2 teaspoonOlive Oil; unitSalt; unitPepper
Italian Sausage and Veggie Skewers,Wheat; Milk,Calories 870kcal,Fat 43g,Saturated Fat 20g,Carbohydrate 89g,Sugar 12g,Dietary Fiber 9g,Protein 38g,Cholesterol 75mg,Sodium 1030mg,ounceSweet Italian Pork Sausage; ounceOrzo Pasta; unitRed Onion; ounceGrape Tomatoes; unitWooden Skewers; cupItalian Cheese Blend; unitGarlic; unitLemon; unitYellow Squash; tablespoonMediterranean Spice Blend; ounceParsley; teaspoonOlive Oil; Salt; Pepper
Italian Sunday Supper,Milk; Soy; Wheat; Eggs,Calories 1410kcal,Fat 82g,Saturated Fat 41g,Carbohydrate 106g,Sugar 13g,Dietary Fiber 12g,Protein 64g,Cholesterol 270mg,Sodium 2710mg,1 unitGreen Herb Blend; 4 ounceFresh Mozzarella; 1 unitLemon; 1 unitCiabatta Bread; 10 ounceGround Beef; 1/4 cupPanko Breadcrumbs; 1/4 cupParmesan Cheese; 1 teaspoonGarlic Powder; 14 ounceMarinara Cup; 8 ounceBroccoli Florets; 9 ounceCheese Tortelloni; 2 teaspoonOlive Oil; 4 tablespoonButter; Salt; Pepper
Italian Sunday Supper,Milk; Soy; Wheat; Eggs,Calories 1400kcal,Fat 83g,Saturated Fat 39g,Carbohydrate 102g,Sugar 13g,Dietary Fiber 12g,Protein 61g,Cholesterol 270mg,Sodium 2550mg,1 unitGreen Herb Blend; 4 ounceFresh Mozzarella; 1 unitLemon; 1 unitCiabatta Bread; 10 ounceGround Pork; 1/4 cupPanko Breadcrumbs; 1/4 cupParmesan Cheese; 1 teaspoonGarlic Powder; 14 ounceMarinara Cup; 8 ounceBroccoli Florets; 9 ounceCheese Tortelloni; 2 teaspoonOlive Oil; 4 tablespoonButter; Salt; Pepper
Italian Tomato and Chickpea Soup,Soy; Wheat; Milk,Calories 690kcal,Fat 27g,Saturated Fat 11g,Carbohydrate 83g,Sugar 14g,Dietary Fiber 18g,Protein 28g,Cholesterol 45mg,Sodium 1240mg,1 unitCarrots; 3 unitCelery; 1 unitYellow Onion; 2 cloveGarlic; 2 unitScallions; 1 unitCiabatta Bread; 1 tablespoonItalian Seasoning; 13.76 ounceCrushed Tomatoes; 1 unitVeggie Stock Concentrate; 13.4 ounceChickpeas; 1/4 cupParmesan Cheese; 2 teaspoonOlive Oil; 2 tablespoonButter; Salt; Pepper
Italian Turkey Meatballs,Wheat; Milk,Calories 523kcal,Fat 24g,Saturated Fat 8g,Carbohydrate 48g,Sugar 5g,Dietary Fiber 7g,Protein 31g,,Sodium 355mg,16 ounceGround Turkey; 4 cloveGarlic; 2 unitShallot; 2 teaspoonItalian Seasoning; 1 teaspoonWhite Pepper; 10 ounceSpinach; 1/2 cupPanko Breadcrumbs; 2 unitVeggie Stock Concentrate; 24 ounceRusset Potato; 1/2 ounceChives; 2 ounceSour Cream; 2 tablespoonButter; 2 tablespoonOlive Oil; unitPepper; unitSalt
Italian Wedding Soup,Wheat; Milk,Calories 610kcal,Fat 33g,Saturated Fat 13g,Carbohydrate 43g,Sugar 7g,Dietary Fiber 4g,Protein 36g,Cholesterol 110mg,Sodium 1330mg,1 unitYellow Onion; 1 cloveGarlic; 3 ounceCarrot; 10 ounceGround Beef; 1/4 cupPanko Breadcrumbs; 1 tablespoonItalian Seasoning; 2 unitChicken Stock Concentrate; 4 ounceKale; 2.5 ounceIsraeli Couscous; 1/4 cupParmesan Cheese; Salt; Pepper; 2 teaspoonOlive Oil
