Title,Allergens,Calories,Fat,Saturated Fat,Carbohydrate,Sugar,Dietary Fiber,Protein,Cholesterol,Sodium,Ingredients
Macaroni in a Creamy Tomato Sauce,Wheat; Milk,Calories 640kcal,Fat 21g,Saturated Fat 10g,Carbohydrate 87g,Sugar 13g,Dietary Fiber 2g,Protein 28g,Cholesterol 50mg,Sodium 920mg,4 cloveGarlic; 1/4 ounceParsley; 12 ounceMacaroni Pasta; 1/2 cupPanko Breadcrumbs; 4 ouncePancetta; 2 tablespoonFlour; 2 cupMilk; 1/2 cupParmesan Cheese; 1 boxCrushed Tomatoes; 5 ounceSpinach; 1 tablespoonButter; 1 teaspoonVegetable Oil; Salt; Pepper
Magnifico Mozz Melts,Eggs; Soy; Wheat; Milk,Calories 880kcal,Fat 49g,Saturated Fat 12g,Carbohydrate 93g,Sugar 8g,Dietary Fiber 7g,Protein 26g,Cholesterol 65mg,Sodium 1120mg,1 unitBell Pepper; 12 ounceYukon Gold Potatoes; 1 unitShallot; 1 teaspoonGarlic Powder; 5 teaspoonBalsamic Vinegar; 1/2 ounceBasil; 4 tablespoonMayonnaise; 4 sliceSourdough Bread; 1 cupMozzarella Cheese; 5 teaspoonOlive Oil; Salt; Pepper
Mama Mia Meatball Melts,Milk; Eggs; Soy; Wheat,Calories 1060kcal,Fat 59g,Saturated Fat 20g,Carbohydrate 83g,Sugar 17g,Dietary Fiber 8g,Protein 42g,Cholesterol 150mg,Sodium 1930mg,12 ounceYukon Gold Potatoes; 2 cloveGarlic; 2 unitPotato Buns; 2 tablespoonMayonnaise; 10 ounceGround Beef; 1/4 cupPanko Breadcrumbs; 1 tablespoonTuscan Heat Spice; 13.76 ounceColavita Crushed Tomatoes; 1/2 cupMozzarella Cheese; 4 teaspoonOlive Oil; 1/2 teaspoonSugar; 1 tablespoonButter; Salt; Pepper
Mama Mia Mozzarella Meatloaves,Milk; Wheat,Calories 730kcal,Fat 39g,Saturated Fat 14g,Carbohydrate 56g,Sugar 15g,Dietary Fiber 8g,Protein 41g,Cholesterol 120mg,Sodium 1230mg,12 ounceYukon Gold Potatoes; 2 cloveGarlic; 1 tablespoonItalian Seasoning; 5 teaspoonBalsamic Vinegar; 1 unitBeef Stock Concentrate; 1/2 cupMozzarella Cheese; 1 unitYellow Onion; 1/4 cupPanko Breadcrumbs; 10 ounceGround Beef; 1.5 ounceTomato Paste; 6 ounceGreen Beans; 4 teaspoonOlive Oil; 1 teaspoonVegetable Oil; 1 teaspoonSugar; Salt; Pepper
Mangia Mozzarella Burgers,Milk; Eggs; Soy; Wheat,Calories 1000kcal,Fat 55g,Saturated Fat 18g,Carbohydrate 88g,Sugar 14g,Dietary Fiber 7g,Protein 44g,Cholesterol 135mg,Sodium 1200mg,12 ounceYukon Gold Potatoes; 1 unitYellow Onion; 1 unitBell Pepper; 2 cloveGarlic; 1 tablespoonFry Seasoning; 2 unitPotato Buns; 2 tablespoonMayonnaise; 10 ounceGround Beef; 1/2 cupMozzarella Cheese; 5 teaspoonRed Wine Vinegar; 5 teaspoonOlive Oil; 1 teaspoonSugar; Salt; Pepper
Mango Tango Chicken Tacos,Milk; Soy; Wheat,Calories 730kcal,Fat 30g,Saturated Fat 10g,Carbohydrate 83g,Sugar 17g,Dietary Fiber 6g,Protein 39g,Cholesterol 110mg,Sodium 1120mg,1 unitRed Onion; 1 unitPoblano Pepper; 1 unitRoma Tomato; 1 unitLime; 1/4 ounceCilantro; 4 ounceMango; 10 ounceChicken Breast Strips; 1 tablespoonSouthwest Spice Blend; 1 tablespoonBlackening Spice; 2 tablespoonSour Cream; 1 teaspoonHot Sauce; 6 unitFlour Tortillas; Salt; Pepper; 4 teaspoonVegetable Oil
Maple And Mustard Glazed Pork Chops,,Calories 700kcal,Fat 33g,Saturated Fat 6g,Carbohydrate 64g,Sugar 27g,Dietary Fiber 10g,Protein 41g,Cholesterol 95mg,Sodium 690mg,24 ounceYukon Gold Potatoes; 1/4 ounceThyme; 1 unitLemon; 4 tablespoonMaple Syrup; 4 teaspoonDijon Mustard; 2 unitChicken Stock Concentrate; 24 ouncePork Chops; 2 teaspoonAutumn Spice Blend; 4 ounceMixed Greens; 2 ounceDried Cranberries; 2 ounceSunflower Seeds; 8 teaspoonOlive Oil; 2 teaspoonVegetable Oil; Salt; Pepper
Maple and Mustard-Glazed Pork Chops,Tree Nuts,Calories 580kcal,Fat 22g,Saturated Fat3.5 g,Carbohydrate 62g,Sugar 27g,Dietary Fiber 7g,Protein 41g,Cholesterol 90mg,Sodium 440mg,24 ounceFingerling Potatoes; 1/4 ounceThyme; 1 unitLemon; 2 ounceMaple Syrup; 4 teaspoonDijon Mustard; 2 unitChicken Stock Concentrate; 24 ouncePork Chops; 1 tablespoonFall Spice Blend; 4 ounceMixed Greens; 2 ounceDried Cranberries; 1 ouncePine Nuts; 8 teaspoonOlive Oil; 2 teaspoonVegetable Oil; Salt; Pepper
Maple and Mustard-Glazed Pork Chops,,Calories 690kcal,Fat 33g,Saturated Fat 7g,Carbohydrate 58g,Sugar 25g,Dietary Fiber 7g,Protein 41g,Cholesterol 100mg,Sodium 480mg,12 ounceYukon Gold Potatoes; 1/4 ounceThyme; 1 ounceMaple Syrup; 2 teaspoonDijon Mustard; 1 unitChicken Stock Concentrate; 12 ouncePork Chops; 1 teaspoonFall Spice Blend; 2 ounceMixed Greens; 1 ounceDried Cranberries; 1 ounceSunflower Seeds; 5 teaspoonOlive Oil; 1 teaspoonVegetable Oil; Salt; Pepper
Maple and Rosemary-Glazed Pork Cutlets,Wheat; Eggs; Milk,Calories 700kcal,Fat 35g,Saturated Fat 12g,Carbohydrate 55g,Sugar 23g,Dietary Fiber 5g,Protein 42g,Cholesterol 130mg,Sodium 370mg,2 unitScallions; 1/4 ounceRosemary; 1 unitApple; 1/2 cupCouscous; 12 ouncePork Cutlets; 5 teaspoonWhite Wine Vinegar; 1 ounceMaple Syrup; 1 unitChicken Stock Concentrate; 2 tablespoonMayonnaise; 2 ounceMixed Greens; 1 tablespoonOlive Oil; 2 tablespoonButter; Salt; Black Pepper
Maple Magic Pork Chops,Tree Nuts; Milk,Calories 650kcal,Fat 30g,Saturated Fat 13g,Carbohydrate 54g,Sugar 16g,Dietary Fiber 9g,Protein 46g,Cholesterol 145mg,Sodium 430mg,12 ounceYukon Gold Potatoes; 12 ounceSweet Potatoes; 16 ounceBroccoli Florets; 1 ouncePecans; 1/2 ounceThyme; 8 tablespoonSour Cream; 24 ouncePork Chops; 2 teaspoonFall Spice Blend; 1 unitChicken Demi-Glace; 1 ounceMaple Syrup; 2 teaspoonVegetable Oil; 4 tablespoonButter; Salt; Pepper
Maple Mustard Chicken Legs,Tree Nuts; Milk,Calories 740kcal,Fat 35g,Saturated Fat 13g,Carbohydrate 59g,Sugar 25g,Dietary Fiber 9g,Protein 48g,Cholesterol 240mg,Sodium 460mg,16 ounceChicken Legs; 2 unitSweet Potatoes; 2 teaspoonDijon Mustard; 1/2 ouncePecans; 2 tablespoonSour Cream; 1 tablespoonFry Seasoning; 2 tablespoonMaple Syrup; 6 ounceGreen Beans; 1 teaspoonNutmeg; 2 teaspoonOlive Oil; 2 tablespoonButter; Salt; Pepper
Maple Mustard Chicken Legs,Milk; Tree Nuts,Calories 700kcal,Fat 34g,Saturated Fat 12g,Carbohydrate 51g,Sugar 19g,Dietary Fiber 7g,Protein 48g,Cholesterol 240mg,Sodium 410mg,16 ounceChicken Legs; 12 ounceYukon Gold Potatoes; 2 tablespoonMaple Syrup; 6 ounceGreen Beans; 1 tablespoonFry Seasoning; 2 tablespoonSour Cream; 2 teaspoonDijon Mustard; 1/2 ouncePecans; 2 teaspoonOlive Oil; 2 tablespoonButter; Salt; Pepper
Maple Mustard Glazed Chicken Breast for Dinner,Eggs; Wheat,Calories 480kcal,Fat 13g,Saturated Fat2.5 g,Carbohydrate 52g,Sugar 22g,Dietary Fiber 6g,Protein 38g,Cholesterol 120mg,Sodium 660mg,12 ounceYukon Gold Potatoes; 24 ounceChicken Breasts; 2 teaspoonAutumn Spice Blend; 2 tablespoonMaple Syrup; 2 teaspoonDijon Mustard; 1 unitChicken Stock Concentrate; 1 unitLemon; 2 ounceMixed Greens; 1 ounceDried Cranberries; 3 unitCelery; 4 tablespoonMayonnaise; 2 unitFlour Tortilla; 1 tablespoonVegetable Oil; 1 teaspoonOlive Oil; Salt; Pepper
Maple-And-Mustard-Glazed Pork Chops,,Calories 710kcal,Fat 35g,Saturated Fat 6g,Carbohydrate 66g,Sugar 28g,Dietary Fiber 10g,Protein 42g,Cholesterol 100mg,Sodium 810mg,12 ounceYukon Gold Potatoes; 1/4 ounceThyme; 1 unitLemon; 2 tablespoonMaple Syrup; 2 teaspoonDijon Mustard; 1 unitChicken Stock Concentrate; 12 ouncePork Chops; 1 tablespoonAutumn Spice Blend; 2 ounceMixed Greens; 1 ounceDried Cranberries; 1 ounceSunflower Seeds; 5 teaspoonOlive Oil; 2 teaspoonVegetable Oil; Salt; Pepper
Maple-Balsamic Glazed Cod with Butternut Mash & Roasted Brussels Sprouts,Fish; Milk,Calories 354kcal,Fat 12g,Saturated Fat 2g,Carbohydrate 33g,Sugar 14g,Dietary Fiber 7g,Protein 30g,,Sodium 122mg,10 ounceCod Fillets; 8 ounceBrussels Sprouts; 8 ounceButternut Squash; 1/4 ounceThyme; 1 ounceSour Cream; 2 tablespoonBalsamic Vinegar; 1 unitMaple Syrup; 4 teaspoonOlive Oil
Maple-Glazed Duck,,Calories 550kcal,Fat 26g,Saturated Fat 6g,Carbohydrate 52g,Sugar 22g,Dietary Fiber 7g,Protein 32g,Cholesterol 180mg,Sodium 520mg,12 ounceFingerling Potatoes; 12 ounceDuck Breasts; 1/4 ounceRosemary; 2 cloveGarlic; 1 unitBlood Orange; 2 tablespoonMaple Syrup; 2 tablespoonWhole Grain Mustard; 2 ounceArugula; 1 teaspoonOlive Oil; Salt; Pepper
Maple-Glazed Pork Chops,Tree Nuts; Milk,Calories 690kcal,Fat 35g,Saturated Fat 11g,Carbohydrate 58g,Sugar 25g,Dietary Fiber 9g,Protein 40g,Cholesterol 130mg,Sodium 240mg,2 unitSweet Potatoes; 12 ouncePork Chops; 1 cloveGarlic; 6 ounceGreen Beans; 1/2 teaspoonCinnamon; 1 ounceMaple Syrup; 1.5 tablespoonBalsamic Vinegar; 1 ouncePecans; 2 teaspoonVegetable Oil; 1.5 tablespoonButter; Salt; Pepper
Margherita Chicken,Milk; Wheat,Calories 840kcal,Fat 39g,Saturated Fat 20g,Carbohydrate 74g,Sugar 7g,Dietary Fiber 4g,Protein 48g,Cholesterol 185mg,Sodium 290mg,1 unitRoma Tomato; 1/2 ounceBasil; 10 ounceChicken Cutlets; 1 teaspoonItalian Seasoning; 1/2 cupMozzarella Cheese; 6 ounceSpaghetti; 5 teaspoonBalsamic Vinegar; 1 cloveGarlic; 1 teaspoonVegetable Oil; 1 teaspoonOlive Oil; 1/4 teaspoonSugar; 4 tablespoonButter; Salt; Pepper
"Marinated Steak Bibimbap with Shaved Vegetables, Crispy Mushrooms, and Pickled Scallions",Soy; Wheat; Eggs,Calories 613kcal,Fat 22g,Saturated Fat 7g,Carbohydrate 62g,Sugar 14g,Dietary Fiber 6g,Protein 44g,,Sodium 1128mg,12 ounceFlatiron Steak; 4 ounceButton Mushrooms; 9 teaspoonSoy Sauce; 2 tablespoonWhite Wine Vinegar; 2 unitScallions; 2 cloveGarlic; 1 thumbGinger; 1/2 cupBrown Rice; 1 unitZucchini; 1 unitCarrots; 1 teaspoonSugar; 1 tablespoonOlive Oil; unit*Egg (optional)
Marinated Steak Bibimbap,Soy; Wheat; Eggs,Calories 621kcal,Fat 17g,Saturated Fat 5g,Carbohydrate 72g,Sugar 8g,Dietary Fiber 6g,Protein 47g,,Sodium 1197mg,12 ounceSirloin Steak; 1 jarSoy Sauce Jar; 2 tablespoonWhite Wine Vinegar; 2 unitScallions; 2 cloveGarlic; 1 thumbGinger; 3/4 cupBrown Rice; 8 ounceZucchini; 2 tablespoonSriracha; 4 ounceButton Mushrooms; unitSalt; unitPepper; 1 teaspoonSugar; 2 unitEggs*; 2 teaspoonOlive Oil
Marinated Steak Tacos,Milk; Soy; Wheat,Calories 630kcal,Fat 41g,Saturated Fat 10g,Carbohydrate 58g,Sugar 14g,Dietary Fiber 4g,Protein 36g,Cholesterol 100mg,Sodium 1130mg,4 ouncePineapple; 1 unitLime; 1 tablespoonSouthwest Spice Blend; 10 ounceSirloin Steak; 1 unitYellow Onion; 1 unitPoblano Pepper; 2 tablespoonSour Cream; 6 unitFlour Tortillas; 5 teaspoonVegetable Oil; Salt; Pepper
Marinated Tomato and Avocado Salad,Wheat,Calories 852kcal,Fat 31g,,Carbohydrate 111g,,Dietary Fiber 23g,Protein 33g,,,1 unitTomato; 1 unitAvocado; 1 bunchBasil; 2 cloveGarlic; 2 tablespoonWhite Wine Vinegar; 6 ounceOrzo Pasta; 1 boxChickpeas; 1 ouncePepitas; 1 tablespoonOlive Oil
Mario Batali's Spaghetti,Wheat; Milk,Calories 570kcal,Fat 24g,Saturated Fat 7g,Carbohydrate 70g,Sugar 5g,Dietary Fiber 4g,Protein 22g,Cholesterol 35mg,Sodium 300mg,1/2 cloveGarlic; 1/2 ounceBasil; 1 unitJalapeño; 4 ounceHeirloom Grape Tomatoes; 6 ounceSpaghetti; 1/4 cupFresh Pork Chorizo; 1/4 cupParmesan Cheese; 5.5 teaspoonOlive Oil; unitSalt; unitPepper
Meatball Pho,Wheat,Calories 572kcal,Fat 19g,,Carbohydrate 71g,,Dietary Fiber 3g,Protein 28g,,,8 ounceGround Beef; 2 unitScallions; 2 cloveGarlic; 1 thumbGinger; 1 unitPho Stock Concentrate; 1 packRice Noodles; 2 unitBaby Bok Choy; 1 sprigMint; 1 unitJalapeño; 1 unitLime; 1/4 cupPanko Breadcrumbs; 1 tablespoonVegetable Oil; unitSalt; unitPepper
Meatballs on Top of Cavatappi,Milk; Wheat,Calories 880kcal,Fat 44g,Saturated Fat 12g,Carbohydrate 83g,Sugar 6g,Dietary Fiber 6g,Protein 39g,Cholesterol 125mg,Sodium 560mg,16 ounceGround Turkey; 8 ounceBroccoli Florets; 8 tablespoonSour Cream; 1/2 cupParmesan Cheese; 1 unitLemon; 1/2 cupPanko Breadcrumbs; 6 ouncePesto; 12 ounceCavatappi Pasta; 1 teaspoonOlive Oil; unitSalt; unitPepper
Meatloaf à la Mom,Wheat; Milk,Calories 610kcal,Fat 30g,Saturated Fat 12g,Carbohydrate 54g,Sugar 10g,Dietary Fiber 8g,Protein 33g,Cholesterol 105mg,Sodium 1100mg,1 unitShallot; 1 cloveGarlic; 1/4 ounceThyme; 12 ounceYukon Gold Potatoes; 10 ounceGround Beef; 1/4 cupPanko Breadcrumbs; 2 tablespoonKetchup; 6 ounceGreen Beans; 1 tablespoonFlour; 1 unitBeef Stock Concentrate; 2 teaspoonOlive Oil; 1/2 tablespoonButter; Salt; Pepper
Meatloaf à la Mom,Wheat; Milk,Calories 630kcal,Fat 29g,Saturated Fat 11g,Carbohydrate 57g,Sugar 12g,Dietary Fiber 7g,Protein 33g,Cholesterol 110mg,Sodium 1200mg,1 unitShallot; 2 cloveGarlic; 1/4 ounceThyme; 8 ounceBaby Carrots; 1 unitRusset Potato; 1/4 cupPanko Breadcrumbs; 10 ounceGround Beef; 2 tablespoonKetchup; 1 tablespoonFlour; 1 unitBeef Stock Concentrate; 2 teaspoonOlive Oil; 1/2 tablespoonButter; Salt; Pepper
Meatloaf and Mash,Wheat; Soy; Milk,Calories 640kcal,Fat 30g,Saturated Fat 13g,Carbohydrate 61g,Sugar 12g,Dietary Fiber 9g,Protein 34g,Cholesterol 105mg,Sodium 460mg,2 unitWhite Bread; 1 cupMilk; 20 ounceGround Beef; 2 tablespoonMeatloaf Spice Blend; 2 tablespoonKetchup; 32 ounceYukon Gold Potatoes; 1 unitShallot; 1/4 ounceChives; 12 ounceGreen Beans; 2 unitChicken Stock Concentrate; 1 tablespoonVegetable Oil; 2 tablespoonButter; Salt; Pepper
Meatloaf Au Poivre,Tree Nuts; Wheat; Soy; Milk,Calories 840kcal,Fat 56g,Saturated Fat 24g,Carbohydrate 49g,Sugar 9g,Dietary Fiber 8g,Protein 32g,Cholesterol 160mg,Sodium 740mg,1 unitShallot; 2 cloveGarlic; 1 tablespoonTricolor Peppercorns; 12 ounceYukon Gold Potatoes; 1 unitWhite Bread; 10 ounceGround Beef; 1 teaspoonDried Thyme; 6 ounceGreen Beans; 1 unitBeef Stock Concentrate; 4 tablespoonSour Cream; 4 teaspoonOlive Oil; 3 tablespoonButter; 1 teaspoonVegetable Oil; Salt; Pepper
Meatloaf Balsamico,Wheat; Tree Nuts; Milk,Calories 730kcal,Fat 39g,Saturated Fat 13g,Carbohydrate 62g,Sugar 21g,Dietary Fiber 10g,Protein 35g,Cholesterol 115mg,Sodium 330mg,10 ounceGround Beef; 12 ounceSweet Potatoes; 1/4 ounceParsley; 2 cloveGarlic; 1 unitYellow Onion; 1/4 cupPanko Breadcrumbs; 1 unitKetchup; 2 tablespoonBalsamic Vinegar; 6 ounceGreen Beans; 1 ounceAlmonds; 1/2 ounceHoney; 2 teaspoonOlive Oil; 1 tablespoonButter; unitSalt; unitPepper
Meatloaf Balsamico,Wheat; Tree Nuts; Milk,Calories 740kcal,Fat 39g,Saturated Fat 14g,Carbohydrate 66g,Sugar 24g,Dietary Fiber 10g,Protein 32g,Cholesterol 110mg,Sodium 880mg,2 cloveGarlic; 1/4 ounceParsley; 1 unitYellow Onion; 5 teaspoonBalsamic Vinegar; 2 tablespoonKetchup; 1/2 cupPanko Breadcrumbs; 10 ounceGround Beef; 2 unitSweet Potatoes; 6 ounceGreen Beans; 1/2 ounceHoney; 1 ounceAlmonds; 1 teaspoonOlive Oil; 1 tablespoonButter; 1 teaspoonVegetable Oil; Salt; Pepper
Meatloaf Burgers,Wheat; Milk,Calories 830kcal,Fat 45g,Saturated Fat 14g,Carbohydrate 69g,Sugar 18g,Dietary Fiber 8g,Protein 43g,Cholesterol 115mg,Sodium 760mg,10 ounceGround Beef; 1/4 cupPanko Breadcrumbs; 1/4 cupParmesan Cheese; 1 tablespoonMeatloaf Spice Blend; 2 tablespoonKetchup; 1 unitRed Onion; 1 unitLemon; 2 unitBrioche Buns; 2 ounceMixed Greens; 1 ouncePepitas; 2 tablespoonBBQ Sauce; 1 teaspoonVegetable Oil; 1 tablespoonOlive Oil; Salt; Pepper
Meatloaf Parm,Wheat; Milk,Calories 970kcal,Fat 48g,Saturated Fat 20g,Carbohydrate 86g,Sugar 11g,Dietary Fiber 5g,Protein 51g,Cholesterol 150mg,Sodium 1470mg,1/4 cupPanko Breadcrumbs; 10 ounceGround Beef; 6 ounceSpaghetti; 1/4 cupParmesan Cheese; 1/2 cupMozzarella Cheese; 1 tablespoonTuscan Heat Spice; 14 ounceMarinara Cup; 2 teaspoonOlive Oil; 1 teaspoonVegetable Oil; 1 teaspoonSugar; 1 tablespoonButter; Salt; Pepper
Meatloaves with a Sweet Chili Glaze,Wheat; Soy; Sesame; Milk,Calories 760kcal,Fat 33g,Saturated Fat 13g,Carbohydrate 86g,Sugar 23g,Dietary Fiber 5g,Protein 32g,Cholesterol 110mg,Sodium 980mg,2 unitScallions; 1 unitLime; 1/2 cupJasmine Rice; 1/4 cupPanko Breadcrumbs; 2 tablespoonKetchup; 4 ounceBulgogi Sauce; 1 thumbGinger; 8 ounceBroccoli Florets; 10 ounceGround Beef; 1 teaspoonKorean Chili Flakes; 1 tablespoonSesame Seeds; 1 teaspoonVegetable Oil; 1 tablespoonButter; Salt; Pepper
Mediterranean Baked Veggies,Wheat; Tree Nuts; Milk,Calories 500kcal,Fat 19g,Saturated Fat 9g,Carbohydrate 68g,Sugar 5g,Dietary Fiber 9g,Protein 15g,Cholesterol 40mg,Sodium 720mg,1 cloveGarlic; 6 ounceAsparagus; 1/4 ounceThyme; 2 unitVeggie Stock Concentrate; 4 ounceGrape Tomatoes; 2 unitScallions; 3/4 cupIsraeli Couscous; 1/2 ounceSliced Almonds; 1/2 cupFeta Cheese; 1 teaspoonOlive Oil; 1 tablespoonButter; Salt; Pepper
Mediterranean Beef Kofta Patties,Eggs,Calories 610kcal,Fat 40g,Saturated Fat 11g,Carbohydrate 36g,Sugar 11g,Dietary Fiber 8g,Protein 31g,Cholesterol 110mg,Sodium 250mg,1 unitSweet Potatoes; 1 unitZucchini; 1 unitBell Pepper; 2 unitScallions; 2 cloveGarlic; 1 unitLemon; 1/4 ounceCilantro; 1 teaspoonCumin; 1 teaspoonSmoked Paprika; 10 ounceGround Beef; 2 tablespoonMayonnaise; 1 tablespoonOlive Oil; Salt; Pepper
Mediterranean Butter Bean Salad,Milk,Calories 601kcal,Fat 30g,Saturated Fat 7g,Carbohydrate 68g,Sugar 7g,Dietary Fiber 19g,Protein 18g,,Sodium 1079mg,12 ounceYukon Gold Potatoes; 1 ounceBlack Olives; 4 ounceGrape Tomatoes; 3 ounceMixed Greens; 4 ounceGreen Beans; 1 canButter Beans; 2 tablespoonSherry Vinegar; 1/4 ounceParsley; 2 cloveGarlic; 1/2 cupFeta Cheese; unitSalt; unitPepper; 3 tablespoonOlive Oil
Mediterranean Butter Bean Salad,Milk,Calories 581kcal,Fat 29g,,Carbohydrate 44g,,Dietary Fiber 13g,Protein 21g,,,12 ounceYukon Gold Potatoes; 1 ounceBlack Olives; 1 bunchGrape Tomatoes; 4 ounceMixed Greens; 4 ounceGreen Beans; 1 canButter Beans; 2 tablespoonSherry Vinegar; 1 bunchParsley; 2 cloveGarlic; 1/4 cupFeta Cheese; 3 tablespoonOlive Oil
Mediterranean Chicken Bowls,Wheat; Milk,Calories 570kcal,Fat 35g,Saturated Fat 8g,Carbohydrate 52g,Sugar 6g,Dietary Fiber 5g,Protein 39g,Cholesterol 135mg,Sodium 340mg,1 unitChicken Stock Concentrate; 1 tablespoonMediterranean Spice Blend; 1/2 cupCouscous; 1 unitPersian Cucumber; 1 unitRoma Tomato; 2 unitScallions; 2 unitLemon; 2 cloveGarlic; 4 ounceYogurt; 10 ounceChicken Breast Strips; 1 teaspoonTurmeric; 1 teaspoonPaprika; 1 tablespoonButter; 2 teaspoonOlive Oil; 2 teaspoonVegetable Oil; Salt; Pepper
Mediterranean Chicken Cutlets,Wheat; Milk,Calories 550kcal,Fat 24g,Saturated Fat 7g,Carbohydrate 50g,Sugar 6g,Dietary Fiber 5g,Protein 33g,Cholesterol 120mg,Sodium 320mg,2 unitScallions; 1 unitLemon; 10 ounceChicken Cutlets; 1 tablespoonMediterranean Spice Blend; 1 unitChicken Stock Concentrate; 1/2 cupCouscous; 2 tablespoonSour Cream; 1 teaspoonHarissa Powder; 4 ounceShredded Carrots; 2 tablespoonOlive Oil; 2 tablespoonButter; Salt; Pepper
Mediterranean Chicken Dinner,Milk; Wheat,Calories 700kcal,Fat 34g,Saturated Fat 17g,Carbohydrate 64g,Sugar 9g,Dietary Fiber 7g,Protein 35g,Cholesterol 180mg,Sodium 450mg,2 cloveGarlic; 1/2 cupJasmine Rice; 2 unitLemon; 2 unitPersian Cucumber; 2 unitRoma Tomato; 1 unitShallot; 1/4 ounceParsley; 6 tablespoonSour Cream; 5 teaspoonRed Wine Vinegar; 20 ounceChicken Cutlets; 1 tablespoonMediterranean Spice Blend; 1 cupFeta Cheese; 2 unitFlour Tortilla; 1 teaspoonVegetable Oil; 1 tablespoonOlive Oil; 1/2 teaspoonSugar; 2 tablespoonButter; Salt; Pepper
Mediterranean Chicken Salad,,Calories 624kcal,Fat 31g,,Carbohydrate 35g,,Dietary Fiber 10g,Protein 51g,,,Ingredientsserving amount242 unitChicken Breasts1 ounceBlack Olives1 bunchGrape Tomatoes3 ounceMixed Greens1 canButter Beans4 ounceGreen Beans2 tablespoonSherry Vinegar1 bunchParsley2 cloveGarlic; 2 unitChicken Breasts; 1 ounceBlack Olives; 1 bunchGrape Tomatoes; 3 ounceMixed Greens; 1 canButter Beans; 4 ounceGreen Beans; 2 tablespoonSherry Vinegar; 1 bunchParsley; 2 cloveGarlic
Mediterranean Chicken Thigh Dinner,Wheat; Milk; Tree Nuts,Calories 670kcal,Fat 27g,Saturated Fat 8g,Carbohydrate 68g,Sugar 19g,Dietary Fiber 10g,Protein 47g,Cholesterol 160mg,Sodium 370mg,1 unitLemon; 1 unitYellow Onion; 1/2 ounceParsley; 1 unitZucchini; 1.5 ounceDried Apricots; 2 cloveGarlic; 24 ounceChicken Thighs; 1 tablespoonMediterranean Spice Blend; 1 cupCouscous; 1 unitChicken Stock Concentrate; 4 ounceYogurt; ounceArugula; 1 ounceAlmonds; 4 teaspoonOlive Oil; 1 tablespoonButter; Salt; Pepper
Mediterranean Chicken Thighs,Wheat; Milk; Tree Nuts,Calories 670kcal,Fat 32g,Saturated Fat 8g,Carbohydrate 70g,Sugar 15g,Dietary Fiber 10g,Protein 47g,Cholesterol 160mg,Sodium 360mg,1 unitLemon; 1 unitYellow Onion; 1/2 ounceParsley; 1 unitZucchini; 1.5 ounceDried Apricots; 2 cloveGarlic; 24 ounceChicken Thighs; 1 tablespoonMediterranean Spice Blend; 1 cupCouscous; 1 unitChicken Stock Concentrate; 4 ounceYogurt; ounceArugula; 1 ounceAlmonds; 4 teaspoonOlive Oil; 1 tablespoonButter; Salt; Pepper
Mediterranean Chickpea Orzo,Wheat; Milk,Calories 840kcal,Fat 25g,Saturated Fat 7g,Carbohydrate 116g,Sugar 14g,Dietary Fiber 22g,Protein 36g,Cholesterol 25mg,Sodium 530mg,2 unitRoma Tomato; 1 unitShallot; 2 tablespoonApple Cider Vinegar; 6 ounceOrzo Pasta; 13.4 ounceChickpeas; 1 tablespoonMediterranean Spice Blend; 1 teaspoonSmoked Paprika; 1/4 ounceMint; 2 tablespoonSour Cream; 1/2 cupFeta Cheese; 2 ounceArugula; 1/2 teaspoonSugar; 4 teaspoonOlive Oil; Salt; Pepper
Mediterranean Couscous Bowls,Milk; Wheat; Sesame,Calories 580kcal,Fat 31g,Saturated Fat 13g,Carbohydrate 60g,Sugar 9g,Dietary Fiber 8g,Protein 17g,Cholesterol 60mg,Sodium 700mg,1 unitBell Pepper; 1 tablespoonTurkish Spice Blend; 4 ounceGrape Tomatoes; 1 unitPersian Cucumber; 1/4 ounceDill; 1 unitLemon; 4 tablespoonSour Cream; 1 unitVeggie Stock Concentrate; 1/2 cupCouscous; 4 tablespoonHummus; 1 teaspoonSmoked Paprika; 1/2 cupFeta Cheese; 1 tablespoonOlive Oil; 1 tablespoonButter; Salt; Pepper
Mediterranean Grilling Cheese Bowls,Milk; Wheat,Calories 890kcal,Fat 62g,Saturated Fat 28g,Carbohydrate 45g,Sugar 7g,Dietary Fiber 6g,Protein 34g,Cholesterol 125mg,Sodium 800mg,2 unitCarrots; 8 ounceGrilling Cheese; 1 unitLemon; 1/2 cupIsraeli Couscous; 1 tablespoonHarissa Powder; 2 tablespoonSour Cream; 2 ounceArugula; 1 tablespoonButter; 3 tablespoonOlive Oil; Salt; Pepper
Mediterranean Mezze Platter,Wheat; Milk; Soy,Calories 1190kcal,Fat 62g,Saturated Fat 28g,Carbohydrate 82g,Sugar 10g,Dietary Fiber 9g,Protein 67g,Cholesterol 225mg,Sodium 1160mg,1 unitLemon; 2 cloveGarlic; 10 ounceChicken Cutlets; 1 tablespoonTunisian Spice Blend; 1/2 cupIsraeli Couscous; 1 unitCucumber; 3 ounceYogurt; 1 unitRoma Tomato; 1/4 ounceDill; 2 unitPita Bread; 8 ounceGrilling Cheese; 8 teaspoonOlive Oil; 1 tablespoonButter; Salt; Pepper
Mediterranean Quinoa Bowl,Milk; Tree Nuts,Calories 618kcal,Fat 33g,,Carbohydrate 59g,,Dietary Fiber 10g,Protein 22g,,,1 bunchKale; 3/4 cupQuinoa; 1 ounceMixed Olives; 1/4 cupFeta Cheese; 1 bunchGrape Tomatoes; 1 tablespoonRed Wine Vinegar; 2 cloveGarlic; 1 ounceAlmonds; 1 bunchParsley; 1 unitVeggie Stock Concentrate; 2 tablespoonOlive Oil; unitSalt; unitPepper
Mediterranean Quinoa Bowl,Milk; Tree Nuts,Calories 548kcal,Fat 26g,Saturated Fat 4g,Carbohydrate 63g,Sugar 8g,Dietary Fiber 8g,Protein 17g,,Sodium 568mg,4 ounceKale; 3/4 cupQuinoa; 2 cloveGarlic; 1 unitMixed Olives; 1/2 cupFeta Cheese; 4 ounceGrape Tomatoes; 2 tablespoonRed Wine Vinegar; 1 ouncePine Nuts; 1/4 ounceParsley; 1 unitVeggie Stock Concentrate; 4 teaspoonOlive Oil; unitSalt; unitPepper
Mediterranean Roasted Chicken Legs,Milk; Sesame; Wheat,Calories 1140kcal,Fat 65g,Saturated Fat 17g,Carbohydrate 115g,Sugar 32g,Dietary Fiber 11g,Protein 52g,Cholesterol 235mg,Sodium 380mg,6 ounceCarrots; 2 unitRed Onion; 2 tablespoonMediterranean Spice Blend; 32 ounceChicken Legs; 2 unitLemon; 4 unitScallions; 2 unitRoma Tomato; 2 cloveGarlic; 8 ounceYogurt; 2 ounceHoney; 1 tablespoonZa'atar Spice; 12 ounceOrzo Pasta; 2 teaspoonOlive Oil; 2 teaspoonVegetable Oil; 4 tablespoonButter; Salt; Pepper
Mediterranean Salmon,Fish; Wheat; Milk; Sesame,Calories 730kcal,Fat 43g,Saturated Fat 13g,Carbohydrate 58g,Sugar 6g,Dietary Fiber 6g,Protein 37g,Cholesterol 110mg,Sodium 370mg,1 unitVeggie Stock Concentrate; 1/4 ounceDill; 1 unitLemon; 10 ounceSalmon; 1/2 cupFrench Couscous; 4 tablespoonSour Cream; 1 tablespoonZa'atar Spice; 6 ounceGreen Beans; 1 tablespoonVegetable Oil; Salt; Pepper; 1 tablespoonButter
Mediterranean Skillet Chicken,Wheat,Calories 508kcal,Fat 10g,Saturated Fat1.5 g,Carbohydrate 62g,Sugar 13g,Dietary Fiber 13g,Protein 50g,Cholesterol 120mg,Sodium 297mg,1 unitCarrots; 12 ounceChicken Breasts; 1/2 cupBulgur Wheat; 1 unitZucchini; 1.5 ounceDried Apricots; 1/4 ounceParsley; 1 unitLemon; 1 unitChicken Stock Concentrate; 1 unitRed Onion; 1 tablespoonOlive Oil; unitSalt; unitPepper
Mediterranean Tomato and Asparagus Bake,Wheat; Tree Nuts; Milk,Calories 450kcal,Fat 21g,Saturated Fat 8g,Carbohydrate 51g,Sugar 6g,Dietary Fiber 9g,Protein 18g,Cholesterol 35mg,Sodium 510mg,2 cloveGarlic; 8 ounceAsparagus; 1/4 ounceThyme; 4 ounceGrape Tomatoes; 1/2 unitIsraeli Couscous; 2 unitScallions; 1 ounceAlmonds; 1/2 cupFeta Cheese; 1 unitVeggie Stock Concentrate; 1 teaspoonOlive Oil; 1 tablespoonButter; unitSalt; unitPepper
Mediterranean Whole-Roasted Cauliflower,Milk,Calories 665kcal,Fat 33g,,Carbohydrate 69g,,Dietary Fiber 18g,Protein 32g,,,1 unitCauliflower; 1 teaspoonCoriander; 1 ouncePepitas; 1/2 cupYogurt; 1 bunchDill; 1 canChickpeas; 1 unitOrange; 1 teaspoonCumin; 3 tablespoonOlive Oil; unitSalt; unitPepper
Mega Mushroom Burgers,Eggs; Wheat; Soy,Calories 640kcal,Fat 40g,Saturated Fat 7g,Carbohydrate 62g,Sugar 15g,Dietary Fiber 11g,Protein 13g,Cholesterol 15mg,Sodium 490mg,2Portobello Mushrooms; 2Arugula; 1Roma Tomato; 1Yellow Onion; 1Avocado; 2Mayonnaise; 2Hot Sauce; 2Balsamic Vinegar; 2Potato Bun; 4Olive Oil; Salt; Pepper
Mega Turkey Meatballs,Wheat; Milk,Calories 860kcal,Fat 29g,Saturated Fat 14g,Carbohydrate 100g,Sugar 12g,Dietary Fiber 8g,Protein 54g,Cholesterol 115mg,Sodium 710mg,1 unitYellow Onion; 4 cloveGarlic; 1/4 ounceParsley; 1 cupPanko Breadcrumbs; 3/4 cupMilk; 20 ounceGround Turkey; 1/2 cupParmesan Cheese; 1 tablespoonTuscan Heat Spice; 13.76 ounceCrushed Tomatoes; 12 ouncePenne Pasta; 8 ounceBroccoli Florets; 1 cupMozzarella Cheese; 2 teaspoonOlive Oil; 1 tablespoonButter; Salt; Pepper
Melt in the Middle Meatballs,Wheat; Milk,Calories 931kcal,Fat 36g,Saturated Fat 16g,Carbohydrate 99g,Sugar 17g,Dietary Fiber 7g,Protein 58g,Cholesterol 140mg,Sodium 947mg,1 unitRed Onion; 2 cloveGarlic; 1/2 cupPanko Breadcrumbs; 1 teaspoonDried Thyme; 20 ounceGround Beef; 2 boxDiced Tomatoes; 1 unitBeef Stock Concentrate; 12 ounceSpaghetti; 12 ounceBaby Broccoli; 8 ounceFresh Mozzarella; 2 teaspoonSugar; 6 teaspoonOlive Oil; unitSalt; unitPepper
Melty Burrito Bake,Wheat; Milk,Calories 786kcal,Fat 37g,Saturated Fat 15g,Carbohydrate 74g,Sugar 12g,Dietary Fiber 15g,Protein 43g,Cholesterol 98mg,Sodium 951mg,16 ounceGround Beef; 2 unitYellow Onion; 2 tablespoonSouthwest Spice Blend; 1 boxKidney Beans; 1 boxCrushed Tomatoes; 2 unitBaby Gem Lettuce; 8 unitWhole Wheat Tortillas; 1/2 cupCheddar Cheese; 1 unitLime; 4 tablespoonSour Cream; 2 unitRoma Tomato; 5 teaspoonVegetable Oil; unitSalt; unitPepper
Melty Gruyere-Topped Quinoa,Tree Nuts; Milk,Calories 658kcal,Fat 28g,Saturated Fat 8g,Carbohydrate 91g,Sugar 23g,Dietary Fiber 16g,Protein 22g,Cholesterol 25mg,Sodium 356mg,12 ounceButternut Squash; 1 unitRed Onion; 1 unitVeggie Stock Concentrate; 1/2 cupQuinoa; 8 ounceBrussels Sprouts; 1 unitLemon; 1 ouncePecans; 1 ounceDried Cranberries; 1/2 cupGruyère Cheese; unitSalt; unitPepper; 1 tablespoonOlive Oil
Melty Monterey Jack Burger,Eggs; Wheat; Milk; Soy,Calories 840kcal,Fat 44g,Saturated Fat 16g,Carbohydrate 69g,Sugar 18g,Dietary Fiber 4g,Protein 38g,Cholesterol 120mg,Sodium 779mg,1 unitRed Onion; 2 cloveGarlic; 4 tablespoonBalsamic Vinegar; 2 unitZucchini; 16 ounceGround Beef; 2 teaspoonDried Oregano; 2 jarMayonnaise; 2 jarKetchup; 1/2 cupPanko Breadcrumbs; 1 cupMonterey Jack Cheese; 4 unitPotato Buns; 5 teaspoonVegetable Oil; 2 teaspoonSugar; unitSalt; unitPepper
Melty Monterey Jack Burgers,Eggs; Wheat; Milk; Soy,Calories 910kcal,Fat 54g,Saturated Fat 19g,Carbohydrate 69g,Sugar 19g,Dietary Fiber 3g,Protein 41g,Cholesterol 145mg,Sodium 980mg,2 cloveGarlic; 1 unitYellow Onion; 1 unitZucchini; 2 tablespoonMayonnaise; 5 teaspoonBalsamic Vinegar; 1/4 cupPanko Breadcrumbs; 1 teaspoonDried Oregano; 10 ounceGround Beef; 1/2 cupMonterey Jack Cheese; 2 unitPotato Buns; 2 tablespoonKetchup; 1 tablespoonVegetable Oil; 1 teaspoonSugar; Salt; Pepper
Melty Monterey Jack Burgers,Eggs; Wheat; Milk; Soy,Calories 870kcal,Fat 50g,Saturated Fat 17g,Carbohydrate 67g,Sugar 17g,Dietary Fiber 4g,Protein 40g,Cholesterol 130mg,Sodium 720mg,1 cloveGarlic; 1 unitRed Onion; 1 unitZucchini; 2 tablespoonMayonnaise; 5 teaspoonBalsamic Vinegar; 1/4 cupPanko Breadcrumbs; 1 teaspoonDried Oregano; 10 ounceGround Beef; 1/2 cupMonterey Jack Cheese; 2 unitPotato Buns; 2 tablespoonKetchup; 3 teaspoonVegetable Oil; 1 teaspoonSugar; Salt; Pepper
Melty Monterey Jack Burgers,Eggs; Wheat; Milk; Soy,Calories 820kcal,Fat 47g,Saturated Fat 18g,Carbohydrate 57g,Sugar 19g,Dietary Fiber 3g,Protein 38g,Cholesterol 125mg,Sodium 890mg,1/2 teaspoonGarlic; 1 unitRed Onion; 2 unitZucchini; 3 tablespoonMayonnaise; 10 teaspoonBalsamic Vinegar; 1/2 cupPanko Breadcrumbs; 2 teaspoonDried Oregano; 20 ounceGround Beef; 1 cupMonterey Jack Cheese; 4 unitPotato Buns; 4 tablespoonKetchup; 5 teaspoonVegetable Oil; 2 teaspoonSugar; Salt; Pepper
Melty Monterey Jack Burgers,Eggs; Milk; Soy; Wheat,Calories 990kcal,Fat 53g,Saturated Fat 19g,Carbohydrate 88g,Sugar 18g,Dietary Fiber 7g,Protein 42g,Cholesterol 145mg,Sodium 900mg,12 ounceYukon Gold Potatoes; 2 cloveGarlic; 1 unitRed Onion; 1 tablespoonFry Seasoning; 5 teaspoonBalsamic Vinegar; 2 tablespoonMayonnaise; 10 ounceGround Beef; 1/2 cupMonterey Jack Cheese; 2 unitPotato Buns; 2 tablespoonKetchup; 1 tablespoonVegetable Oil; 1 teaspoonSugar; Salt; Pepper
Melty Monterey Jack Burgers,Eggs; Wheat; Milk; Soy,Calories 910kcal,Fat 54g,Saturated Fat 19g,Carbohydrate 55g,Sugar 20g,Dietary Fiber 4g,Protein 40g,Cholesterol 150mg,Sodium 1000mg,2 cloveGarlic; 1 unitRed Onion; 1 unitZucchini; 2 tablespoonMayonnaise; 5 teaspoonBalsamic Vinegar; 1/4 cupPanko Breadcrumbs; 1 teaspoonDried Oregano; 10 ounceGround Beef; 1/2 cupMonterey Jack Cheese; 2 unitPotato Buns; 2 tablespoonKetchup; 1 tablespoonVegetable Oil; 1 teaspoonSugar; Salt; Pepper
Melty Mozzarella Burgers,Milk; Soy; Wheat,Calories 750kcal,Fat 37g,Saturated Fat 12g,Carbohydrate 66g,Sugar 19g,Dietary Fiber 4g,Protein 39g,Cholesterol 105mg,Sodium 780mg,1 unitRed Onion; 1 cloveGarlic; 1/2 tablespoonTomato Paste; 3 teaspoonBalsamic Vinegar; 10 ounceGround Beef; 1/2 cupMozzarella Cheese; 2 unitCiabatta Bread; 4 ounceHeirloom Grape Tomatoes; 2 ounceMixed Greens; 1 ounceDried Cranberries; 5 teaspoonOlive Oil; 1 teaspoonSugar; Salt; Pepper
Melty Mozzarella Chicken Pomodoro Bake,Milk; Wheat,Calories 790kcal,Fat 28g,Saturated Fat 11g,Carbohydrate 92g,Sugar 12g,Dietary Fiber 6g,Protein 47g,Cholesterol 160mg,Sodium 920mg,8 ounceFresh Mozzarella; 20 ounceChicken Breast Strips; 2 tablespoonTuscan Heat Spice; 12 ouncePenne Pasta; 27.52 ounceCrushed Tomatoes; 2 unitChicken Stock Concentrate; 1/2 cupPanko Breadcrumbs; 2 teaspoonVegetable Oil; 1 tablespoonButter; 1 teaspoonOlive Oil; Salt; Pepper
MexiCali Beef Burrito Bowls,Milk,Calories 940kcal,Fat 52g,Saturated Fat 19g,Carbohydrate 83g,Sugar 9g,Dietary Fiber 8g,Protein 38g,Cholesterol 140mg,Sodium 520mg,1 unitRed Onion; 1 unitPoblano Pepper; 1 unitRoma Tomato; 1 unitLime; 3/4 cupJasmine Rice; 2 tablespoonSour Cream; 10 ounceGround Beef; 1.5 ounceTomato Paste; 1 tablespoonSouthwest Spice Blend; 1/4 cupMonterey Jack Cheese; 4 tablespoonGuacamole; 2 teaspoonVegetable Oil; Salt; Pepper; 1 tablespoonButter
Mexican Chicken and Rice Bowl for Dinner,Milk; Wheat,Calories 690kcal,Fat 35g,Saturated Fat 14g,Carbohydrate 58g,Sugar 6g,Dietary Fiber 4g,Protein 39g,Cholesterol 195mg,Sodium 530mg,1 unitRed Onion; 1 unitPoblano Pepper; 1 unitBell Pepper; 2 unitRoma Tomato; 1/4 ounceCilantro; 1 unitLime; 2 unitChicken Stock Concentrate; 1 teaspoonTurmeric; 3/4 cupJasmine Rice; 1 tablespoonSouthwest Spice Blend; 20 ounceChicken Breast Strips; 1 teaspoonChili Powder; 6 tablespoonSour Cream; 3 teaspoonHot Sauce; 2 unitFlour Tortilla; 4 teaspoonVegetable Oil; 3 tablespoonButter; Salt; Pepper
Mexican Chicken and Rice Bowl,Milk,Calories 670kcal,Fat 35g,Saturated Fat 14g,Carbohydrate 59g,Sugar 7g,Dietary Fiber 3g,Protein 31g,Cholesterol 165mg,Sodium 450mg,1 unitChicken Stock Concentrate; 1/2 teaspoonTurmeric; 1/2 cupJasmine Rice; 1 unitLong Green Pepper; 1 unitRoma Tomato; 2 unitScallions; 1 unitLime; 1 tablespoonSouthwest Spice Blend; 10 ounceChicken Breast Strips; 4 tablespoonSour Cream; 1 teaspoonHot Sauce; 4 teaspoonVegetable Oil; 2 tablespoonButter; Salt; Pepper
Mexican Pork & Street Corn Tacos,Milk; Soy; Wheat,Calories 940kcal,Fat 48g,Saturated Fat 17g,Carbohydrate 90g,Sugar 19g,Dietary Fiber 5g,Protein 33g,Cholesterol 115mg,Sodium 1740mg,1 unitShallot; 1 unitJalapeño; 1 unitLime; 4 tablespoonSour Cream; 1 unitTex-Mex Paste; 13.4 ounceCorn; 10 ounceGround Pork; 1 tablespoonSouthwest Spice Blend; 1 unitChicken Stock Concentrate; 6 unitFlour Tortillas; 1 teaspoonOlive Oil; 2 teaspoonVegetable Oil; 1/4 teaspoonSugar; Salt; Pepper
Mexican Pork & Street Corn Tacos,Milk; Soy; Wheat,Calories 960kcal,Fat 51g,Saturated Fat 20g,Carbohydrate 90g,Sugar 19g,Dietary Fiber 5g,Protein 31g,Cholesterol 130mg,Sodium 1340mg,1 unitShallot; 1 unitJalapeño; 1 unitLime; 4 tablespoonSour Cream; 1 teaspoonChili Powder; 13.4 ounceCorn; 10 ounceGround Pork; 1 tablespoonSouthwest Spice Blend; 1 unitChicken Stock Concentrate; 6 unitFlour Tortillas; 1 teaspoonOlive Oil; 1 teaspoonVegetable Oil; 1 tablespoonButter; 1/4 teaspoonSugar; Salt; Pepper
Mexican Quinoa Jumble,Milk,Calories 543kcal,Fat 23g,Saturated Fat 6g,Carbohydrate 70g,Sugar 7g,Dietary Fiber 10g,Protein 22g,,Sodium 564mg,3/4 cupQuinoa; 1 unitVeggie Stock Concentrate; 1 unitJalapeño; 1 unitRed Bell Pepper; 1 ouncePepitas; 1/2 cupFeta Cheese; 1 unitCorn on the Cob; 1 teaspoonCumin; 1 unitLime; 1/4 ounceCilantro; 2 teaspoonOlive Oil; unitSalt; unitPepper
Middle Eastern Chickpea Bowls,Tree Nuts; Milk,Calories 750kcal,Fat 31g,Saturated Fat 12g,Carbohydrate 93g,Sugar 11g,Dietary Fiber 12g,Protein 19g,Cholesterol 50mg,Sodium 610mg,1 unitRed Onion; 1/4 ounceCilantro; 1/2 ouncePistachios; 1/2 cupBasmati Rice; 13.4 ounceChickpeas; 4 tablespoonSour Cream; 1 cloveGarlic; 1 unitLemon; 4 ounceGrape Tomatoes; 1 unitVeggie Stock Concentrate; 1 tablespoonShawarma Spice Blend; 1 teaspoonHot Sauce; 2 teaspoonOlive Oil; 2 tablespoonButter; Salt; Pepper
Middle Eastern Steak & Rice Pilaf,Milk; Tree Nuts,Calories 780kcal,Fat 44g,Saturated Fat 15g,Carbohydrate 68g,Sugar 13g,Dietary Fiber 7g,Protein 33g,Cholesterol 110mg,Sodium 600mg,6 ounceCarrots; 1 unitPersian Cucumber; 1 unitLemon; 1/2 cupBasmati Rice; 2 tablespoonYogurt; 9 ounceMiddle Eastern Spiced Steak; 1 unitZucchini; 1 cloveGarlic; 1 teaspoonSmoked Paprika; 1 unitChicken Stock Concentrate; 2 tablespoonSour Cream; 1/2 ounceSliced Almonds; 1 teaspoonChili Flakes; 1 tablespoonButter; 4 teaspoonOlive Oil; Salt; Pepper
Middle Eastern Steak Bowls,Milk; Tree Nuts,Calories 740kcal,Fat 41g,Saturated Fat 15g,Carbohydrate 65g,Sugar 11g,Dietary Fiber 7g,Protein 33g,Cholesterol 110mg,Sodium 310mg,9 ounceMiddle Eastern Spiced Steak; 1 tablespoonShawarma Spice Blend; 1 unitYellow Onion; 2 unitScallions; 1 unitTomato; 2 tablespoonYogurt; 1/2 ounceAlmonds; 1/2 cupBasmati Rice; 2 tablespoonSour Cream; 1 unitZucchini; 1 teaspoonGarlic Powder; 1 unitLemon; Salt; Pepper; 1/4 teaspoonSugar; 1 tablespoonOlive Oil; 1 tablespoonButter
Mighty Meatless Bolognese,Wheat; Eggs; Soy; Milk,Calories 680kcal,Fat 12g,Saturated Fat3.5 g,Carbohydrate 102g,Sugar 14g,Dietary Fiber 7g,Protein 51g,Cholesterol 15mg,Sodium 1240mg,2 cloveGarlic; 1 unitShallot; 1/4 ounceParsley; 6 ounceTagliatelle; 8 ounceItalian Veggie Crumbles; 1 tablespoonTuscan Heat Spice; 13.76 ounceCrushed Tomatoes; 1 unitVeggie Stock Concentrate; 1/4 cupParmesan Cheese; 1 teaspoonOlive Oil; Salt; Pepper
Mighty Meatless Bolognese,Wheat; Soy; Milk,Calories 720kcal,Fat 18g,Saturated Fat 5g,Carbohydrate 93g,Sugar 12g,Dietary Fiber 10g,Protein 53g,Cholesterol 15mg,Sodium 900mg,6 ounceLinguine; 8 ounceSeitan Crumbles; 2 cloveGarlic; 1 unitShallot; 1/4 ounceParsley; 1 tablespoonTuscan Heat Spice; 1/4 cupParmesan Cheese; 1 unitVeggie Stock Concentrate; 1 canDiced Tomatoes; 1 teaspoonOlive Oil; unitSalt; unitPepper
Mighty Meatless Bolognese,Wheat; Soy; Milk,Calories 720kcal,Fat 18g,Saturated Fat 5g,Carbohydrate 93g,Sugar 12g,Dietary Fiber 10g,Protein 53g,Cholesterol 15mg,Sodium 900mg,6 ounceLinguine; 8 ounceItalian Veggie Crumbles; 2 cloveGarlic; 1 unitShallot; 1/4 ounceParsley; 1 tablespoonTuscan Heat Spice; 1/4 cupParmesan Cheese; 1 unitVeggie Stock Concentrate; 1 canDiced Tomatoes; 1 teaspoonOlive Oil; unitSalt; unitPepper
Mighty Mozz Chicken Sausage Melts,Soy; Wheat; Milk,Calories 860kcal,Fat 45g,Saturated Fat 20g,Carbohydrate 72g,Sugar 9g,Dietary Fiber 8g,Protein 40g,Cholesterol 185mg,Sodium 1630mg,12 ounceYukon Gold Potatoes; 1 unitRoma Tomato; 1 unitLemon; 1 unitGreen Herb Blend; 1 teaspoonGarlic Powder; 2 unitDemi-Baguette; 4 tablespoonSour Cream; 9 ounceItalian Chicken Sausage Mix; 1/2 cupMozzarella Cheese; 4 teaspoonVegetable Oil; 2 tablespoonButter; Salt; Pepper
Mighty Mushroom Tortilla Melts,Milk; Soy; Wheat,Calories 700kcal,Fat 41g,Saturated Fat 20g,Carbohydrate 68g,Sugar 18g,Dietary Fiber 7g,Protein 19g,Cholesterol 75mg,Sodium 1020mg,1 unitYellow Onion; 1 unitLemon; 1 unitApple; 4 ounceButton Mushrooms; 4 tablespoonSour Cream; 1 tablespoonFry Seasoning; 2 ounceMixed Greens; 1 unitMushroom Stock Concentrate; 2 unitFlour Tortillas; 1/2 cupCheddar Cheese; 1/4 cupMonterey Jack Cheese; 2 teaspoonVegetable Oil; 2 teaspoonOlive Oil; 1 tablespoonButter; Salt; Pepper
Mini Pork Meatloaves,Wheat; Milk,Calories 490kcal,Fat 19g,Saturated Fat 6g,Carbohydrate 56g,Sugar 21g,Dietary Fiber 7g,Protein 27g,Cholesterol 78mg,Sodium 387mg,24 ounceSweet Potatoes; 1 unitRed Onion; 1/4 ounceChives; 16 ounceGround Pork; 1 tablespoonSweet and Smoky BBQ Seasoning; 4 ounceBBQ Sauce; 8 ounceShredded Red Cabbage; 2 tablespoonRed Wine Vinegar; 1/4 cupPanko Breadcrumbs; unitSalt; unitPepper; 4 teaspoonOlive Oil; 1 teaspoonSugar; 1 tablespoonButter
Miso Apricot Salmon,Fish; Milk; Soy,Calories 760kcal,Fat 38g,Saturated Fat 13g,Carbohydrate 68g,Sugar 16g,Dietary Fiber 6g,Protein 28g,Cholesterol 105mg,Sodium 420mg,12 ounceCarrots; 2 unitScallions; 1 cloveGarlic; 1 thumbGinger; 1 unitLime; 1/2 cupJasmine Rice; 10 ounceSalmon; 2 tablespoonApricot Jam; 1 unitMiso Sauce Concentrate; Salt; Pepper; 1 tablespoonVegetable Oil; 2 tablespoonButter
Miso Lime Pork Cutlets,Soy; Milk,Calories 740kcal,Fat 33g,Saturated Fat 12g,Carbohydrate 74g,Sugar 18g,Dietary Fiber 6g,Protein 38g,Cholesterol 100mg,Sodium 730mg,1 thumbGinger; 2 unitScallions; 12 ounceCarrots; 1 unitLime; 1/2 cupJasmine Rice; 12 ouncePork Cutlets; 1 teaspoonGarlic Powder; 1 unitMiso Sauce Concentrate; 1/2 ounceHoney; 1 tablespoonSesame Seeds; 4 teaspoonVegetable Oil; 2 tablespoonButter; Salt; Pepper
Miso Peach Pork Chops,Soy; Milk,Calories 690kcal,Fat 31g,Saturated Fat 12g,Carbohydrate 68g,Sugar 18g,Dietary Fiber 4g,Protein 37g,Cholesterol 100mg,Sodium 720mg,1 thumbGinger; 1 cloveGarlic; 1 unitLime; 12 ouncePork Chops; 6 ounceGreen Beans; 1/2 cupJasmine Rice; 2 tablespoonPeach Jam; 1 unitMiso Sauce Concentrate; Salt; Pepper; 4 teaspoonVegetable Oil; 2 tablespoonButter
Mojo Pork Tacos,Milk; Eggs; Soy; Wheat,Calories 940kcal,Fat 54g,Saturated Fat 20g,Carbohydrate 82g,Sugar 17g,Dietary Fiber 5g,Protein 29g,Cholesterol 135mg,Sodium 1490mg,2 unitLime; 1/4 ounceCilantro; 1 teaspoonCumin; 1 teaspoonDried Oregano; 4 ounceColeslaw Mix; 6 tablespoonSour Cream; 1 unitOrange; 10 ounceGround Pork; 2 unitChicken Stock Concentrate; 1 teaspoonGarlic Powder; 2 tablespoonMayonnaise; 6 unitFlour Tortillas; Salt; Pepper; 1 teaspoonVegetable Oil; 1 teaspoonSugar
Mojo Pork Tenderloin,Milk; Eggs,Calories 1310kcal,Fat 70g,Saturated Fat 24g,Carbohydrate 101g,Sugar 18g,Dietary Fiber 20g,Protein 50g,Cholesterol 210mg,Sodium 1040mg,4 cloveGarlic; 13.4 ounceBlack Beans; 1/2 cupJasmine Rice; 2 unitChicken Stock Concentrate; 2 teaspoonCumin; 12 ouncePork Tenderloin; 1/4 ounceOregano; 1 unitOrange; 2 unitLime; 1/4 ounceCilantro; 3 ounceCarrot; 6 tablespoonSour Cream; 4 tablespoonMayonnaise; 4 ounceShredded Red Cabbage; 1 unitAvocado; 1 teaspoonVegetable Oil; 3 tablespoonButter; Salt; Pepper
Mojo-Drizzled New York Strip Steak,,Calories 740kcal,Fat 43g,Saturated Fat 12g,Carbohydrate 59g,Sugar 18g,Dietary Fiber 11g,Protein 35g,Cholesterol 95mg,Sodium 140mg,12 ounceYukon Gold Potatoes; 1 unitOrange; 1 unitLime; 1 cloveGarlic; 1/4 ounceCilantro; 6 ounceMini Bell Peppers; 1 unitRed Onion; 1 unitCorn on the Cob; 1 teaspoonDried Oregano; 1 teaspoonCumin; 10 ounceNew York Strip Steak; 10 teaspoonVegetable Oil; Salt; Pepper
Mole-Spiced Beef Tacos,Milk,Calories 620kcal,Fat 30g,Saturated Fat 11g,Carbohydrate 60g,Sugar 11g,Dietary Fiber 10g,Protein 35g,Cholesterol 105mg,Sodium 170mg,1 unitRed Onion; 1 unitPoblano Pepper; 4 ounceHeirloom Grape Tomatoes; 1 unitLime; 4 tablespoonSour Cream; 1 teaspoonChipotle Powder; 2 tablespoonTomato Paste; 10 ounceGround Beef; 1 tablespoonSouthwest Spice Blend; 1 teaspoonMole Spice Blend; 6 unitCorn Tortillas; 1/4 ounceCilantro; 1 teaspoonVegetable Oil; Salt; Pepper
Mole-Spiced Steak Tacos,Wheat; Milk,Calories 884kcal,Fat 34g,Saturated Fat 12g,Carbohydrate 86g,Sugar 12g,Dietary Fiber 9g,Protein 53g,Cholesterol 106mg,Sodium 608mg,12 ounceBeef Sirloin Tips; 6 unitFlour Tortilla; 1 unitPoblano Pepper; 1 unitRed Onion; 6 tablespoonSour Cream; 1 tablespoonMole Spice Blend; 1 teaspoonChili Powder; 1 unitLime; 1 canCorn; 4 teaspoonOlive Oil; unitSalt; unitPepper
Monster Mac 'N' Cheese,Wheat; Milk,Calories 700kcal,Fat 28g,Saturated Fat 14g,Carbohydrate 85g,Sugar 11g,Dietary Fiber 6g,Protein 29g,Cholesterol 60mg,Sodium 940mg,4 unitScallions; 20 ounceCauliflower Florets; 12 ounceCavatappi Pasta; 4 ouncePancetta; 2 tablespoonFlour; 2 cupMilk; 2 unitChicken Stock Concentrate; 1 cupItalian Cheese Blend; 2 teaspoonOlive Oil; 2 tablespoonButter; Salt; Pepper
Monterey Jack Burger,Milk; Wheat; Eggs,Calories 870kcal,Fat 48g,Saturated Fat 18g,Carbohydrate 65g,Sugar 15g,Dietary Fiber 5g,Protein 43g,Cholesterol 130mg,Sodium 720mg,10 ounceGround Beef; 1/2 cupMonterey Jack Cheese; 2 unitBrioche Buns; 1/4 cupPanko Breadcrumbs; 1 jarMayonnaise; 2 tablespoonBalsamic Vinegar; 1 unitRed Onion; 1 unitZucchini; 1 unitKetchup; 2 cloveGarlic; 1 teaspoonDried Oregano; 1 teaspoonSugar; 1 tablespoonOlive Oil; unitSalt; unitPepper
Monterey Jack Burgers,Eggs; Wheat; Milk; Soy,Calories 860kcal,Fat 48g,Saturated Fat 18g,Carbohydrate 63g,Sugar 15g,Dietary Fiber 6g,Protein 43g,Cholesterol 130mg,Sodium 720mg,2 cloveGarlic; 1 unitRed Onion; 2 unitZucchini; 3 tablespoonMayonnaise; 4 tablespoonBalsamic Vinegar; 1/2 cupPanko Breadcrumbs; 2 teaspoonDried Oregano; 20 ounceGround Beef; 1 cupMonterey Jack Cheese; 4 unitPotato Buns; 4 tablespoonKetchup; 5 teaspoonVegetable Oil; 2 teaspoonSugar; Salt; Pepper
Monterey Jack Chicken Sandwich,Wheat; Milk,Calories 810kcal,Fat 34g,Saturated Fat 14g,Carbohydrate 82g,Sugar 16g,Dietary Fiber 6g,Protein 40g,Cholesterol 170mg,Sodium 510mg,2 unitBrioche Buns; 1 unitRed Onion; 12 ounceYukon Gold Potatoes; 1 tablespoonFry Seasoning; 5 teaspoonBalsamic Vinegar; 10 ounceChicken Cutlets; 1/4 cupMonterey Jack Cheese; 4 tablespoonSour Cream; 5 teaspoonVegetable Oil; 1 teaspoonSugar; 1 tablespoonButter; Salt; Pepper
Moo Shu Pork Bowls,Soy; Wheat; Sesame; Milk,Calories 780kcal,Fat 34g,Saturated Fat 12g,Carbohydrate 85g,Sugar 36g,Dietary Fiber 4g,Protein 29g,Cholesterol 110mg,Sodium 1440mg,2 unitScallions; 1 unitLime; 10 ounceGround Pork; 4 ounceColeslaw Mix; 4 tablespoonSweet Soy Glaze; 2 tablespoonHoisin Sauce; 1 ounceSweet Thai Chili Sauce; 1 unitMicrowaveable Jasmine Rice; 1 tablespoonSesame Seeds; Salt; Pepper; 1 tablespoonButter; 1 teaspoonVegetable Oil
Moo Shu Pork Tacos,Soy; Eggs; Wheat,Calories 600kcal,Fat 37g,Saturated Fat 10g,Carbohydrate 39g,Sugar 7g,Dietary Fiber 3g,Protein 27g,Cholesterol 85mg,Sodium 720mg,16 ounceGround Pork; 6 unitRadishes; 8 ounceShredded Red Cabbage; 1 jarHoisin Sauce Jar; 2 jarMayonnaise; 8 unitFlour Tortilla; 8 ounceMushrooms; 4 unitScallions; 1 ounceSoy Sauce; 2 teaspoonMoo Shu Spice Blend; 2 teaspoonVegetable Oil; unitSalt; unitPepper
Moroccan Chicken Sausage Tagine,Wheat; Milk,Calories 950kcal,Fat 37g,Saturated Fat 10g,Carbohydrate 103g,Sugar 16g,Dietary Fiber 21g,Protein 44g,Cholesterol 145mg,Sodium 1950mg,2 unitShallot; 4 cloveGarlic; 4 unitCarrots; 2 unitRoma Tomato; 2 ounceDried Apricots; 1/2 ounceCilantro; 26.8 ounceChickpeas; 4 unitChicken Stock Concentrate; 1 cupCouscous; 18 ounceItalian Chicken Sausage; 2 tablespoonTurkish Spice Blend; 4 tablespoonSour Cream; 2 teaspoonHot Sauce; 2 tablespoonVegetable Oil; Salt; Pepper; 2 tablespoonButter
Moroccan-Style Chickpea & Tomato Stew,Milk; Wheat,Calories 650kcal,Fat 12g,Saturated Fat 1g,Carbohydrate 108g,Sugar 30g,Dietary Fiber 18g,Protein 23g,,Sodium 1210mg,3 ounceCarrot; 1 unitYellow Onion; 1 thumbGinger; 1/4 ounceCilantro; 13.4 ounceChickpeas; 1 tablespoonSmoky Cinnamon Paprika Spice; 1 teaspoonCumin; 1 teaspoonGarlic Powder; 1 teaspoonChili Flakes; 1.5 ounceTomato Paste; 14 ounceDiced Tomatoes; 3 unitVeggie Stock Concentrate; 1 unitLemon; 2 tablespoonYogurt; 2 unitWhole Wheat Pitas; 2 teaspoonOlive Oil; 1/2 teaspoonSugar; Salt; Pepper
Mozzarella & Herb Chicken,Wheat; Milk,Calories 780kcal,Fat 40g,Saturated Fat 15g,Carbohydrate 62g,Sugar 6g,Dietary Fiber 7g,Protein 48g,Cholesterol 160mg,Sodium 570mg,1 unitLemon; 1/4 cupPanko Breadcrumbs; 1/2 cupMozzarella Cheese; 1 teaspoonItalian Seasoning; 10 ounceChicken Cutlets; 2 tablespoonSour Cream; 8 ounceBroccoli Florets; 2.5 ounceIsraeli Couscous; 1 unitChicken Stock Concentrate; 2 tablespoonOlive Oil; 2 tablespoonButter; Salt; Pepper
Mozzarella & Herb Chicken,Wheat; Milk,Calories 770kcal,Fat 38g,Saturated Fat 16g,Carbohydrate 62g,Sugar 12g,Dietary Fiber 8g,Protein 49g,Cholesterol 180mg,Sodium 650mg,1 unitLemon; 1/4 cupPanko Breadcrumbs; 1/2 cupMozzarella Cheese; 1 teaspoonItalian Seasoning; 12 ounceChicken Breasts; 2 tablespoonSour Cream; 12 ounceCarrots; 2.5 ounceIsraeli Couscous; 1 unitChicken Stock Concentrate; 5 teaspoonOlive Oil; 2 tablespoonButter; Salt; Pepper
Mozzarella Pesto Chicken,Milk,Calories 770kcal,Fat 39g,Saturated Fat 10g,Carbohydrate 62g,Sugar 10g,Dietary Fiber 8g,Protein 42g,Cholesterol 135mg,Sodium 580mg,4 unitCarrots; 1 unitLemon; 10 ounceChicken Cutlets; 1/2 cupJasmine Rice; 2 ouncePesto; 1/2 cupMozzarella Cheese; 1 teaspoonChili Flakes; 1 tablespoonOlive Oil; 1 tablespoonButter; Salt; Pepper
Mozzarella-Crusted Chicken,Milk; Wheat,Calories 545kcal,Fat 17g,Saturated Fat 5g,Carbohydrate 46g,Sugar 6g,Dietary Fiber 7g,Protein 52g,Cholesterol 114mg,Sodium 355mg,12 ounceChicken Breasts; 1/2 cupMozzarella Cheese; 2 unitRoma Tomato; 1/2 cupPanko Breadcrumbs; 1 teaspoonPaprika; 12 ounceYukon Gold Potatoes; 1 teaspoonDried Oregano; 4 teaspoonOlive Oil; unitSalt; unitPepper
Mozzarella-Stuffed Little Italy Burgers,Eggs; Milk; Wheat,Calories 1230kcal,Fat 81g,Saturated Fat 23g,Carbohydrate 84g,Sugar 18g,Dietary Fiber 6g,Protein 45g,Cholesterol 180mg,Sodium 1230mg,12 ounceYukon Gold Potatoes; 1 unitShallot; 1 unitRoma Tomato; 5 teaspoonBalsamic Vinegar; 2 tablespoonMayonnaise; 2 tablespoonSour Cream; 4 tablespoonPesto; 10 ounceGround Beef; 1/2 cupMozzarella Cheese; 2 unitBrioche Buns; 2 ounceArugula; 7 teaspoonOlive Oil; 1/2 teaspoonSugar; Salt; Pepper
Mozzarella-Stuffed Meatball Bake,Milk; Wheat,Calories 1130kcal,Fat 58g,Saturated Fat 25g,Carbohydrate 105g,Sugar 17g,Dietary Fiber 8g,Protein 50g,Cholesterol 165mg,Sodium 1240mg,1 unitYellow Onion; 4 ounceFresh Mozzarella; 1/2 cupPanko Breadcrumbs; 10 ounceGround Beef; 1 tablespoonTuscan Heat Spice; 6 ounceCavatappi Pasta; 13.76 ounceCrushed Tomatoes; 1.5 ounceTomato Paste; 4 teaspoonOlive Oil; 1 teaspoonSugar; 2 tablespoonButter; Salt; Pepper; 1 teaspoonVegetable Oil
Mozz-Stuffed Caprese Burgers,Milk; Wheat; Eggs,Calories 1170kcal,Fat 78g,Saturated Fat 28g,Carbohydrate 75g,Sugar 12g,Dietary Fiber 5g,Protein 48g,Cholesterol 210mg,Sodium 1410mg,12 ounceYukon Gold Potatoes; 1 unitRoma Tomato; 1 teaspoonGarlic Powder; 2 tablespoonSour Cream; 1/2 cupMozzarella Cheese; 2 unitBrioche Buns; 1 tablespoonItalian Seasoning; 1/2 ounceBasil; 2 tablespoonMayonnaise; 10 ounceGround Beef; 1/4 cupParmesan Cheese; 8 teaspoonOlive Oil; 1 tablespoonButter; Salt; Pepper
Mozz-Stuffed Caprese Burgers,Milk; Eggs; Soy; Wheat,Calories 1200kcal,Fat 81g,Saturated Fat 24g,Carbohydrate 79g,Sugar 10g,Dietary Fiber 6g,Protein 44g,Cholesterol 145mg,Sodium 1220mg,12 ounceYukon Gold Potatoes; 1 unitRoma Tomato; 2 tablespoonSour Cream; 1/2 cupMozzarella Cheese; 2 unitPotato Buns; 1 tablespoonItalian Seasoning; 2 tablespoonMayonnaise; 10 ounceGround Beef; 4 tablespoonPesto; 8 teaspoonOlive Oil; Salt; Pepper
Mushroom & Herb Shepherd’s Pie,Milk; Wheat,Calories 650kcal,Fat 37g,Saturated Fat 20g,Carbohydrate 67g,Sugar 14g,Dietary Fiber 11g,Protein 17g,Cholesterol 85mg,Sodium 880mg,16 ounceYukon Gold Potatoes; 2 tablespoonSour Cream; 1/2 cupWhite Cheddar Cheese; 8 ounceButton Mushrooms; 6 ounceCarrots; 1 unitYellow Onion; 1/4 ounceThyme; 1 teaspoonGarlic Powder; 1 tablespoonFlour; 1.5 ounceTomato Paste; 2 unitMushroom Stock Concentrate; 1 tablespoonOlive Oil; 3 tablespoonButter; Salt; Pepper
Mushroom & Zucchini Tempura Bowls,Eggs; Milk; Wheat,Calories 910kcal,Fat 47g,Saturated Fat 10g,Carbohydrate 116g,Sugar 27g,Dietary Fiber 4g,Protein 12g,Cholesterol 40mg,Sodium 1820mg,1 unitPersian Cucumber; 2 unitScallions; 1 unitZucchini; 4 ounceButton Mushrooms; 5 teaspoonRice Wine Vinegar; 2 ounceSweet Thai Chili Sauce; 4 tablespoonMayonnaise; 1 tablespoonSesame Seeds; 3/4 cupJasmine Rice; 82 gTempura Mix; 1 teaspoonGarlic Powder; 1 teaspoonKorean Chili Flakes; Salt; Pepper; 1/2 teaspoonSugar; 1 teaspoonVegetable Oil; 1 tablespoonButter
Mushroom and Spinach Flatbread,Wheat; Milk,Calories 720kcal,Fat 27g,Saturated Fat 14g,Carbohydrate 90g,Sugar 5g,Dietary Fiber 9g,Protein 37g,,Sodium 960mg,10 ouncePizza Dough; 4 ounceFresh Mozzarella; 5 ounceSpinach; 8 ounceButton Mushrooms; 1 unitYellow Onion; 2 cloveGarlic; 1 ounceParmesan Cheese; boxSalt; boxPepper
Mushroom Bourguignon with Crispy Pancetta and Buttered Egg Noodles,Soy; Wheat; Eggs; Milk,Calories 766kcal,Fat 34g,,Carbohydrate 90g,,Dietary Fiber 10g,Protein 29g,,Sodium 1657mg,8 ounceMushrooms; 1 unitCarrots; 1 unitYellow Onion; 1/4 ounceThyme; 2 cloveGarlic; 2 unitVeggie Stock Concentrate; 1 tablespoonSoy Sauce; 2 tablespoonSherry Vinegar; 1/4 ounceParsley; 4 ouncePancetta; 2 tablespoonFlour; 6 ounceEgg Noodles; 1 tablespoonTomato Paste; 1 tablespoonButter; 1.5 tablespoonOlive Oil
Mushroom Chicken Scallopini,Wheat; Milk,Calories 710kcal,Fat 25g,Saturated Fat 11g,Carbohydrate 71g,Sugar 7g,Dietary Fiber 5g,Protein 51g,Cholesterol 140mg,Sodium 430mg,1 unitZucchini; 4 ounceButton Mushrooms; 1/4 ounceParsley; 1 unitShallot; 1/2 cupFlour; 12 ounceChicken Breasts; 1 packBasmati Rice; 1 unitChicken Stock Concentrate; 2 tablespoonSour Cream; 2 teaspoonVegetable Oil; 2 tablespoonButter; Salt; Pepper
Mushroom Gravy Chicken,Wheat; Milk,Calories 560kcal,Fat 22g,Saturated Fat 7g,Carbohydrate 48g,Sugar 5g,Dietary Fiber 6g,Protein 45g,Cholesterol 125mg,Sodium 340mg,4 ounceButton Mushrooms; 2 cloveGarlic; 1/4 ounceThyme; 12 ounceChicken Breasts; 1/2 cupIsraeli Couscous; 1 unitChicken Stock Concentrate; 4 tablespoonSour Cream; 1 teaspoonDijon Mustard; 1 unitLemon; 2 ounceArugula; 5 teaspoonOlive Oil; Salt; Pepper
Mushroom Lo Mein,Wheat; Soy,Calories 480kcal,Fat 17g,Saturated Fat 2g,Carbohydrate 70g,Sugar 15g,Dietary Fiber 7g,Protein 11g,,Sodium 900mg,4 ounceButton Mushrooms; 6 ounceGreen Beans; 1 unitCarrots; 8 ounceUdon Noodles; 1 thumbGinger; 2 cloveGarlic; 1 unitVeggie Stock Concentrate; 2 unitScallions; 1 tablespoonHoisin Sauce Jar; 1 tablespoonSoy Sauce; 1 teaspoonHoney; 1 tablespoonSesame Oil; 2 teaspoonVegetable Oil; unitSalt; unitPepper
Mushroom Lo Mein,Soy; Wheat,Calories 460kcal,Fat 17g,Saturated Fat1.5 g,Carbohydrate 71g,Sugar 15g,Dietary Fiber 7g,Protein 11g,,Sodium 900mg,6 ounceGreen Beans; 1 thumbGinger; 2 cloveGarlic; 1 unitCarrots; 4 ounceMixed Wild Mushrooms; 2 unitScallions; 1 tablespoonSoy Sauce; 1 unitVeggie Stock Concentrate; 1 tablespoonHoisin Sauce; 1 tablespoonSesame Oil; 1 teaspoonHoney; 8 ounceUdon Noodles; 2 teaspoonVegetable Oil; Salt; Pepper
Mushroom Penne with Truffle Cream,Wheat; Milk,Calories 690kcal,Fat 32g,Saturated Fat 14g,Carbohydrate 84g,Sugar 9g,Dietary Fiber 6g,Protein 20g,Cholesterol 50mg,Sodium 920mg,2 unitScallions; 6 ouncePenne Pasta; 2 ounceMixed Greens; 2 tablespoonSour Cream; 1/4 cupParmesan Cheese; 4 ounceButton Mushrooms; 3 ounceCarrot; 2 tablespoonCream Cheese; 2 gTruffle Zest; 1 unitCroutons; 1.5 ounceItalian Dressing; 2 teaspoonOlive Oil; 1 tablespoonButter; Salt; Pepper
Mushroom Ragout,Milk,Calories 393kcal,Fat 23g,Saturated Fat 11g,Carbohydrate 35g,Sugar 8g,Dietary Fiber 4g,Protein 15g,,Sodium 781mg,8 ounceButton Mushrooms; 2 cloveGarlic; 1 unitShallot; 1/4 ounceThyme; 1/4 ounceParsley; 1 unitVeggie Stock Concentrate; 2 ounceSour Cream; 1/4 cupParmesan Cheese; 2 ounceArugula; 2 tablespoonBalsamic Vinegar; 1 unitPolenta; unitSalt; unitPepper; 1 tablespoonButter; 1 tablespoonOlive Oil
Mushroom Ravioli with Kale & Walnuts,Tree Nuts; Milk; Eggs; Wheat,Calories 610kcal,Fat 39g,Saturated Fat 19g,Carbohydrate 47g,Sugar 6g,Dietary Fiber 5g,Protein 20g,Cholesterol 100mg,Sodium 1020mg,1 unitShallot; 4 ounceKale; 1 cloveGarlic; 1/2 ounceWalnuts; 1 unitMushroom Stock Concentrate; 2 tablespoonCrème Fraîche; 1/4 cupParmesan Cheese; 9 ounceMushroom Ravioli; 1 tablespoonOlive Oil; 2 tablespoonButter; Salt; Pepper
Mushroom Tempura Banh Mi,Eggs; Milk; Wheat; Soy,Calories 820kcal,Fat 33g,Saturated Fat 6g,Carbohydrate 95g,Sugar 19g,Dietary Fiber 8g,Protein 17g,Cholesterol 20mg,Sodium 1970mg,1 unitPersian Cucumber; 1 unitJalapeño; 8 ounceButton Mushrooms; 12 ounceCarrots; 5 teaspoonWhite Wine Vinegar; 2 tablespoonMayonnaise; 2 tablespoonSour Cream; 2 teaspoonSriracha; 82 gTempura Mix; 2 unitDemi-Baguette; 1/4 ounceCilantro; 1/2 teaspoonSugar; 1 teaspoonVegetable Oil; Salt; Pepper
Mustard Pork Chops and Potato Rosti,,Calories 550kcal,Fat 24g,Saturated Fat 6g,Carbohydrate 40g,Sugar 7g,Dietary Fiber 8g,Protein 43g,Cholesterol 95mg,Sodium 420mg,12 ounceBoneless Pork Chops; 1 unitDijon Mustard; 1/4 ounceThyme; 6 ounceGreen Beans; 1 unitShallot; 12 ounceYukon Gold Potatoes; 1 unitChicken Stock Concentrate; 5 teaspoonVegetable Oil; unitSalt; unitPepper
Mustard Pork Chops,,Calories 644kcal,Fat 30g,,Carbohydrate 52g,,Dietary Fiber 9g,Protein 44g,,,2 unitPork Chops; 1 tablespoonDijon Mustard; 1 sprigThyme; 6 ounceGreen Beans; 1 unitVeggie Stock Concentrate; 1 unitIdaho Potato; 1 unitShallot; tablespoonOlive Oil
Mustard-Breaded Chicken Thighs,Wheat; Milk,Calories 850kcal,Fat 26g,Saturated Fat 8g,Carbohydrate 114g,Sugar 18g,Dietary Fiber 16g,Protein 43g,Cholesterol 150mg,Sodium 574mg,24 ounceChicken Thighs; 1 cupFlour; 1 cupPanko Breadcrumbs; 3 unitDijon Mustard; 2 teaspoonDried Thyme; 24 ounceSweet Potatoes; 16 ounceBrussels Sprouts; 6 tablespoonSour Cream; 5 teaspoonOlive Oil; unitSalt; unitPepper
