Title,Allergens,Calories,Fat,Saturated Fat,Carbohydrate,Sugar,Dietary Fiber,Protein,Cholesterol,Sodium,Ingredients
Jalapeño Business Bacon Mac & Cheese,Wheat; Milk,Calories 1090kcal,Fat 66g,Saturated Fat 34g,Carbohydrate 86g,Sugar 8g,Dietary Fiber 4g,Protein 31g,Cholesterol 160mg,Sodium 1150mg,6 ounceCavatappi Pasta; 4 ounceBacon; 4 ounceCream Sauce Base; 1 unitJalapeño; 1/4 cupMonterey Jack Cheese; 1/2 cupMexican Cheese Blend; 4 tablespoonCream Cheese; 1 tablespoonFlour; 1 tablespoonSouthwest Spice Blend; 1 cloveGarlic; 1/4 cupPanko Breadcrumbs; 2 unitScallions; 1 tablespoonButter; Salt; Pepper
Jalapeño Chimi Chicken,,Calories 610kcal,Fat 18g,Saturated Fat2.5 g,Carbohydrate 62g,Sugar 10g,Dietary Fiber 12g,Protein 44g,Cholesterol 100mg,Sodium 460mg,1 unitSweet Potatoes; 1 unitRed Onion; 1 unitJalapeño; 1 unitLime; 1/4 ounceCilantro; 13.4 ounceBlack Beans; 1 tablespoonSouthwest Spice Blend; 10 ounceChicken Cutlets; 1 teaspoonChili Powder; Salt; Pepper; 1/2 teaspoonSugar; 5 teaspoonVegetable Oil
Jalapeño Popper Burgers,Milk; Eggs; Wheat,Calories 1020kcal,Fat 58g,Saturated Fat 22g,Carbohydrate 62g,Sugar 18g,Dietary Fiber 5g,Protein 43g,Cholesterol 185mg,Sodium 1090mg,1 unitJalapeño; 5 teaspoonWhite Wine Vinegar; 2 unitSweet Potatoes; 1 tablespoonFry Seasoning; 1/2 unitShallot; 2 tablespoonCream Cheese; 1/2 cupCheddar Cheese; 10 ounceGround Beef; 1 cloveGarlic; 2 tablespoonMayonnaise; 2 unitBrioche Buns; 1 unitRoma Tomato; 1/2 teaspoonSugar; 2 teaspoonVegetable Oil; Salt; Pepper
Jammin’ Cherry Thyme Chicken,Milk,Calories 640kcal,Fat 34g,Saturated Fat 15g,Carbohydrate 50g,Sugar 19g,Dietary Fiber 7g,Protein 34g,Cholesterol 160mg,Sodium 310mg,12 ounceYukon Gold Potatoes; 1/4 ounceThyme; 6 ounceGreen Beans; 1 unitChicken Stock Concentrate; 2 unitScallions; 2 tablespoonSour Cream; 10 ounceChicken Cutlets; 2 tablespoonCherry Jam; Salt; Pepper; 4 teaspoonOlive Oil; 3 tablespoonButter
Jammy Fig and Brie Grilled Cheese,Milk; Wheat,Calories 517kcal,Fat 30g,Saturated Fat 15g,Carbohydrate 48g,Sugar 10g,Dietary Fiber 6g,Protein 21g,Cholesterol 76mg,Sodium 753mg,4 ounceArugula; 1/4 ounceRosemary; 4 ounceButton Mushrooms; 4 ounceBrie; 1 ounceFig Jam; 2 tablespoonBalsamic Vinegar; 4 sliceWhole Wheat Bread; unitSalt; unitPepper; 1 tablespoonButter; 2 teaspoonOlive Oil
Jammy Pork Tenderloin,Soy; Wheat; Milk,Calories 750kcal,Fat 36g,Saturated Fat 15g,Carbohydrate 57g,Sugar 19g,Dietary Fiber 5g,Protein 37g,Cholesterol 165mg,Sodium 780mg,1 unitShallot; 1/4 ounceThyme; 2 unitChicken Stock Concentrate; 6 ounceGreen Beans; 2.5 ounceCelery; 1 unitDemi-Baguette; 12 ouncePork Tenderloin; 2 tablespoonFig Jam; Salt; Pepper; 4 teaspoonOlive Oil; 3 tablespoonButter
Japanese Beef & Pepper Tacos,Soy; Wheat; Eggs; Fish,Calories 900kcal,Fat 46g,Saturated Fat 16g,Carbohydrate 92g,Sugar 27g,Dietary Fiber 3g,Protein 33g,Cholesterol 110mg,Sodium 2310mg,1 unitYellow Onion; 1 unitBell Pepper; 1 thumbGinger; 2 unitScallions; 1 unitLime; 10 ounceGround Beef; 8 tablespoonTeriyaki Sauce; 6 unitFlour Tortillas; 2 tablespoonMayonnaise; 6 millilitersPonzu Sauce; 1 teaspoonSriracha; 2 teaspoonVegetable Oil; 1/2 teaspoonSugar; Salt; Pepper
Japanese Panko Chicken,Milk; Wheat; Soy,Calories 680kcal,Fat 26g,Saturated Fat 5g,Carbohydrate 68g,Sugar 8g,Dietary Fiber 5g,Protein 37g,Cholesterol 115mg,Sodium 580mg,1 thumbGinger; 2 unitScallions; 1/2 cupJasmine Rice; 6 ounceGreen Beans; 1 tablespoonSesame Oil; 1 tablespoonSesame Seeds; 10 ounceChicken Cutlets; 2 tablespoonSour Cream; 1/2 cupPanko Breadcrumbs; 1 teaspoonDijon Mustard; 1 ounceKetchup; 2 teaspoonSoy Sauce; 4 teaspoonVegetable Oil; 1 teaspoonSugar; Salt; Pepper
Japanese-Style Panko Pork Cutlets,Wheat; Milk; Soy,Calories 860kcal,Fat 44g,Saturated Fat 8g,Carbohydrate 74g,Sugar 19g,Dietary Fiber 3g,Protein 46g,Cholesterol 100mg,Sodium 720mg,1 cupJasmine Rice; 1 cupPanko Breadcrumbs; 24 ouncePork Cutlets; 4 tablespoonSour Cream; 6 unitPersian Cucumber; 4 unitScallions; 2 tablespoonSesame Oil; 2 tablespoonSesame Seeds; 5 teaspoonWhite Wine Vinegar; 4 tablespoonHoisin Sauce; 2 teaspoonGarlic Powder; 4 tablespoonKetchup; 4 teaspoonSoy Sauce; 4 tablespoonVegetable Oil; 2 teaspoonSugar; Salt; Pepper
Jerk Chicken and Peach Skewers,,Calories 492kcal,Fat 7g,Saturated Fat 1g,Carbohydrate 63g,Sugar 13g,Dietary Fiber 7g,Protein 49g,Cholesterol 120mg,Sodium 293mg,12 ounceChicken Breasts; 1 unitPeach; 1 unitRed Onion; 4 ounceSugar Snap Peas; 4 unitWooden Skewers; 1/2 cupBasmati Rice; 1 teaspoonCurry Powder; 1 unitChicken Stock Concentrate; 1 tablespoonJerk Seasoning; 1 unitLemon; 2 teaspoonOlive Oil; unitSalt; unitPepper
Jerk Chicken Legs,Tree Nuts,Calories 710kcal,Fat 29g,Saturated Fat 12g,Carbohydrate 64g,Sugar 17g,Dietary Fiber 5g,Protein 48g,Cholesterol 200mg,Sodium 320mg,6 ounceGreen Beans; 1 tablespoonCajun Spice Blend; 1/2 cupJasmine Rice; 4 ouncePineapple; 1 unitLime; 1 tablespoonSmoky Cinnamon Paprika Spice; 16 ounceChicken Legs; 5.07 ounceCoconut Milk; 2 unitScallions; 1 unitChili Pepper; 1 teaspoonOlive Oil; 1 teaspoonSugar; Salt; Pepper
Jerk Chicken Thighs,,Calories 590kcal,Fat 21g,Saturated Fat 4g,Carbohydrate 69g,Sugar 31g,Dietary Fiber 11g,Protein 39g,Cholesterol 145mg,Sodium 250mg,2 unitSweet Potatoes; 1 tablespoonJerk Seasoning; 2 cloveGarlic; 12 ounceChicken Thighs; 1 unitMango; 1 unitRed Bell Pepper; 1 unitShallot; 1 unitLime; 2 tablespoonWhite Wine Vinegar; 1/4 teaspoonHoney; 2 ounceArugula; 5 teaspoonVegetable Oil; Salt; Pepper
Juicy Apple Pork Burgers,Milk; Eggs; Soy; Wheat,Calories 878kcal,Fat 44g,Saturated Fat 12g,Carbohydrate 82g,Sugar 17g,Dietary Fiber 10g,Protein 39g,Cholesterol 100mg,Sodium 440mg,1/4 ounceRosemary; 24 ounceYukon Gold Potatoes; 2 unitGranny Smith Apple; 20 ounceGround Pork; 4 bunPotato Buns; 2 tablespoonBalsamic Vinegar; 4 ounceMixed Greens; 2 jarMayonnaise; 2 teaspoonOlive Oil; 2 teaspoonVegetable Oil; unitSalt; unitPepper
Juicy Apple Pork Burgers,Milk; Eggs; Soy; Wheat,Calories 930kcal,Fat 49g,Saturated Fat 14g,Carbohydrate 90g,Sugar 22g,Dietary Fiber 11g,Protein 33g,Cholesterol 105mg,Sodium 510mg,1/4 ounceRosemary; 2 unitSweet Potatoes; 1 unitGranny Smith Apple; 10 ounceGround Pork; 2 unitPotato Buns; 2 ounceMixed Greens; 2 teaspoonBalsamic Vinegar; 1.5 tablespoonMayonnaise; 1 tablespoonOlive Oil; Salt; Pepper
Juicy Lucy Burger,Milk; Wheat; Eggs,Calories 900kcal,Fat 57g,Saturated Fat 20g,Carbohydrate 55g,Sugar 19g,Dietary Fiber 3g,Protein 40g,Cholesterol 160mg,Sodium 1110mg,1 unitTomato; 1 unitRed Onion; 2 cloveGarlic; 5 teaspoonBalsamic Vinegar; 10 ounceGround Beef; 1/2 cupCheddar Cheese; 2 unitBrioche Buns; 1 tablespoonMayonnaise; 2 tablespoonKetchup; 2 ounceArugula; 4 teaspoonVegetable Oil; 1 teaspoonSugar; Salt; Pepper
Juicy Lucy Burger,Milk; Wheat; Eggs,Calories 825kcal,Fat 46g,Saturated Fat 14g,Carbohydrate 52g,Sugar 14g,Dietary Fiber 7g,Protein 49g,,Sodium 598mg,12 ounceGround Beef; 1/2 cupCheddar Cheese; 1 unitRoma Tomato; 1 unitRed Onion; 2 tablespoonBalsamic Vinegar; 2 unitBaby Gem Lettuce; 1 tablespoonKetchup; 2 unitBrioche Buns; 2 cloveGarlic; 1 tablespoonMayonnaise; unitSalt; unitPepper; 4 teaspoonOlive Oil; 1 teaspoonSugar
Juicy Lucy Burger,Milk; Eggs; Wheat,Calories 1049kcal,Fat 62g,,Carbohydrate 60g,,Dietary Fiber 5g,Protein 58g,,,12 ounceGround Beef; 1/2 cupCheddar Cheese; 1 unitTomato; 1 unitRed Onion; 2 tablespoonBalsamic Vinegar; 1 unitRomaine Lettuce; unitMayonnaise; unitKetchup; 1 unitBrioche Buns; 2 cloveGarlic; 1 teaspoonSugar; unitOlive Oil
Juicy Lucy Burgers,Milk; Eggs; Soy; Wheat,Calories 1030kcal,Fat 56g,Saturated Fat 21g,Carbohydrate 89g,Sugar 18g,Dietary Fiber 7g,Protein 43g,Cholesterol 155mg,Sodium 900mg,12 ounceYukon Gold Potatoes; 1 tablespoonFry Seasoning; 1 cloveGarlic; 1 unitYellow Onion; 1 unitRoma Tomato; 5 teaspoonBalsamic Vinegar; 10 ounceGround Beef; 1/2 cupCheddar Cheese; 2 unitPotato Buns; 2 tablespoonMayonnaise; 2 tablespoonSour Cream; 2 tablespoonKetchup; 1 tablespoonVegetable Oil; 1 teaspoonSugar; Salt; Pepper
Juicy Lucy Burgers,Milk; Wheat; Eggs,Calories 970kcal,Fat 61g,Saturated Fat 22g,Carbohydrate 70g,Sugar 21g,Dietary Fiber 5g,Protein 44g,Cholesterol 185mg,Sodium 1490mg,8 ounceBroccoli Florets; 2 cloveGarlic; 1 unitRed Onion; 1 unitRoma Tomato; 5 teaspoonBalsamic Vinegar; 10 ounceGround Beef; 1 tablespoonFry Seasoning; 1/2 cubeCheddar Cheese; 2 unitBrioche Buns; 2 tablespoonMayonnaise; 2 tablespoonSour Cream; 2 tablespoonKetchup; 1 tablespoonVegetable Oil; 1 teaspoonSugar; Salt; Pepper
Juicy Tomato Sirloin Steak,Tree Nuts; Milk,Calories 960kcal,Fat 67g,Saturated Fat 25g,Carbohydrate 51g,Sugar 10g,Dietary Fiber 9g,Protein 40g,Cholesterol 165mg,Sodium 840mg,4 ounceHeirloom Grape Tomatoes; 2 tablespoonShallot; 1/4 ounceParsley; 1/4 ounceThyme; 12 ounceMulticolored Fingerling Potatoes; 8 ounceBroccoli Florets; 1 ouncePine Nuts; 10 ounceSirloin Steak; 1 unitBeef Demi-Glace; 2 tablespoonGarlic Herb Butter; 1/4 cupParmesan Cheese; 2 teaspoonVegetable Oil; 4 teaspoonOlive Oil; 2 tablespoonButter; Salt; Pepper
Juicy Tomato Steak,Tree Nuts; Milk,Calories 960kcal,Fat 67g,Saturated Fat 25g,Carbohydrate 51g,Sugar 10g,Dietary Fiber 9g,Protein 40g,Cholesterol 165mg,Sodium 840mg,4 ounceHeirloom Grape Tomatoes; 4 tablespoonShallot; 1/4 ounceParsley; 1/4 ounceThyme; 4 ounceMulticolored Fingerling Potatoes; 16 ounceBroccoli Florets; 1 ouncePine Nuts; 20 ounceSirloin Steak; 1 unitBeef Demi-Glace; 2 tablespoonGarlic Herb Butter; 1/2 cupParmesan Cheese; 2 teaspoonVegetable Oil; 4 teaspoonOlive Oil; 2 tablespoonButter; Salt; Pepper
Jumpin’ Jack Chicken Bowls,Milk,Calories 680kcal,Fat 35g,Saturated Fat 16g,Carbohydrate 53g,Sugar 6g,Dietary Fiber 4g,Protein 41g,Cholesterol 155mg,Sodium 1290mg,2 unitScallions; 1 unitLime; 10 ounceChicken Breast Strips; 1 tablespoonSouthwest Spice Blend; 1 unitTex-Mex Paste; 1.5 ounceTomato Paste; 1 unitMicrowaveable Jasmine Rice; 1/2 cupPepper Jack Cheese; 4 tablespoonSour Cream; 2 teaspoonVegetable Oil; 1 tablespoonButter; Salt; Pepper
