Title,Allergens,Calories,Fat,Saturated Fat,Carbohydrate,Sugar,Dietary Fiber,Protein,Cholesterol,Sodium,Ingredients
Yellow Squash Flatbreads,Tree Nuts; Milk; Wheat; Sesame,Calories 612kcal,Fat 31g,Saturated Fat 10g,Carbohydrate 69g,Sugar 13g,Dietary Fiber 8g,Protein 23g,Cholesterol 40mg,Sodium 630mg,1 unitYellow Squash; 1 ouncePine Nuts; 4 ounceFresh Mozzarella; 2 unitScallions; 2 unitFlatbreads; 1/2 ounceBasil; 3 ounceMixed Greens; 1 unitLemon; 4 ounceGrape Tomatoes; 1/2 ounceHoney; 1 teaspoonChili Flakes; 2 teaspoonOlive Oil; unitSalt; unitPepper
Yellow Squash Flatbreads,Wheat; Sesame; Milk,Calories 630kcal,Fat 28g,Saturated Fat 9g,Carbohydrate 75g,Sugar 13g,Dietary Fiber 9g,Protein 24g,Cholesterol 40mg,Sodium 710mg,1 unitYellow Squash; 2 unitScallions; 1 unitLemon; 4 ounceGrape Tomatoes; 1/2 ounceBasil; 2 unitFlatbreads; 4 ounceFresh Mozzarella; 2 ounceMixed Greens; 1 ouncePepitas; 1 teaspoonChili Flakes; 2 teaspoonHoney; 2 teaspoonOlive Oil; Salt; Pepper
Yellow Squash Flatbreads,Tree Nuts; Wheat; Sesame; Milk,Calories 590kcal,Fat 31g,Saturated Fat 11g,Carbohydrate 63g,Sugar 13g,Dietary Fiber 7g,Protein 24g,Cholesterol 40mg,Sodium 630mg,1 unitYellow Squash; 2 unitScallions; 1 unitLemon; 4 ounceGrape Tomatoes; 1/2 ounceBasil; 1 ouncePine Nuts; 2 unitFlatbreads; 4 ounceFresh Mozzarella; 3 ounceMixed Greens; 1 teaspoonChili Flakes; 2 teaspoonHoney; 2 teaspoonOlive Oil; Salt; Pepper
Yellow Squash Flatbreads,Tree Nuts; Wheat; Sesame; Milk,Calories 750kcal,Fat 41g,Saturated Fat 12g,Carbohydrate 79g,Sugar 16g,Dietary Fiber 8g,Protein 26g,Cholesterol 40mg,Sodium 750mg,1 unitYellow Squash; 2 unitScallions; 1 unitLemon; 4 ounceGrape Tomatoes; 1/2 ounceBasil; 1 ouncePine Nuts; 2 unitFlatbreads; 4 ounceFresh Mozzarella; 2 ounceMixed Greens; 1 teaspoonChili Flakes; 1/2 ounceHoney; 2 teaspoonOlive Oil; Salt; Pepper
Yogurt-Marinated Chicken & Garlic Sauce,Milk; Tree Nuts; Wheat,Calories 650kcal,Fat 29g,Saturated Fat 9g,Carbohydrate 62g,Sugar 13g,Dietary Fiber 10g,Protein 38g,Cholesterol 130mg,Sodium 1080mg,1 cloveGarlic; 1 unitLemon; 2 tablespoonYogurt; 1 tablespoonTunisian Spice Blend; 10 ounceChicken Cutlets; 12 ounceCarrots; 1/2 ouncePistachios; 1/4 ounceCilantro; 1 teaspoonChili Flakes; 2 tablespoonSour Cream; 2.5 cupIsraeli Couscous; 1 unitChicken Stock Concentrate; 5 teaspoonOlive Oil; 1 tablespoonButter; Salt; Pepper
Yogurt-Marinated Chicken,Milk,Calories 590kcal,Fat 11g,Saturated Fat 2g,Carbohydrate 74g,Sugar 10g,Dietary Fiber 5g,Protein 54g,Cholesterol 110mg,Sodium 355mg,12 ounceChicken Breasts; 1 teaspoonBerbere; 1 unitYogurt; 1 unitYellow Onion; 1 unitZucchini; 2 cloveGarlic; 1/4 ounceCilantro; 3/4 cupBasmati Rice; 1 unitLemon; 1 unitChicken Stock Concentrate; 1 tablespoonOlive Oil; unitSalt; unitPepper
