Title,Allergens,Calories,Fat,Saturated Fat,Carbohydrate,Sugar,Dietary Fiber,Protein,Cholesterol,Sodium,Ingredients
Sabra Singles,Sesame,Calories 150kcal,Fat 11g,Saturated Fat1.5 g,Carbohydrate 9g,,Dietary Fiber 3g,Protein 4g,Cholesterol 9mg,Sodium 250mg,Ingredients/ serving 2 people12 ounceSabra Singles; 12 ounceSabra Singles
"Saffron-Poached Basa with Basmati Rice, Caramelized Onion, and Sweet Bell Pepper",Fish; Milk,Calories 711kcal,Fat 25g,Saturated Fat 10g,Carbohydrate 84g,Sugar 12g,Dietary Fiber 9g,Protein 38g,,Sodium 597mg,12 ounceBasa Fillets; 3/4 cupBasmati Rice; 4 ouncePeas; 1 unitGreen Bell Pepper; 1 unitYellow Onion; 2 cloveGarlic; 1/4 ounceParsley; 1 unitVeggie Stock Concentrate; 1/4 teaspoonSaffron; 2 tablespoonButter; 1 tablespoonOlive Oil
Sage-Butter Pork Chops with Roasted Broccolini and Citrusy Potato Salad,Milk,Calories 676kcal,Fat 36g,Saturated Fat 17g,Carbohydrate 48g,Sugar 6g,Dietary Fiber 10g,Protein 46g,,Sodium 194mg,12 ouncePork Chops; 6 ounceBaby Broccoli; 2 cloveGarlic; 12 ounceYukon Gold Potatoes; 1/4 ounceSage; 1 unitLemon; 1 ounceSour Cream; 2 tablespoonButter; 2 teaspoonOlive Oil; boxPepper; boxSalt
Sage-Butter Roasted Pork,Milk,Calories 527kcal,Fat 33g,,Carbohydrate 17g,,Dietary Fiber 5g,Protein 41g,,,2 unitPork Chops; 8 ounceButternut Squash; 2 cloveGarlic; 1 sprigSage; 1 bunchBaby Broccoli; 1 tablespoonHoney; 2 tablespoonButter; 1.5 tablespoonOlive Oil; unitSalt; unitPepper
Salmon En Papillote,Wheat; Fish,Calories 540kcal,Fat 25g,Saturated Fat4.5 g,Carbohydrate 44g,Sugar 7g,Dietary Fiber 8g,Protein 48g,Cholesterol 85mg,Sodium 90mg,1 unitYellow Onion; 1 unitLemon; 8 ounceAsparagus; 1/4 ounceChives; 1/4 ounceTarragon; 1/2 cupCouscous; 12 ounceSkin-on Salmon; 4 teaspoonOlive Oil; Salt; Pepper
Salmon Limone,Wheat; Fish; Milk,Calories 730kcal,Fat 46g,Saturated Fat 15g,Carbohydrate 44g,Sugar 8g,Dietary Fiber 5g,Protein 30g,Cholesterol 115mg,Sodium 310mg,2 unitScallions; 1 unitRoma Tomato; 1/2 cupIsraeli Couscous; 1 unitChicken Stock Concentrate; 10 ounceSalmon; 1 teaspoonItalian Seasoning; 1 unitZucchini; 1 unitLemon; 2 tablespoonSour Cream; 2 tablespoonButter; 5 teaspoonOlive Oil; Salt; Pepper
Salmon Limone,Wheat; Fish; Milk,Calories 730kcal,Fat 46g,Saturated Fat 15g,Carbohydrate 44g,Sugar 8g,Dietary Fiber 6g,Protein 35g,Cholesterol 115mg,Sodium 310mg,2 unitScallions; 1 unitRoma Tomato; 1/2 cupIsraeli Couscous; 1 unitChicken Stock Concentrate; 10 ounceSkin-on Salmon; 1 teaspoonItalian Seasoning; 1 unitZucchini; 1 unitLemon; 2 tablespoonSour Cream; 2 tablespoonButter; 5 teaspoonOlive Oil; Salt; Pepper
Salmon Limone,Wheat; Fish; Milk,Calories 730kcal,Fat 46g,Saturated Fat 15g,Carbohydrate 44g,Sugar 8g,Dietary Fiber 6g,Protein 30g,Cholesterol 115mg,Sodium 310mg,2 unitScallions; 1 unitRoma Tomato; 1/2 cupIsraeli Couscous; 1 unitChicken Stock Concentrate; 10 ounceSalmon; 1 teaspoonItalian Seasoning; 1 unitZucchini; 1 unitLemon; 2 tablespoonSour Cream; 2 tablespoonButter; 5 teaspoonOlive Oil; Salt; Pepper
Salsa Roja Chicken Enchiladas,Soy; Wheat; Milk,Calories 820kcal,Fat 40g,Saturated Fat 16g,Carbohydrate 78g,Sugar 12g,Dietary Fiber 5g,Protein 43g,Cholesterol 125mg,Sodium 2060mg,1 unitRoma Tomato; 1 unitRed Onion; 1 unitLime; 1 unitPoblano Pepper; 10 ounceChicken Breast Strips; 1 tablespoonSouthwest Spice Blend; 1 unitTex-Mex Paste; 6 unitFlour Tortillas; 1.5 ounceTomato Paste; 1/2 cupMexican Cheese Blend; 2 tablespoonSour Cream; Salt; Pepper; 4 teaspoonVegetable Oil
Salsa Verde Black Bean Bowl,Milk,Calories 830kcal,Fat 37g,Saturated Fat 21g,Carbohydrate 87g,Sugar 6g,Dietary Fiber 16g,Protein 27g,Cholesterol 80mg,Sodium 1780mg,Ingredients/ serving 2 people1 unitMicrowaveable Jasmine Rice13.4 ounceBlack Beans7.06 ounceGreen Salsa1 unitRoma Tomato4 ounceSour Cream4 ounceGuacamole8 ouncePepper Jack Cheese4 unitHot Sauce1 unitLime; 1 unitMicrowaveable Jasmine Rice; 13.4 ounceBlack Beans; 7.06 ounceGreen Salsa; 1 unitRoma Tomato; 4 ounceSour Cream; 4 ounceGuacamole; 8 ouncePepper Jack Cheese; 4 unitHot Sauce; 1 unitLime
Salsa Verde Chicken Enchiladas,Milk; Soy; Wheat,Calories 770kcal,Fat 36g,Saturated Fat 17g,Carbohydrate 69g,Sugar 5g,Dietary Fiber 6g,Protein 43g,Cholesterol 135mg,Sodium 2030mg,1 unitPoblano Pepper; 2 unitScallions; 1 teaspoonHot Sauce; 4 tablespoonSour Cream; 10 ounceChicken Breast Strips; 1 tablespoonSouthwest Spice Blend; 7.06 ounceGreen Salsa; 1/2 cupMexican Cheese Blend; 6 unitFlour Tortillas; 2 teaspoonVegetable Oil; Salt; Pepper
Salsa Verde Enchiladas,Soy; Wheat; Milk,Calories 800kcal,Fat 31g,Saturated Fat 14g,Carbohydrate 101g,Sugar 8g,Dietary Fiber 14g,Protein 22g,Cholesterol 40mg,Sodium 1960mg,2 unitScallions; 1 unitPoblano Pepper; 1 unitRoma Tomato; 13.4 ounceBlack Beans; 1 tablespoonSouthwest Spice Blend; 6 unitFlour Tortillas; 7.06 ounceGreen Salsa; 1/4 cupMonterey Jack Cheese; 2 tablespoonSour Cream; 1 unitChili Pepper; 1 tablespoonVegetable Oil; 1 tablespoonButter; Salt; Pepper
Salsa Verde Pork Tacos,Milk; Soy; Wheat,Calories 930kcal,Fat 55g,Saturated Fat 23g,Carbohydrate 71g,Sugar 6g,Dietary Fiber 6g,Protein 34g,Cholesterol 140mg,Sodium 1900mg,1 unitRoma Tomato; 2 unitScallions; 1 unitPoblano Pepper; 4 tablespoonSour Cream; 1 tablespoonSouthwest Spice Blend; 7.06 ounceGreen Salsa; 10 ounceGround Pork; 6 unitFlour Tortillas; 1/4 cupMonterey Jack Cheese; 1 tablespoonButter; 1 tablespoonVegetable Oil; Salt; Pepper
Salsa Verde Sole,Fish; Milk,Calories 520kcal,Fat 24g,Saturated Fat 6g,Carbohydrate 40g,Sugar 6g,Dietary Fiber 9g,Protein 38g,Cholesterol 100mg,Sodium 360mg,12 teaspoonSole; 12 ouncePotato; 1 cloveGarlic; 1 ounceGreen Olives; 1/4 ounceParsley; 1 unitLemon; 6 ounceGreen Beans; 2 tablespoonOlive Oil; 1 tablespoonButter; Salt; Pepper
San Antonio Beef Bowls,Milk,Calories 930kcal,Fat 54g,Saturated Fat 22g,Carbohydrate 76g,Sugar 9g,Dietary Fiber 5g,Protein 37g,Cholesterol 150mg,Sodium 940mg,1 unitRoma Tomato; 1 unitRed Onion; 1 unitLime; 1 unitJalapeño; 1 cloveGarlic; 1/2 cupJasmine Rice; 10 ounceGround Beef; 1 tablespoonSouthwest Spice Blend; 1.5 ounceTomato Paste; 1 unitBeef Stock Concentrate; 2 tablespoonSour Cream; 1/4 cupMonterey Jack Cheese; 1.5 ounceBlue Corn Tortilla Chips; Salt; Pepper; 1 tablespoonOlive Oil; 2 tablespoonButter
Santa Fe Pork Tacos,Eggs; Soy; Wheat; Milk,Calories 910kcal,Fat 54g,Saturated Fat 19g,Carbohydrate 72g,Sugar 10g,Dietary Fiber 3g,Protein 32g,Cholesterol 130mg,Sodium 2090mg,1 unitYellow Onion; 1/4 ounceCilantro; 1 unitLime; 10 ounceGround Pork; 1 tablespoonSouthwest Spice Blend; 4 ounceColeslaw Mix; 2 tablespoonMayonnaise; 1 unitTex-Mex Paste; 6 unitFlour Tortillas; 1/4 cupMonterey Jack Cheese; 2 tablespoonSour Cream; 1 teaspoonVegetable Oil; Salt; Pepper
Sassy Soy Chicken,Peanuts; Soy; Wheat,Calories 730kcal,Fat 37g,Saturated Fat 8g,Carbohydrate 62g,Sugar 10g,Dietary Fiber 6g,Protein 44g,Cholesterol 135mg,Sodium 990mg,12 ounceChicken Thighs; 2 unitPeanut Butter; 2 cloveGarlic; 2 unitScallions; 1 ounceSoy Sauce; 1/2 cupJasmine Rice; 8 ounceBroccoli Florets; 1 unitLime; 2 teaspoonSugar; 3 teaspoonOlive Oil; unitSalt; unitPepper
Satay Chicken Stir-Fry,Soy; Wheat; Peanuts,Calories 630kcal,Fat 27g,Saturated Fat 5g,Carbohydrate 65g,Sugar 13g,Dietary Fiber 6g,Protein 36g,Cholesterol 115mg,Sodium 570mg,1 unitLime; 2 cloveGarlic; 2 unitScallions; 8 ounceBroccoli Florets; 1/2 cupJasmine Rice; 10 ounceChicken Breast Strips; 4 teaspoonSoy Sauce; 1.15 ouncePeanut Butter; 5 teaspoonVegetable Oil; 4 teaspoonSugar; Salt; Pepper
Saucy Sesame Chicken Stir-Fry,Eggs; Soy; Wheat; Milk,Calories 820kcal,Fat 34g,Saturated Fat 8g,Carbohydrate 93g,Sugar 23g,Dietary Fiber 4g,Protein 31g,Cholesterol 120mg,Sodium 1910mg,3/4 cupJasmine Rice; 1 unitLime; 2 unitScallions; 9 ounceFully Cooked Chicken Breasts; 2 tablespoonMayonnaise; 1 teaspoonSriracha; 4 ounceShredded Carrots; 4 tablespoonSweet Soy Glaze; 1.5 ounceSesame Dressing; 1 tablespoonSesame Seeds; Salt; Pepper; 1 teaspoonVegetable Oil; 1 tablespoonButter
Saucy Steak Burrito Bowls,Milk; Soy,Calories 580kcal,Fat 25g,Saturated Fat 8g,Carbohydrate 55g,Sugar 6g,Dietary Fiber 5g,Protein 36g,Cholesterol 110mg,Sodium 1080mg,1/2 cupJasmine Rice; 1 unitRed Onion; 1 unitPoblano Pepper; 10 ounceDiced Steak; 1 unitTex-Mex Paste; 1 unitRoma Tomato; 1 unitLime; 1/4 ounceCilantro; 2 tablespoonSmoky Red Pepper Crema; 1 tablespoonVegetable Oil; 1 tablespoonButter; Salt; Pepper
Saucy Thyme Steak,Milk; Tree Nuts,Calories 670kcal,Fat 48g,Saturated Fat 11g,Carbohydrate 53g,Sugar 14g,Dietary Fiber 10g,Protein 36g,Cholesterol 110mg,Sodium 560mg,2 unitSweet Potatoes; 1/4 ounceThyme; 6 ounceGreen Beans; 10 ounceSirloin Steak; 1 unitBeef Demi-Glace; 1 ounceAlmonds; 2 tablespoonOlive Oil; 1 tablespoonButter; Salt; Pepper
Sausage and Pea Risotto,Milk,Calories 980kcal,Fat 60g,Saturated Fat 27g,Carbohydrate 80g,Sugar 9g,Dietary Fiber 8g,Protein 33g,Cholesterol 145mg,Sodium 1280mg,9 ounceItalian Pork Sausage; 1 unitShallot; 1 unitLemon; 3/4 cupArborio Rice; 1 unitChicken Stock Concentrate; 6 ouncePeas; 1/4 cupParmesan Cheese; 1 teaspoonOlive Oil; 3 tablespoonButter; Salt; Pepper
Sausage and Pepper Pomodoro Skillet,Milk,Calories 910kcal,Fat 53g,Saturated Fat 21g,Carbohydrate 65g,Sugar 14g,Dietary Fiber 6g,Protein 37g,Cholesterol 120mg,Sodium 1660mg,1 unitBell Pepper; 9 ounceItalian Pork Sausage; 1/2 cupJasmine Rice; 1 unitYellow Onion; 2 cloveGarlic; 1/2 cupItalian Cheese Blend; 1 tablespoonTuscan Heat Spice; 14 ounceDiced Tomatoes; 1/2 cupMozzarella Cheese; 2 teaspoonOlive Oil; Salt; Pepper
Sausage and Roasted Bell Pepper Pasta,Wheat; Milk,Calories 1060kcal,Fat 65g,Saturated Fat 26g,Carbohydrate 81g,Sugar 10g,Dietary Fiber 5g,Protein 36g,Cholesterol 140mg,Sodium 1130mg,1 unitBell Pepper; 1 unitChili Pepper; 9 ounceThree Little Pigs Pork Sausage; 2 cloveGarlic; 6 ounceCavatappi Pasta; 1.5 ounceTomato Paste; 2 tablespoonSour Cream; 1/4 cupParmesan Cheese; 4 teaspoonVegetable Oil; 1 teaspoonOlive Oil; 2 tablespoonButter; Salt; Pepper
Sausage and Roasted Red Pepper Pasta,Wheat; Milk,Calories 1000kcal,Fat 51g,Saturated Fat 20g,Carbohydrate 82g,Sugar 11g,Dietary Fiber 6g,Protein 36g,Cholesterol 130mg,Sodium 1100mg,2 unitBell Pepper; 1 unitChili Pepper; 18 ounceItalian Pork Sausage; 4 cloveGarlic; 12 ounceGemelli Pasta; 6 tablespoonTomato Paste; 4 tablespoonSour Cream; 1/2 cupParmesan Cheese; 6 teaspoonVegetable Oil; 2 teaspoonOlive Oil; 4 tablespoonButter; Salt; Pepper
Sausage and Spring Pea Risotto,Milk,Calories 980kcal,Fat 60g,Saturated Fat 27g,Carbohydrate 81g,Sugar 9g,Dietary Fiber 8g,Protein 33g,Cholesterol 145mg,Sodium 1280mg,9 ounceItalian Pork Sausage; 1 unitShallot; 1 unitLemon; 3/4 cupArborio Rice; 1 unitChicken Stock Concentrate; 6 ouncePeas; 1/4 cupParmesan Cheese; 1 teaspoonOlive Oil; 3 tablespoonButter; Salt; Pepper
Sausage and Tomato Risotto,Milk,Calories 920kcal,Fat 48g,Saturated Fat 22g,Carbohydrate 77g,Sugar 9g,Dietary Fiber 6g,Protein 31g,Cholesterol 135mg,Sodium 1300mg,9 ounceItalian Pork Sausage; 1/2 unitYellow Onion; 1 unitRoma Tomato; 3/4 cupArborio Rice; 1 tablespoonTuscan Heat Spice; 1 unitChicken Stock Concentrate; 1 unitZucchini; 1 unitLemon; 1/4 cupParmesan Cheese; 2 teaspoonOlive Oil; 3 tablespoonButter; 1/2 teaspoonSugar; Salt; Pepper
Sausage Pasta Dinner,Wheat; Milk,Calories 840kcal,Fat 40g,Saturated Fat 18g,Carbohydrate 84g,Sugar 8g,Dietary Fiber 7g,Protein 44g,Cholesterol 170mg,Sodium 1180mg,1 unitRed Onion; 4 ounceButton Mushrooms; 1/4 ounceTarragon; 1 unitLemon; 2 unitShallot; 3 teaspoonBalsamic Vinegar; 3 unitChicken Stock Concentrate; 3/4 cupArborio Rice; 6 ounceGemelli Pasta; 18 ounceItalian Chicken Sausage Mix; 4 tablespoonSour Cream; 3/4 cupParmesan Cheese; 1 unitZucchini; 4 teaspoonOlive Oil; 4 tablespoonButter; Salt; Pepper
Sausage Pepper Pasta for Dinner,Wheat; Milk; Soy; Eggs,Calories 820kcal,Fat 34g,Saturated Fat 15g,Carbohydrate 84g,Sugar 10g,Dietary Fiber 5g,Protein 38g,Cholesterol 175mg,Sodium 1820mg,1 unitYellow Onion; 2 unitScallions; 1 unitBell Pepper; 18 ounceItalian Chicken Sausage Mix; 6 ouncePenne Pasta; 1 tablespoonTuscan Heat Spice; 1 unitChicken Demi-Glace; 4 tablespoonSour Cream; 1/4 cupParmesan Cheese; 1/4 ounceParsley; 2 unitDemi-Baguette; 4 tablespoonMayonnaise; 4 teaspoonDijon Mustard; 2 teaspoonHot Sauce; 2 sliceGouda Cheese; 1 tablespoonOlive Oil; 1 tablespoonButter; Salt; Pepper
Sausage Pizza Dinner,Wheat; Sesame; Milk,Calories 820kcal,Fat 47g,Saturated Fat 16g,Carbohydrate 65g,Sugar 8g,Dietary Fiber 4g,Protein 36g,Cholesterol 100mg,Sodium 1690mg,2 unitZucchini; 1 unitYellow Onion; 2 unitScallions; 2 cloveGarlic; 1 tablespoonTuscan Heat Spice; 6 ounceGemelli Pasta; 18 ounceItalian Pork Sausage; 13.76 ounceCrushed Tomatoes; 1 unitChicken Stock Concentrate; 2 unitFlatbreads; 13.76 ounceMozzarella Cheese; 6 tablespoonSour Cream; 1/2 cupParmesan Cheese; 2 teaspoonVegetable Oil; 2 teaspoonOlive Oil; 2 tablespoonButter; Salt; Pepper
Sausage Pizzas for Dinner,Wheat; Sesame; Milk,Calories 900kcal,Fat 54g,Saturated Fat 20g,Carbohydrate 65g,Sugar 7g,Dietary Fiber 4g,Protein 36g,Cholesterol 125mg,Sodium 1640mg,2 unitFlatbreads; 1 unitRed Onion; 2 cloveBell Pepper; 1 unitYellow Squash; 2 cloveGarlic; 1 tablespoonTuscan Heat Spice; 6 ounceGemelli Pasta; 18 ounceItalian Pork Sausage; 13.76 ounceCrushed Tomatoes; 4 ounceMozzarella Cheese; 1 unitChicken Stock Concentrate; 1/4 cupParmesan Cheese; 4 teaspoonVegetable Oil; 1 teaspoonOlive Oil; 1 tablespoonButter; Salt; Pepper
Sautéed Shrimp,Milk; Shellfish,Calories 458kcal,Fat 19g,Saturated Fat 7g,Carbohydrate 44g,Sugar 5g,Dietary Fiber 6g,Protein 33g,Cholesterol 217mg,Sodium 1179mg,1/2 cupGrits; 8 ounceMilk; 4 ounceCollard Greens; 4 ounceGrape Tomatoes; 2 cloveGarlic; 1/4 ounceParsley; 10 ounceShrimp; 1 teaspoonChili Flakes; 1/2 cupCheddar Cheese; unitSalt; 1 tablespoonOlive Oil; unitPepper
Scallops Over Butternut Squash Risotto,Shellfish; Milk,Calories 750kcal,Fat 33g,Saturated Fat 16g,Carbohydrate 93g,Sugar 8g,Dietary Fiber 7g,Protein 26g,Cholesterol 90mg,Sodium 1350mg,3 unitMushroom Stock Concentrate; 2 cloveGarlic; 1 unitShallot; 3/4 cupArborio Rice; 1/4 ounceSage; 8 ounceButternut Squash; 1 unitLemon; 8 ounceScallops; 1/4 cupParmesan Cheese; 4 teaspoonVegetable Oil; 3 tablespoonButter; Salt; Pepper
Scallops Over Corn Risotto,Shellfish; Milk,Calories 690kcal,Fat 31g,Saturated Fat 14g,Carbohydrate 83g,Sugar 8g,Dietary Fiber 5g,Protein 27g,Cholesterol 80mg,Sodium 870mg,1 unitVeggie Stock Concentrate; 1 unitCorn on the Cob; 2 cloveGarlic; 1 unitShallot; 1 unitLemon; 3/4 cupArborio Rice; 4 ounceHeirloom Grape Tomatoes; 1/2 ounceThai Basil; 8 ounceScallops; 1/4 cupParmesan Cheese; 2 tablespoonChili Lime Butter; 1 tablespoonVegetable Oil; 1 teaspoonOlive Oil; 1 tablespoonButter; Salt; Pepper
Scallops over Creamy Chorizo Spaghetti,Shellfish; Wheat; Milk; Fish,Calories 980kcal,Fat 46g,Saturated Fat 17g,Carbohydrate 108g,Sugar 20g,Dietary Fiber 10g,Protein 45g,Cholesterol 120mg,Sodium 2570mg,1 unitBell Pepper; 2 unitScallions; 1 unitChili Pepper; 1 unitLemon; 8 ounceScallops; 1 teaspoonSmoked Paprika; 2 cloveGarlic; 6 ounceSpaghetti; 3 ounceDried Chorizo; 13.76 ounceColavita Crushed Tomatoes; 1 unitSeafood Stock Concentrate; 2 tablespoonCream Cheese; 1/4 cupParmesan Cheese; 1 teaspoonSugar; 2 tablespoonOlive Oil; 1 tablespoonButter; Salt; Pepper
Scallops over Truffled Mushroom Risotto,Shellfish; Milk,Calories 850kcal,Fat 46g,Saturated Fat 18g,Carbohydrate 88g,Sugar 7g,Dietary Fiber 5g,Protein 28g,Cholesterol 90mg,Sodium 1070mg,2 unitChicken Stock Concentrate; 1 cloveGarlic; 1 unitShallot; 3/4 cupArborio Rice; 8 ounceButton Mushrooms; 1 unitLemon; 1/4 ounceParsley; 8 ounceScallops; 1/4 cupParmesan Cheese; 5 teaspoonTruffle Oil; 4 teaspoonVegetable Oil; 3 tablespoonButter; Salt; Pepper
Seared Barramundi & Horseradish Sauce,Milk; Eggs; Fish,Calories 590kcal,Fat 31g,Saturated Fat 7g,Carbohydrate 51g,Sugar 14g,Dietary Fiber 10g,Protein 33g,Cholesterol 100mg,Sodium 220mg,12 ounceYukon Gold Potatoes; 1 tablespoonFry Seasoning; 1 unitApple; 1 unitLemon; 2 tablespoonSour Cream; 2 tablespoonMayonnaise; 1 teaspoonHorseradish Powder; 10 ounceAustralis Barramundi; 2 ounceMixed Greens; 4 teaspoonVegetable Oil; 1 tablespoonOlive Oil; Salt; Pepper
Seared Barramundi and Horseradish Sauce,Milk; Eggs; Fish,Calories 600kcal,Fat 31g,Saturated Fat 8g,Carbohydrate 50g,Sugar 14g,Dietary Fiber 10g,Protein 35g,Cholesterol 85mg,Sodium 300mg,12 ounceYukon Gold Potatoes; 1 tablespoonFry Seasoning; 1 unitApple; 1 unitLemon; 2 tablespoonSour Cream; 2 tablespoonMayonnaise; 1 teaspoonHorseradish Powder; 10 ounceBarramundi; 2 ounceMixed Greens; 4 teaspoonVegetable Oil; 1 teaspoonOlive Oil; Salt; Pepper
Seared Chicken & Artichoke Pilaf,,Calories 762kcal,Fat 23g,,Carbohydrate 94g,,Dietary Fiber 4g,Protein 50g,,,2 unitChicken Breasts; 3/4 cupBasmati Rice; 4 ouncePeas; 1 jarArtichoke Hearts; 2 unitVeggie Stock Concentrate; 1 unitYellow Onion; 2 cloveGarlic; 1 bunchParsley; 1.5 tablespoonOlive Oil; unitSalt; unitPepper
Seared Pork Chops,,Calories 598kcal,Fat 23g,Saturated Fat 4g,Carbohydrate 56g,Sugar 9g,Dietary Fiber 11g,Protein 49g,,Sodium 278mg,12 ounceBoneless Pork Chops; 1 unitZucchini; 1 unitLemon; 4 unitWooden Skewers; 1 unitRed Onion; 2 cloveGarlic; 1/2 cupQuinoa; 1 unitVeggie Stock Concentrate; 1 unitRed Bell Pepper; 1/4 ounceMint; 1/4 ounceOregano; 2 tablespoonOlive Oil; unitSalt; unitPepper
Seared Pork Tenderloin,Milk,Calories 523kcal,Fat 13g,Saturated Fat 5g,Carbohydrate 60g,Sugar 22g,Dietary Fiber 12g,Protein 43g,Cholesterol 121mg,Sodium 121mg,24 ouncePork Tenderloin; 3 unitApple; 12 ounceGreen Beans; 2 unitLemon; 1/2 ounceParsley; 2 teaspoonApplesauce Spice Blend; 24 ounceBaby Potatoes; unitSalt; unitPepper; 1 tablespoonOlive Oil; 2 tablespoonButter; 1 tablespoonSugar
Seared Provençal Steak,,Calories 599kcal,Fat 25g,,Carbohydrate 39g,,Dietary Fiber 13g,Protein 52g,,,12 ounceSirloin Steak; 1 teaspoonHerbes de Provence; 1 unitTomato; 1 unitShallot; 1 bunchParsley; 4 ounceGreen Beans; 2 ounceWax Beans; 1 canCannellini Beans; 2 tablespoonWhite Wine Vinegar; 2.5 tablespoonOlive Oil; unitSalt; unitPepper
Seared Serrano Steak,,Calories 497kcal,Fat 23g,,Carbohydrate 87g,,Dietary Fiber 5g,Protein 44g,,,Ingredientsserving amount2412 ounceFlank Steak1 unitMango1 unitRed Onion1 unitLime2 cloveGarlic3/4 cupBasmati Rice1 bunchCilantro1 unitSerrano Pepper2 tablespoonBalsamic Vinegar; 12 ounceFlank Steak; 1 unitMango; 1 unitRed Onion; 1 unitLime; 2 cloveGarlic; 3/4 cupBasmati Rice; 1 bunchCilantro; 1 unitSerrano Pepper; 2 tablespoonBalsamic Vinegar
Seared Sesame Tuna over Rice,Eggs; Fish,Calories 587kcal,Fat 24g,Saturated Fat 3g,Carbohydrate 45g,Sugar 1g,Dietary Fiber 3g,Protein 50g,Cholesterol 88mg,Sodium 182mg,1/2 cupBasmati Rice; 1 thumbGinger; 2 cloveGarlic; 3 unitRadishes; 2 unitScallions; 1 jarMayonnaise; 2 tablespoonWhite Wine Vinegar; 12 ounceTuna; 3 tablespoonSesame Seeds; 2 ounceArugula; unitSalt; unitPepper; 2 teaspoonOlive Oil
Seared Sirloin and Creamy Shallot Sauce,Milk,Calories 800kcal,Fat 53g,Saturated Fat 16g,Carbohydrate 76g,Sugar 26g,Dietary Fiber 13g,Protein 47g,Cholesterol 175mg,Sodium 720mg,4 unitCarrots; 12 ounceYukon Gold Potatoes; 1 unitShallot; 1 unitLemon; 1/4 ounceThyme; 2 cloveGarlic; 6 tablespoonSour Cream; 14 ounceSirloin Steak; 1 unitBeef Demi-Glace; 1 tablespoonHoney; 1 teaspoonChili Flakes; 4 teaspoonVegetable Oil; 1 tablespoonButter; Salt; Pepper
Seared Sirloin Steak and Shallot Demi-Glace,Milk,Calories 800kcal,Fat 59g,Saturated Fat 20g,Carbohydrate 65g,Sugar 22g,Dietary Fiber 10g,Protein 45g,Cholesterol 185mg,Sodium 560mg,1 unitYellow Onion; 1 unitShallot; 12 ounceYukon Gold Potatoes; 1 unitLemon; 1 ounceDried Cranberries; 2 tablespoonSour Cream; 14 ounceSirloin Steak; 1 unitBeef Demi-Glace; 2 ounceMixed Greens; 2 teaspoonOlive Oil; 1 teaspoonVegetable Oil; 3 tablespoonButter; Salt; Pepper
Seared Sirloin Steak,Milk,Calories 880kcal,Fat 67g,Saturated Fat 25g,Carbohydrate 63g,Sugar 22g,Dietary Fiber 9g,Protein 45g,Cholesterol 210mg,Sodium 780mg,12 ounceYukon Gold Potatoes; 4 unitCarrots; 1/4 ounceChives; 1 tablespoonHoney; 14 ounceSirloin Steak; 1 unitBeef Demi-Glace; 2 tablespoonGarlic Herb Butter; 4 tablespoonSour Cream; 1 teaspoonChili Flakes; 4 teaspoonVegetable Oil; 2 tablespoonButter; Salt; Pepper
Seared Sirloin Steak,Milk,Calories 990kcal,Fat 65g,Saturated Fat 31g,Carbohydrate 63g,Sugar 22g,Dietary Fiber 9g,Protein 42g,Cholesterol 225mg,Sodium 750mg,24 ounceYukon Gold Potatoes; 8 unitCarrots; 1/2 ounceChives; 2 tablespoonHoney; 28 ounceSirloin Steak; 2 unitBeef Demi-Glace; 4 tablespoonGarlic Herb Butter; 8 tablespoonSour Cream; 1 teaspoonChili Flakes; 4 teaspoonVegetable Oil; 2 tablespoonButter; Salt; Pepper
Seared Steak and Creamy Chipotle Pan Sauce,Soy; Milk,Calories 564kcal,Fat 22g,Saturated Fat 8g,Carbohydrate 51g,Sugar 8g,Dietary Fiber 7g,Protein 44g,Cholesterol 348mg,Sodium 524mg,1 unitCorn on the Cob; 1 unitPoblano Pepper; 12 ounceRusset Potato; 1 unitYellow Onion; 12 ounceSirloin Steak; 3.5 ounceChipotles in Adobo; 1 unitBeef Stock Concentrate; 2 tablespoonSour Cream; 4 teaspoonOlive Oil; unitSalt; unitPepper
Seared Steak with Demi Reduction,Milk,Calories 750kcal,Fat 38g,Saturated Fat 18g,Carbohydrate 65g,Sugar 23g,Dietary Fiber 9g,Protein 36g,Cholesterol 155mg,Sodium 700mg,10 ounceRanch Steak; 12 ounceYukon Gold Potatoes; 6 tablespoonSour Cream; 12 ounceCarrots; 1 cloveGarlic; 1 unitBeef Demi-Glace; 2 unitScallions; 2 teaspoonHoney; 1 tablespoonOlive Oil; 2 tablespoonButter; Salt; Pepper
Seitan and Black Bean Chili,Soy; Wheat; Milk,Calories 730kcal,Fat 14g,Saturated Fat 3g,Carbohydrate 91g,Sugar 7g,Dietary Fiber 22g,Protein 54g,Cholesterol 15mg,Sodium 940mg,1/2 cupJasmine Rice; 2 cloveGarlic; 1 unitRed Bell Pepper; 1 unitRed Onion; 2 unitScallions; 1 unitRoma Tomato; 1 boxBlack Beans; 8 ounceVeggie Chorizo Crumbles; 1 unitVeggie Stock Concentrate; 1/4 cupCheddar Cheese; 2 teaspoonOlive Oil; Salt; Pepper
Seitan Sloppy Joes,Soy; Wheat; Eggs; Milk,Calories 642kcal,Fat 16g,Saturated Fat 1g,Carbohydrate 87g,Sugar 34g,Dietary Fiber 9g,Protein 45g,,Sodium 694mg,8 ounceSeitan Crumbles; 1 unitYellow Onion; 2 cloveGarlic; 1 tablespoonSouthwest Spice Blend; 6 ounceTomato Paste; 2 tablespoonRed Wine Vinegar; 1 jarHoney; 1 unitZucchini; 4 ounceButton Mushrooms; 2 unitPotato Buns; 2 ounceArugula; 4 teaspoonOlive Oil; unitSalt; unitPepper
Seitan Tacos Al Pastor,Soy; Wheat; Milk,Calories 630kcal,Fat 20g,Saturated Fat 7g,Carbohydrate 69g,Sugar 15g,Dietary Fiber 6g,Protein 37g,Cholesterol 20mg,Sodium 990mg,8Chipotle Seitan Crumbles; 1Poblano Pepper; 1Yellow Onion; 1Pineapple; 1Southwest Spice Blend; 1Chipotle Powder; 1Lime; 4Sour Cream; 6Flour Tortilla; 1/4Cilantro; 2Vegetable Oil; Salt; Pepper
Seitan Tacos al Pastor,Soy; Wheat; Milk,Calories 610kcal,Fat 18g,Saturated Fat 7g,Carbohydrate 71g,Sugar 11g,Dietary Fiber 5g,Protein 36g,Cholesterol 20mg,Sodium 1050mg,1 unitPoblano Pepper; 1 unitYellow Onion; 4 ouncePineapple; 1 unitLime; 1/4 ounceCilantro; 8 ounceChipotle Seitan Crumbles; 1 teaspoonSouthwest Spice Blend; 1 teaspoonChipotle Powder; 6 unitFlour Tortillas; 4 tablespoonSour Cream; 2 teaspoonVegetable Oil; Salt; Pepper
Seitan Tacos El Diablo,Soy; Wheat; Milk,Calories 650kcal,Fat 20g,Saturated Fat 7g,Carbohydrate 76g,Sugar 15g,Dietary Fiber 6g,Protein 37g,Cholesterol 20mg,Sodium 1040mg,1 unitRed Onion; 1 unitPoblano Pepper; 1 unitRoma Tomato; 2 unitKiwi; 1/4 ounceCilantro; 1 unitLime; 8 ounceVeggie Chorizo Crumbles; 4 tablespoonSour Cream; 6 unitFlour Tortillas; 1 tablespoonVegetable Oil; Salt; Pepper
Serrano Steak,,Calories 524kcal,Fat 14g,Saturated Fat 5g,Carbohydrate 62g,Sugar 19g,Dietary Fiber 5g,Protein 42g,,Sodium 89mg,12 ounceSirloin Steak; 1 unitMango; 1 unitLime; 1/2 cupBasmati Rice; 1 unitRed Onion; 1 unitSerrano Pepper; 2 tablespoonBalsamic Vinegar; 1/4 ounceCilantro; 1 tablespoonOlive Oil; unitSalt; unitPepper
Sesame Beef Stir Fry,Soy; Wheat,Calories 675kcal,Fat 20g,Saturated Fat 6g,Carbohydrate 76g,Sugar 11g,Dietary Fiber 4g,Protein 48g,Cholesterol 113mg,Sodium 650mg,12 ounceBeef Sirloin Tips; 6 ounceSugar Snap Peas; 3/4 cupBasmati Rice; 1 jarHoisin Sauce Jar; 2 unitScallions; 1 jarSoy Sauce Jar; 2 cloveGarlic; 1 tablespoonSesame Seeds; 1 thumbGinger; 2 teaspoonOlive Oil; unitSalt; unitPepper
Sesame Beef Tacos,Milk; Soy; Wheat,Calories 820kcal,Fat 45g,Saturated Fat 18g,Carbohydrate 69g,Sugar 13g,Dietary Fiber 2g,Protein 35g,Cholesterol 120mg,Sodium 1890mg,3 unitRadishes; 1 unitPersian Cucumber; 2 unitScallions; 1/4 ounceCilantro; 5 teaspoonWhite Wine Vinegar; 4 tablespoonSour Cream; 1 teaspoonKorean Chili Flakes; 4 ounceShredded Red Cabbage; 10 ounceGround Beef; 1 teaspoonGarlic Powder; 1 tablespoonSesame Oil; 2 teaspoonSriracha; 2 tablespoonSoy Sauce; 6 unitFlour Tortillas; 1 teaspoonVegetable Oil; 2.5 teaspoonSugar; Salt; Pepper
Sesame Beef Tacos,Milk; Soy; Wheat,Calories 810kcal,Fat 45g,Saturated Fat 18g,Carbohydrate 50g,Sugar 14g,Dietary Fiber 2g,Protein 35g,Cholesterol 115mg,Sodium 1320mg,3 unitRadishes; 1 unitPersian Cucumber; 2 unitScallions; 1/4 ounceCilantro; 5 teaspoonWhite Wine Vinegar; 4 tablespoonSour Cream; 1 teaspoonKorean Chili Flakes; 4 ounceShredded Red Cabbage; 10 ounceGround Beef; 1 teaspoonGarlic Powder; 1 tablespoonSesame Oil; 2 teaspoonSriracha; 2 tablespoonSoy Sauce; 6 unitFlour Tortillas; 1 teaspoonVegetable Oil; 2.5 teaspoonSugar; Salt; Pepper
Sesame Beef Tacos,Milk; Soy; Wheat,Calories 810kcal,Fat 45g,Saturated Fat 18g,Carbohydrate 50g,Sugar 14g,Dietary Fiber 2g,Protein 35g,Cholesterol 120mg,Sodium 1480mg,3 unitRadishes; 1 unitPersian Cucumber; 2 unitScallions; 1/4 ounceCilantro; 5 teaspoonWhite Wine Vinegar; 4 tablespoonSour Cream; 1 teaspoonKorean Chili Flakes; 4 ounceShredded Red Cabbage; 10 ounceGround Beef; 1 teaspoonGarlic Powder; 1 tablespoonSesame Oil; 2 teaspoonSriracha; 2 tablespoonSoy Sauce; 6 unitFlour Tortillas; 1 teaspoonVegetable Oil; 2.5 teaspoonSugar; Salt; Pepper
Sesame Glazed Sweet Potato Tacos,Eggs; Milk; Soy; Wheat,Calories 800kcal,Fat 36g,Saturated Fat 11g,Carbohydrate 110g,Sugar 25g,Dietary Fiber 7g,Protein 11g,Cholesterol 30mg,Sodium 1940mg,2 unitSweet Potatoes; 3 unitRadishes; 1 unitPersian Cucumber; 1 thumbGinger; 5 teaspoonWhite Wine Vinegar; 2 tablespoonMayonnaise; 1 tablespoonSesame Oil; 4 ounceShredded Red Cabbage; 4 tablespoonSour Cream; 1 teaspoonSriracha; 2 tablespoonSoy Sauce; 2 teaspoonHoney; 1 tablespoonSesame Seeds; 6 unitFlour Tortillas; 1 teaspoonVegetable Oil; 1 teaspoonSugar; Salt; Pepper
Sesame Hoisin Chicken Legs,Soy; Wheat; Milk,Calories 780kcal,Fat 34g,Saturated Fat 11g,Carbohydrate 70g,Sugar 20g,Dietary Fiber 5g,Protein 50g,Cholesterol 230mg,Sodium 840mg,16 ounceChicken Legs; 2 cloveGarlic; 8 ounceBroccoli Florets; 2 unitScallions; 1 thumbGinger; 1 unitLime; 1/2 cupJasmine Rice; 1 tablespoonSesame Oil; 4 tablespoonHoisin Sauce; 1 tablespoonSesame Seeds; 1 teaspoonVegetable Oil; 2 tablespoonButter; Salt; Pepper
Sesame Honey Beef Stir-Fry,Soy; Wheat,Calories 690kcal,Fat 32g,Saturated Fat 10g,Carbohydrate 68g,Sugar 19g,Dietary Fiber 3g,Protein 29g,Cholesterol 95mg,Sodium 1000mg,4 unitCarrots; 4 unitScallions; 4 cloveGarlic; 1 unitLime; 1 cupJasmine Rice; 2 tablespoonSesame Oil; 6 tablespoonSoy Sauce; 2 ounceHoney; 4 teaspoonSriracha; 20 ounceGround Beef; 1 tablespoonSesame Seeds; 2 teaspoonVegetable Oil; Salt; Pepper
Sesame Lime Chicken,Peanuts; Soy; Wheat; Fish; Milk,Calories 650kcal,Fat 26g,Saturated Fat 8g,Carbohydrate 57g,Sugar 7g,Dietary Fiber 5g,Protein 44g,Cholesterol 135mg,Sodium 680mg,2 unitLime; 4 cloveGarlic; 12 ounceGreen Beans; 2 ouncePeanuts; 1 cupJasmine Rice; 4 tablespoonSoy Sauce; 2 teaspoonCornstarch; 1 tablespoonSesame Oil; 24 ounceChicken Breasts; 2 teaspoonSriracha; 4 teaspoonVegetable Oil; 1 tablespoonSugar; 2 tablespoonButter; Salt; Pepper
Sesame Peanut Noodles,Wheat; Peanuts; Soy,Calories 900kcal,Fat 45g,Saturated Fat 7g,Carbohydrate 104g,Sugar 19g,Dietary Fiber 11g,Protein 26g,Cholesterol 700mg,Sodium 104mg,6 ounceSpaghetti; 1 unitBell Pepper; 2 unitScallions; 1 unitCarrots; 1 unitLime; 1 thumbGinger; 2 cloveGarlic; 1 tablespoonSesame Seeds; 2.3 ouncePeanut Butter; 2 tablespoonSesame Oil; 2 tablespoonSoy Sauce; 5 teaspoonWhite Wine Vinegar; 1 ouncePeanuts; 1 unitChili Pepper; 1 tablespoonSugar; 2 teaspoonVegetable Oil; Salt; Pepper
Sesame Salad & Fully Cooked Chicken,Soy; Tree Nuts; Wheat,Calories 460kcal,Fat 24g,Saturated Fat 4g,Carbohydrate 27g,Sugar 14g,Dietary Fiber 5g,Protein 35g,Cholesterol 90mg,Sodium 1090mg,Ingredients/ serving 2 people12 ounceCrunchy Sesame Salad Kit9 ouncePre-Cooked Chicken; 12 ounceCrunchy Sesame Salad Kit; 9 ouncePre-Cooked Chicken
Sesame Shrimp,Shellfish; Soy; Wheat,Calories 550kcal,Fat 12g,Saturated Fat1.5 g,Carbohydrate 75g,Sugar 7g,Dietary Fiber 5g,Protein 32g,Cholesterol 215mg,Sodium 640mg,10Shrimp; 2Scallions; 2Garlic; 1Ginger; 3/4Jasmine Rice; 1Hoisin Sauce; 1Lime; 1Sesame Seeds; 6Green Beans; 1Vegetable Oil; Salt; Pepper
Sesame Shrimp,Shellfish; Soy,Calories 433kcal,Fat 7g,Saturated Fat 1g,Carbohydrate 69g,Sugar 7g,Dietary Fiber 3g,Protein 23g,Cholesterol 141mg,Sodium 455mg,16 ounceShrimp; 1.5 cupJasmine Rice; 1 thumbGinger; 4 unitScallions; 2 cloveGarlic; 1 jarHoisin Sauce Jar; 2 tablespoonSesame Seeds; 1 unitLime; 2 unitZucchini; 2 tablespoonOlive Oil; unitSalt; unitPepper
Sesame Soy Beef Bowls,Eggs; Soy; Wheat; Milk,Calories 900kcal,Fat 48g,Saturated Fat 16g,Carbohydrate 85g,Sugar 19g,Dietary Fiber 2g,Protein 32g,Cholesterol 125mg,Sodium 1200mg,4 unitScallions; 4 tablespoonMayonnaise; 2 teaspoonSriracha; 2 tablespoonSesame Oil; 8 ounceShredded Carrots; 20 ounceGround Beef; 8 tablespoonSweet Soy Glaze; 5 teaspoonWhite Wine Vinegar; 1.5 cupJasmine Rice; Salt; teaspoonSugar; 1 teaspoonVegetable Oil; 2 tablespoonButter; Pepper
Sesame Sriracha Beef Stir-Fry,Soy; Wheat,Calories 670kcal,Fat 33g,Saturated Fat 9g,Carbohydrate 65g,Sugar 16g,Dietary Fiber 6g,Protein 31g,Cholesterol 90mg,Sodium 1000mg,1 unitCarrots; 2 cloveGarlic; 2 unitScallions; 1 unitLime; 1/2 cupJasmine Rice; 1 tablespoonSesame Oil; 3 tablespoonSoy Sauce; 1 ounceHoney; 2 teaspoonSriracha; 10 ounceGround Beef; 1 tablespoonSesame Seeds; 2 teaspoonVegetable Oil; Salt; Pepper
Sesame Szechuan Pork Noodles,Peanuts; Soy; Wheat; Sesame,Calories 830kcal,Fat 34g,Saturated Fat 10g,Carbohydrate 90g,Sugar 15g,Dietary Fiber 7g,Protein 36g,Cholesterol 95mg,Sodium 2420mg,2 unitScallions; 1 cloveGarlic; 1 thumbGinger; 1/2 ouncePeanuts; 2 tablespoonSzechuan Paste; 1 tablespoonSesame Oil; 5 teaspoonRice Wine Vinegar; 1 tablespoonCornstarch; 6 ounceRamen Noodles; 10 ounceGround Pork; 4 ounceColeslaw Mix; Salt; Pepper; 1 tablespoonSugar
Sesame Teriyaki Beef,Soy; Wheat,Calories 500kcal,Fat 12g,Saturated Fat3.5 g,Carbohydrate 61g,Sugar 16g,Dietary Fiber 3g,Protein 31g,Cholesterol 55mg,Sodium 770mg,1 cupJasmine Rice; 4 cloveGarlic; 2 thumbGinger; 4 unitScallions; 2 tablespoonHoisin Sauce Jar; 4 tablespoonSoy Sauce; 8 teaspoonHoney; 2 tablespoonSesame Seeds; 16 ounceSirloin Tips; 4 unitBaby Bok Choy; 2 teaspoonVegetable Oil; unitSalt; unitPepper
Sesame-Crusted Tofu,Soy; Peanuts; Tree Nuts; Wheat,Calories 785kcal,Fat 37g,,Carbohydrate 82g,,Dietary Fiber 7g,Protein 35g,,,1 blockTofu; 2 unitBaby Bok Choy; 1 tablespoonSesame Seeds; 2 tablespoonPeanut Butter; 1 canCoconut Milk; 1 cupBasmati Rice; 2 cloveGarlic; 1 unitLime; 1 cupPanko Breadcrumbs; 1 teaspoonHot Sauce; 2 tablespoonSoy Sauce; unitSalt; unitPepper; unitVegetable Oil; unitSugar
Sesame-Soy Pork Bowls,Eggs; Soy; Wheat; Milk,Calories 1070kcal,Fat 58g,Saturated Fat 18g,Carbohydrate 104g,Sugar 30g,Dietary Fiber 3g,Protein 26g,Cholesterol 120mg,Sodium 1780mg,3/4 ounceJasmine Rice; 2 tablespoonMayonnaise; 4 ounceShredded Carrots; 1.5 ounceSesame Dressing; 1/4 ounceCilantro; 10 ounceGround Pork; 1 ounceSweet Thai Chili Sauce; 4 tablespoonSweet Soy Glaze; 1 unitCrispy Fried Onions; 1 unitLime; Salt; 1 teaspoonVegetable Oil; Pepper; 1 tablespoonButter
Seth’s Asian Pork Dumplings with Quick-Pickled Veggie Salad and Soy Dipping Sauce,Soy; Wheat,Calories 705kcal,Fat 38g,Saturated Fat 11g,Carbohydrate 63g,Sugar 20g,Dietary Fiber 5g,Protein 27g,,Sodium 1232mg,8 ounceGround Pork; 1 thumbGinger; 2 unitGarlic; 1 unitCucumber; 2 unitScallions; 4 ounceGreen Cabbage; 6 ounceCarrots; 7.5 teaspoonSoy Sauce; 2 tablespoonWhite Wine Vinegar; 1 unitWonton Wrappers; 2 tablespoonOlive Oil; 4 teaspoonSugar
Seven Grain Chiles Rellenos,Milk; Soy; Wheat,Calories 670kcal,Fat 39g,Saturated Fat 13g,Carbohydrate 72g,Sugar 9g,Dietary Fiber 15g,Protein 17g,Cholesterol 60mg,Sodium 560mg,2 unitPoblano Pepper; 1 unitYellow Onion; 1 unitRoma Tomato; 1 unitLime; 1 unitChili Pepper; 2 tablespoonSour Cream; 1 tablespoonSouthwest Spice Blend; 8.5 ouncePrecooked Seven Whole Grains Rice; 1/2 cupMonterey Jack Cheese; 1 unitAvocado; 2 teaspoonVegetable Oil; 2 teaspoonOlive Oil; 1 tablespoonButter; Salt; Pepper
Shake It Up! Pork Cutlets,Wheat; Milk; Soy,Calories 990kcal,Fat 64g,Saturated Fat 22g,Carbohydrate 53g,Sugar 15g,Dietary Fiber 8g,Protein 42g,Cholesterol 155mg,Sodium 1160mg,1/2 cupPanko Breadcrumbs; 1 tablespoonFry Seasoning; 2 tablespoonSour Cream; 12 ouncePork Cutlets; 2 cloveGarlic; 1 unitFirstFruits Opal Apple; 2.5 ounceCelery; 1 unitLemon; 1 unitCiabatta Bread; 2 ounceArugula; 1 ounceSunflower Seeds; Vegetable Oil; 3 tablespoonButter; 1 tablespoonOlive Oil; Salt; Pepper
Shaved Vegetable Salad over Red Quinoa,Tree Nuts; Milk,Calories 609kcal,Fat 23g,,Carbohydrate 90g,,Dietary Fiber 13g,Protein 19g,,,Ingredientsserving amount241 bunchRainbow carrots1 ouncePistachios1 sprigTarragon1 tablespoonRed Wine Vinegar4 tablespoonSour Cream1 unitLemon3/4 cupRed Quinoa1 unitFennel; 1 bunchRainbow carrots; 1 ouncePistachios; 1 sprigTarragon; 1 tablespoonRed Wine Vinegar; 4 tablespoonSour Cream; 1 unitLemon; 3/4 cupRed Quinoa; 1 unitFennel
Shawarma Chickpea Couscous Bowls,Wheat; Milk,Calories 770kcal,Fat 27g,Saturated Fat 7g,Carbohydrate 107g,Sugar 27g,Dietary Fiber 17g,Protein 20g,Cholesterol 25mg,Sodium 610mg,9 ounceCarrots; 13.4 ounceChickpeas; 1 unitBell Pepper; 1 tablespoonShawarma Spice Blend; 2.5 cupIsraeli Couscous; 1 unitVeggie Stock Concentrate; 1 teaspoonGarlic Powder; 1 unitShallot; 1 unitLemon; 1/4 ounceCilantro; 2 tablespoonYogurt; 2 tablespoonSour Cream; 1 tablespoonHarissa Powder; 1 ounceDried Apricots; 1 tablespoonButter; 5 teaspoonOlive Oil; Salt; Pepper; Sugar
Shawarma Meatballs,Wheat; Milk; Peanuts; Soy,Calories 569kcal,Fat 30g,Saturated Fat 9g,Carbohydrate 46g,Sugar 8g,Dietary Fiber 9g,Protein 30g,Cholesterol 90mg,Sodium 348mg,16 ounceGround Beef; 2 unitRoma Tomato; 2 unitRed Onion; 2 unitZucchini; 1/2 ounceParsley; 1 cupBulgur Wheat; 2 teaspoonSumac; 2 tablespoonMiddle Eastern Spice Blend; 1 unitChicken Stock Concentrate; 4 tablespoonSour Cream; 1/2 cupPanko Breadcrumbs; 8 teaspoonOlive Oil; unitSalt; unitPepper; unitJustin's Peanut Butter Cups*
Shawarma Spiced Pork,Wheat; Milk,Calories 530kcal,Fat 12g,Saturated Fat3.5 g,Carbohydrate 55g,Sugar 12g,Dietary Fiber 10g,Protein 52g,Cholesterol 115mg,Sodium 380mg,1Yellow Onion; 12Pork Tenderloin; 1Shawarma Spice Blend; 1Chicken Stock Concentrate; 1/2Couscous; 1Garlic; 1Lemon; 1Yogurt; 4Peas; 1/4Cilantro; Olive Oil; Salt; Pepper
Shawarma-Spiced Chickpea Fritters,Milk; Eggs; Wheat; Tree Nuts,Calories 740kcal,Fat 31g,Saturated Fat4.5 g,Carbohydrate 89g,Sugar 22g,Dietary Fiber 14g,Protein 21g,Cholesterol 10mg,Sodium 1420mg,1 unitShallot; 1 unitLemon; 2 cloveGarlic; 1 ounceDried Apricots; 1/4 ounceDill; 13.4 ounceChickpeas; 2 tablespoonSour Cream; 4 tablespoonYogurt; 82 gTempura Mix; 1 tablespoonShawarma Spice Blend; 2 ounceArugula; 1/2 ounceSliced Almonds; Salt; Pepper; Sugar; 2 teaspoonOlive Oil; Vegetable Oil
Shawarma-Spiced Meatball Pitas,Wheat; Milk,Calories 630kcal,Fat 28g,Saturated Fat 11g,Carbohydrate 62g,Sugar 11g,Dietary Fiber 9g,Protein 37g,Cholesterol 110mg,Sodium 990mg,1 unitRed Onion; 1 cloveGarlic; 10 ounceGround Beef; 1/4 cupPanko Breadcrumbs; 1 tablespoonShawarma Spice Blend; 1 teaspoonPaprika; 1 unitCucumber; 1 unitRoma Tomato; 1 unitLemon; 2 tablespoonYogurt; 2 tablespoonSour Cream; 2 unitWhole Wheat Pitas; 1 teaspoonHot Sauce; 1 teaspoonOlive Oil; Salt; Pepper
Sheet Pan Cheesy Italian Chicken,Milk; Soy; Wheat,Calories 630kcal,Fat 32g,Saturated Fat 15g,Carbohydrate 45g,Sugar 5g,Dietary Fiber 6g,Protein 43g,Cholesterol 160mg,Sodium 660mg,1 unitLemon; 1 tablespoonItalian Seasoning; 1/2 cupItalian Cheese Blend; 1 unitDemi-Baguette; 10 ounceChicken Cutlets; 1 teaspoonGarlic Powder; 8 ounceBroccoli Florets; 1 tablespoonOlive Oil; 2 tablespoonButter; Salt; Pepper
Sheet Pan Cherry-Glazed Chicken Legs,Eggs; Milk,Calories 850kcal,Fat 49g,Saturated Fat 13g,Carbohydrate 59g,Sugar 21g,Dietary Fiber 10g,Protein 48g,Cholesterol 250mg,Sodium 470mg,12 ounceYukon Gold Potatoes; 16 ounceChicken Legs; 2 cloveGarlic; 1 unitLemon; 4 tablespoonMayonnaise; 1/4 ounceThyme; 1 tablespoonSmoky Cinnamon Paprika Spice; 2 tablespoonCherry Jam; 6 ounceGreen Beans; 2 tablespoonSour Cream; 4 teaspoonOlive Oil; 1 tablespoonButter; Salt; Pepper
Sheet Pan Chicken & Poblano Fajitas,Milk; Soy; Wheat,Calories 670kcal,Fat 26g,Saturated Fat 11g,Carbohydrate 70g,Sugar 8g,Dietary Fiber 6g,Protein 40g,Cholesterol 120mg,Sodium 1040mg,1 unitYellow Onion; 10 ounceChicken Cutlets; 1 unitRoma Tomato; 1/4 ounceCilantro; 2 tablespoonSmoky Red Pepper Crema; 1 unitPoblano Pepper; 1 unitFajita Spice Blend; 1 unitLime; 6 unitFlour Tortillas; 1/4 cupMonterey Jack Cheese; Salt; Pepper; 2 teaspoonOlive Oil
"Shepherd's Pie, Veggie Style",Milk; Wheat,Calories 496kcal,Fat 19g,Saturated Fat 8g,Carbohydrate 68g,Sugar 16g,Dietary Fiber 13g,Protein 20g,Cholesterol 33mg,Sodium 474mg,8 ounceButton Mushrooms; 16 ounceYukon Gold Potatoes; 1/4 cupParmesan Cheese; 1 unitYellow Onion; 2 cloveGarlic; 1 tablespoonFlour; 1 unitVeggie Stock Concentrate; 1 unitCarrots; 4 ouncePeas; 1/4 ounceThyme; 1 boxMilk; unitSalt; unitPepper; 1 tablespoonOlive Oil; 1 tablespoonButter
"Shepherd's Pie, Veggie Style",Wheat; Milk,Calories 500kcal,Fat 19g,Saturated Fat 8g,Carbohydrate 68g,Sugar 17g,Dietary Fiber 14g,Protein 19g,Cholesterol 30mg,Sodium 500mg,8 ounceCarrot; 16 ounceYukon Gold Potatoes; 1 unitYellow Onion; 8 ounceButton Mushrooms; 1/4 ounceThyme; 2 cloveGarlic; 4 ouncePeas; 1/2 tablespoonFlour; 1 unitVeggie Stock Concentrate; 1/4 cupMilk; 1/4 cupParmesan Cheese; 1 tablespoonOlive Oil; 1 tablespoonButter; Salt; Pepper
Shiitake Mushroom Ramen,Wheat; Soy,Calories 409kcal,Fat 11g,,Carbohydrate 80g,,Dietary Fiber 6g,Protein 10g,,,2 bunchUdon Noodles; 1 thumbGinger; 4 ounceShiitake Mushrooms; 1 unitLeek; 1 unitSeaweed; 2 unitScallions; 4 unitVeggie Stock Concentrate; 2 cloveGarlic; 1 teaspoonPorcini Mushroom Powder; 3 tablespoonSoy Sauce; unitSalt; 1.5 tablespoonOlive Oil; unitBlack Pepper
Shrimp & Lemon Risotto with Roasted Zucchini and Parmesan,Shellfish; Milk,Calories 569kcal,Fat 15g,Saturated Fat 7g,Carbohydrate 65g,Sugar 4g,Dietary Fiber 3g,Protein 43g,,Sodium 859mg,20 ounceShrimp; 1.5 cupArborio Rice; 2 ounceParmesan Cheese; 4 unitChicken Stock Concentrate; 1 unitYellow Onion; 4 cloveGarlic; 16 ounceZucchini; 1/4 ounceThyme; 1 unitLemon; 2 tablespoonButter; 2 teaspoonOlive Oil; boxSalt; boxPepper
Shrimp & Tomato Farrotto,Shellfish; Wheat; Milk,Calories 579kcal,Fat 11g,,Carbohydrate 67g,,Dietary Fiber 8g,Protein 49g,,,10 ounceShrimp; 1 canDiced Tomatoes; 1 unitYellow Onion; 3/4 cupFarro; 1 unitVeggie Stock Concentrate; 1 bunchParsley; 2 cloveGarlic; 1/4 cupParmesan Cheese; 1 tablespoonButter; unitSalt; unitPepper
Shrimp and Asparagus Risotto,Shellfish; Milk,Calories 580kcal,Fat 18g,Saturated Fat 8g,Carbohydrate 73g,Sugar 5g,Dietary Fiber 7g,Protein 37g,Cholesterol 245mg,Sodium 750mg,10 ounceShrimp; 3/4 cupArborio Rice; 6 ounceAsparagus; 1 unitYellow Onion; 2 cloveGarlic; 1/4 cupParmesan Cheese; 1 unitVeggie Stock Concentrate; 1 unitMeyer Lemon; 1 tablespoonButter; 2 teaspoonOlive Oil; unitSalt; unitPepper
Shrimp and Cheddar Grits,Shellfish; Milk,Calories 540kcal,Fat 24g,Saturated Fat 9g,Carbohydrate 45g,Sugar 6g,Dietary Fiber 6g,Protein 38g,Cholesterol 250mg,Sodium 620mg,10 ounceShrimp; 4 ounceCollard Greens; 4 ounceGrape Tomatoes; 1 teaspoonChili Flakes; 2 cloveGarlic; 1/2 cupGrits; 1 boxMilk; 1/2 cupCheddar Cheese; 1 tablespoonVegetable Oil; 1/2 tablespoonButter; unitSalt; unitPepper
Shrimp and Chorizo Paella,Milk; Fish; Shellfish; Eggs,Calories 830kcal,Fat 37g,Saturated Fat 8g,Carbohydrate 79g,Sugar 9g,Dietary Fiber 6g,Protein 38g,Cholesterol 270mg,Sodium 2470mg,1 unitBell Pepper; 2 cloveGarlic; 3 ounceDried Chorizo; 3/4 cupArborio Rice; 1 teaspoonSmoked Paprika; 1 teaspoonTurmeric; 2 unitSeafood Stock Concentrate; 2 tablespoonMayonnaise; 10 ounceShrimp; 6 ouncePeas; 1 tablespoonOlive Oil; Salt; Pepper
Shrimp and Chorizo Paella,Shellfish,Calories 679kcal,Fat 20g,,Carbohydrate 83g,,Dietary Fiber 8g,Protein 43g,,,8 ounceShrimp; 1 unitFresh Pork Chorizo; 1 unitTomato; 4 ouncePeas; 1 unitYellow Onion; 1 bunchParsley; 2 cloveGarlic; 3/4 cupArborio Rice; unitSaffron; 2 unitVeggie Stock Concentrate; 1 teaspoonSmoked Paprika; 1 tablespoonOlive Oil
Shrimp and Chorizo Paella,Milk; Shellfish,Calories 662kcal,Fat 24g,Saturated Fat 1g,Carbohydrate 74g,Sugar 7g,Dietary Fiber 7g,Protein 35g,,Sodium 1633mg,1 unitDried Chorizo; 2 cloveGarlic; 1 unitYellow Onion; 1 teaspoonSmoked Paprika; 1/4 ounceParsley; 4 ouncePeas; 3/4 cupArborio Rice; 1 unitSaffron; 8 ounceShrimp; 1 unitChicken Stock Concentrate; 1 unitRoma Tomato; 1 tablespoonOlive Oil; unitSalt; unitPepper
Shrimp and Chorizo Stew,Shellfish; Milk,Calories 717kcal,,Saturated Fat 32g,Carbohydrate 77g,,Dietary Fiber 5g,Protein 34g,,,1 packShrimp; 1 pieceFresh Pork Chorizo; 1 pieceYellow Onion; 2 cloveGarlic; 1 bunchKale; 1 pieceIdaho Potato; 1 bunchParsley; Sour Cream; Diced Tomatoes; Organic Veggie Stock; Olive Oil
Shrimp and Sausage Gumbo,Shellfish,Calories 500kcal,Fat 9g,Saturated Fat2.5 g,Carbohydrate 70g,Sugar 7g,Dietary Fiber 3g,Protein 26g,Cholesterol 125mg,Sodium 700mg,10 ounceShrimp Stir-Fry; 6 ounceAndouille Sausage; 1.5 cupBasmati Rice; 1 boxCrushed Tomatoes; 1 tablespoonCajun Spice Blend; 1 unitRed Bell Pepper; 1 unitGreen Bell Pepper; 1 unitYellow Onion; 1/4 ounceParsley; 2 teaspoonOlive Oil; unitSalt; unitPepper
Shrimp and Zucchini Ribbons,Shellfish; Milk,Calories 600kcal,Fat 38g,Saturated Fat 14g,Carbohydrate 50g,Sugar 5g,Dietary Fiber 4g,Protein 23g,Cholesterol 245mg,Sodium 820mg,2 unitScallions; 1/2 cupJasmine Rice; 1 unitLemon; 1 unitZucchini; 5 teaspoonBasil Oil; 10 ounceShrimp; 1 teaspoonChili Flakes; 3 tablespoonButter; 1 tablespoonOlive Oil; Salt; Pepper
Shrimp Banh Mi Burger,Shellfish; Wheat; Eggs,Calories 670kcal,Fat 29g,Saturated Fat 4g,Carbohydrate 72g,Sugar 18g,Dietary Fiber 7g,Protein 29g,Cholesterol 226mg,Sodium 1110mg,10 ounceShrimp; 2 bunBrioche Buns; 1 jarMayonnaise; 1 teaspoonSriracha; 1/4 ounceCilantro; 2 unitCarrots; 2 cloveGarlic; 1 unitPersian Cucumber; 1 unitLime; 2 tablespoonWhite Wine Vinegar; 1/4 teaspoonSugar; 2 teaspoonOlive Oil; unitSalt; unitPepper
Shrimp Farfalle (AKA Butterfly Pasta),Shellfish; Wheat; Milk,Calories 680kcal,Fat 24g,Saturated Fat 9g,Carbohydrate 78g,Sugar 7g,Dietary Fiber 6g,Protein 37g,Cholesterol 245mg,Sodium 550mg,20 ounceShrimp; 1 unitLemon; 2 cloveGarlic; 12 ounceFarfalle Pasta; 2 unitRed Bell Pepper; 1/2 ounceBasil; 1/2 cupPanko Breadcrumbs; 2 teaspoonItalian Seasoning; 2 tablespoonOlive Oil; 4 tablespoonButter; Salt; Pepper
Shrimp Farfalle,Wheat; Shellfish; Milk,Calories 646kcal,Fat 20g,Saturated Fat 8g,Carbohydrate 77g,Sugar 7g,Dietary Fiber 6g,Protein 41g,,Sodium 343mg,1 ounceBasil; 2 unitRed Bell Pepper; 1/2 cupPanko Breadcrumbs; 4 cloveGarlic; 1 unitLemon; 12 ounceFarfalle Pasta; 16 ounceShrimp; 2 teaspoonItalian Seasoning; unitSalt; unitPepper; 4 teaspoonOlive Oil; 4 tablespoonButter
Shrimp Gyozas,Shellfish; Soy; Wheat,Calories 805kcal,Fat 20g,,Carbohydrate 112g,,Dietary Fiber 11g,Protein 49g,,,10 ounceShrimp; 2 unitScallions; 2 cloveGarlic; 1 thumbGinger; 4.5 ounceEdamame; 1 packWonton Wrappers; 2 tablespoonSoy Sauce; 1 tablespoonSesame Seeds; 1 unitRed Bell Pepper; 1 unitCorn; 2 tablespoonVegetable Oil; 1 teaspoonSugar; unitSalt; unitPepper; unitOlive Oil
Shrimp Jambalaya,Shellfish,Calories 560kcal,Fat 9g,,Carbohydrate 81g,,Dietary Fiber 7g,Protein 38g,,,10 ounceShrimp; 3/4 cupRice; 1 unitYellow Onion; 1 stalkCelery; 1 teaspoonCayenne Pepper; 1 canDiced Tomatoes; 1 unitVeggie Stock Concentrate; 1 teaspoonCumin; 1 teaspoonChili Powder; 2 unitScallions; 1 unitGreen Bell Pepper; 1 tablespoonOlive Oil; unitSalt; unitPepper
Shrimp Linguine With a Kick,Wheat; Shellfish; Milk,Calories 700kcal,Fat 30g,Saturated Fat 12g,Carbohydrate 73g,Sugar 7g,Dietary Fiber 4g,Protein 36g,Cholesterol 195mg,Sodium 970mg,6 ounceLinguine; 1 unitZucchini; 1 unitChili Pepper; 10 ounceShrimp; 2 tablespoonGarlic Herb Butter; 1/4 cupParmesan Cheese; 5 teaspoonOlive Oil; Salt; Pepper
Shrimp Lo Mein,Shellfish; Wheat; Soy,Calories 507kcal,Fat 12g,Saturated Fat0.5 g,Carbohydrate 69g,Sugar 16g,Dietary Fiber 6g,Protein 33g,Cholesterol 170mg,Sodium 1133mg,16 ounceShrimp; 12 ounceGreen Beans; 2 unitCarrots; 16 ounceUdon Noodles; 1 thumbGinger; 2 cloveGarlic; 2 unitVeggie Stock Concentrate; 4 unitScallions; 1 jarHoisin Sauce Jar; 1 ounceSoy Sauce; 4 teaspoonSugar; 2 teaspoonOlive Oil; unitSalt; unitPepper
Shrimp,Shellfish,Calories 130kcal,Fat 2g,,Carbohydrate 1g,,,Protein 19g,Cholesterol 215mg,Sodium 800mg,Ingredients/ serving 2 people10 ounceShrimp; 10 ounceShrimp
Shrimp Pad See Ew,Shellfish; Peanuts; Soy; Wheat,Calories 730kcal,Fat 23g,Saturated Fat 3g,Carbohydrate 96g,Sugar 13g,Dietary Fiber 8g,Protein 40g,Cholesterol 215mg,Sodium 860mg,10 ounceShrimp; 1 unitChili Pepper; 6 ounceWide Rice Noodles; 8 ounceBroccoli Florets; 4 ounceButton Mushrooms; 1 ouncePeanuts; 1 unitShallot; 2 cloveGarlic; 2 tablespoonSoy Sauce; 1 thumbGinger; 1/2 ounceBasil; 1/2 tablespoonSesame Oil; 1 tablespoonVegetable Oil; 1 tablespoonSugar; unitSalt; unitPepper
Shrimp Penne With a Kick,Wheat; Shellfish; Milk,Calories 750kcal,Fat 31g,Saturated Fat 12g,Carbohydrate 74g,Sugar 7g,Dietary Fiber 4g,Protein 46g,Cholesterol 240mg,Sodium 1150mg,6 ouncePenne Pasta; 1 unitZucchini; 1 unitChili Pepper; 10 ounceShrimp; 2 tablespoonGarlic Herb Butter; 1/4 cupParmesan Cheese; 5 teaspoonOlive Oil; Salt; Pepper
Shrimp Peperonata Pasta,Wheat; Shellfish; Fish; Milk,Calories 750kcal,Fat 24g,Saturated Fat 9g,Carbohydrate 93g,Sugar 17g,Dietary Fiber 9g,Protein 33g,Cholesterol 245mg,Sodium 1290mg,1 unitLong Green Pepper; 1 unitShallot; 2 cloveGarlic; 6 ouncePenne Pasta; 10 ounceShrimp; 1 teaspoonDried Oregano; 1 teaspoonChili Flakes; 14 ounceDiced Tomatoes; 1 unitSeafood Stock Concentrate; 4 teaspoonOlive Oil; 2 tablespoonButter; Salt; Pepper
Shrimp Po'Boys,Shellfish; Wheat; Soy; Milk; Eggs,Calories 516kcal,Fat 16g,,Carbohydrate 68g,,Dietary Fiber 7g,Protein 30g,,,10 ounceShrimp; 2 piecePortugese rolls; 3 tablespoonMayonnaise; 2 unitScallions; 1 teaspoonHot Sauce; 2 cloveGarlic; 1 unitLemon; 1 headIceberg Lettuce; 1 unitTomato; unitCreole Seasoning; 1/2 tablespoonOlive Oil
Shrimp Saganaki,Shellfish; Milk; Wheat,Calories 610kcal,Fat 15g,Saturated Fat 5g,Carbohydrate 78g,Sugar 12g,Dietary Fiber 8g,Protein 41g,Cholesterol 230mg,Sodium 1430mg,10 ounceShrimp; 1 unitYellow Onion; 2 cloveGarlic; 1 boxCrushed Tomatoes; 1 teaspoonChili Flakes; 1/2 cupFeta Cheese; 1/4 unitParsley; 3/4 cupIsraeli Couscous; 1 ounceGreen Olives; 2 teaspoonOlive Oil; unitSalt; unitPepper
Shrimp Taco Lettuce Wraps,Shellfish; Milk,Calories 542kcal,Fat 20g,Saturated Fat 4g,Carbohydrate 46g,Sugar 6g,Dietary Fiber 21g,Protein 39g,,Sodium 1018mg,10 ounceShrimp; 13.4 ounceKidney Beans; 1 unitBoston Lettuce; 1 ounceSour Cream; 1 unitLime; 2 cloveGarlic; 1 teaspoonChipotle Powder; 1 unitYellow Onion; 1 unitGreen Bell Pepper; 1 unitAvocado; boxSalt; boxPepper; 2 teaspoonOlive Oil
Shrimp with Lobster Ravioli,Shellfish; Milk; Eggs; Wheat,Calories 660kcal,Fat 31g,Saturated Fat 15g,Carbohydrate 44g,Sugar 9g,Dietary Fiber 6g,Protein 38g,Cholesterol 315mg,Sodium 1630mg,2 cloveGarlic; 10 ounceShrimp; 1 tablespoonTuscan Heat Spice; 1 unitZucchini; 1.5 ounceTomato Paste; 2 tablespoonSour Cream; 9 ounceLobster Ravioli; 1/4 cupParmesan Cheese; 2 teaspoonOlive Oil; 1 teaspoonVegetable Oil; 1 tablespoonButter; Salt; Pepper
’Shroom & Gouda Pork Burgers,Eggs; Milk; Soy; Wheat,Calories 1000kcal,Fat 60g,Saturated Fat 20g,Carbohydrate 78g,Sugar 11g,Dietary Fiber 7g,Protein 38g,Cholesterol 150mg,Sodium 1230mg,12 ounceYukon Gold Potatoes; 1 unitYellow Onion; 2 tablespoonMayonnaise; 10 ounceGround Pork; 4 ounceButton Mushrooms; 2 unitPotato Buns; 1 teaspoonGarlic Powder; 2 sliceGouda Cheese; 1 tablespoonVegetable Oil; 1 teaspoonOlive Oil; 1 tablespoonButter; Salt; Pepper
Shroom ’n’ Swiss Pork Burgers,Milk; Eggs; Soy; Wheat,Calories 1050kcal,Fat 62g,Saturated Fat 23g,Carbohydrate 80g,Sugar 13g,Dietary Fiber 6g,Protein 39g,Cholesterol 160mg,Sodium 1320mg,12 ounceYukon Gold Potatoes; 2 unitPotato Buns; 10 ounceGround Pork; 4 tablespoonSour Cream; 4 ounceButton Mushrooms; 1 unitMushroom Stock Concentrate; 2 sliceSwiss Cheese; 1.5 ounceHoney Dijon Dressing; 4 teaspoonOlive Oil; 1 tablespoonButter; Salt; Pepper
Sicilian Eggplant Stew,Soy; Wheat,Calories 558kcal,Fat 25g,Saturated Fat 5g,Carbohydrate 49g,Sugar 16g,Dietary Fiber 9g,Protein 32g,Cholesterol 70mg,Sodium 547mg,1 unitEggplant; 1 unitRed Onion; 2 cloveGarlic; 1 unitRed Bell Pepper; 8 ounceGround Pork; 1 tablespoonItalian Seasoning; 1 boxDiced Tomatoes; 1 ounceGreen Olives; 2 tablespoonWhite Wine Vinegar; 1 unitCiabatta Bread; unitSalt; unitPepper; 5 teaspoonOlive Oil; 1 teaspoonSugar
Sicilian Farro Caponata,Wheat; Milk; Tree Nuts,Calories 620kcal,Fat 35g,Saturated Fat 11g,Carbohydrate 55g,Sugar 9g,Dietary Fiber 11g,Protein 24g,Cholesterol 40mg,Sodium 290mg,3/4 cupFarro; 1 unitEggplant; 1 unitRed Onion; 1 unitRed Bell Pepper; 1/2 ounceBasil; 4 ounceFresh Mozzarella; 2 tablespoonSherry Vinegar; 1 ounceAlmonds; 2 tablespoonOlive Oil; unitSalt; unitPepper
Silky Oven-Roasted Eggplant,Milk,Calories 530kcal,Fat 26g,Saturated Fat 8g,Carbohydrate 62g,Sugar 15g,Dietary Fiber 15g,Protein 18g,Cholesterol 25mg,Sodium 360mg,1 unitEggplant; 1/2 cupTri-Colored Quinoa; 4 ouncePeas; 1/4 ounceCilantro; 1 unitRed Onion; 1 unitMeyer Lemon; 1/4 ounceMint; 1 teaspoonChili Flakes; 1/2 cupFeta Cheese; 2 tablespoonSour Cream; unitOlive Oil; unitSalt; unitPepper
Silky Sicilian Mushroom Penne,Wheat; Milk,Calories 700kcal,Fat 34g,Saturated Fat 16g,Carbohydrate 85g,Sugar 11g,Dietary Fiber 8g,Protein 20g,Cholesterol 70mg,Sodium 460mg,1 unitZucchini; 4 ounceCremini Mushrooms; 4 ounceGrape Tomatoes; 1/4 ounceChives; 1 unitLemon; 6 ouncePenne Pasta; 1 teaspoonItalian Seasoning; 1 unitMushroom Stock Concentrate; 4 tablespoonCrème Fraîche; 1/4 cupParmesan Cheese; 4 teaspoonOlive Oil; 2 tablespoonButter; Salt; Pepper
Sirloin & Sherry Shallot Sauce,Milk,Calories 820kcal,Fat 52g,Saturated Fat 18g,Carbohydrate 34g,Sugar 5g,Dietary Fiber 5g,Protein 47g,Cholesterol 165mg,Sodium 910mg,1 unitShallot; 12 ounceYukon Gold Potatoes; 2 ounceMixed Greens; 1 teaspoonGarlic Powder; 1/4 cupParmesan Cheese; 14 ounceSirloin Steak; 5 teaspoonSherry Vinegar; 1 unitBeef Stock Concentrate; 2 tablespoonSour Cream; 4 teaspoonVegetable Oil; 3 tablespoonOlive Oil; 1 tablespoonButter; Salt; Pepper; 1/2 teaspoonSugar
Sirloin and Horseradish Cream Sauce,Milk; Soy; Wheat,Calories 800kcal,Fat 56g,Saturated Fat 21g,Carbohydrate 62g,Sugar 14g,Dietary Fiber 8g,Protein 38g,Cholesterol 155mg,Sodium 1190mg,3 unitCarrots; 1 unitYellow Onion; 2 unitScallions; 4 tablespoonSour Cream; 1/2 teaspoonHorseradish Powder; 1/2 teaspoonGarlic Powder; 2 unitDemi-Baguette; 12 ounceSirloin Steak; 1 unitBeef Stock Concentrate; 4 teaspoonVegetable Oil; 4 tablespoonButter; 1/2 teaspoonSugar; Salt; Pepper
Sirloin and Mustard Shallot Cream Sauce,Tree Nuts; Milk,Calories 900kcal,Fat 50g,Saturated Fat 20g,Carbohydrate 61g,Sugar 14g,Dietary Fiber 13g,Protein 42g,Cholesterol 180mg,Sodium 780mg,14 ounceSirloin Steak; 16 ounceYukon Gold Potatoes; 1 tablespoonFry Seasoning; 1 unitShallot; 6 ounceCarrots; 6 ounceGreen Beans; 1 ounceAlmonds; 1 unitBeef Stock Concentrate; 2 teaspoonDijon Mustard; 1 teaspoonHerbes de Provence; 2 tablespoonSour Cream; 5 teaspoonOlive Oil; 3 tablespoonButter; 1/4 teaspoonSugar; Salt; Pepper
Sirloin and Sherry Shallot Sauce,Milk,Calories 810kcal,Fat 48g,Saturated Fat 17g,Carbohydrate 40g,Sugar 8g,Dietary Fiber 7g,Protein 41g,Cholesterol 165mg,Sodium 910mg,1 unitShallot; 12 ounceYukon Gold Potatoes; 6 ounceGreen Beans; 1 teaspoonGarlic Powder; 1/4 cupParmesan Cheese; 14 ounceSirloin Steak; 5 teaspoonSherry Vinegar; 1 unitBeef Stock Concentrate; 2 tablespoonSour Cream; 4 teaspoonVegetable Oil; 7 teaspoonOlive Oil; 1 tablespoonButter; Salt; Pepper
Sirloin and Tangy Steak Sauce,Wheat; Milk,Calories 680kcal,Fat 39g,Saturated Fat 14g,Carbohydrate 46g,Sugar 11g,Dietary Fiber 7g,Protein 31g,Cholesterol 125mg,Sodium 1120mg,12 ounceBaby Red Potatoes; 1/4 ounceRosemary; 2 cloveGarlic; 6 ounceGreen Beans; 1/4 cupPanko Breadcrumbs; 10 ounceSirloin Steak; 1 unitBeef Stock Concentrate; 2 teaspoonDijon Mustard; 2 tablespoonKetchup; 1 teaspoonHot Sauce; 4 teaspoonVegetable Oil; 1/4 teaspoonSugar; 1.5 tablespoonButter; Salt; Pepper
Sirloin Carne Asada Tacos,Milk; Soy; Wheat,Calories 670kcal,Fat 27g,Saturated Fat 11g,Carbohydrate 50g,Sugar 11g,Dietary Fiber 4g,Protein 41g,Cholesterol 110mg,Sodium 1150mg,1 unitPoblano Pepper; 1 unitRoma Tomato; 1/4 ounceCilantro; 1 unitShallot; 5 teaspoonWhite Wine Vinegar; 4 tablespoonSour Cream; 1 tablespoonSouthwest Spice Blend; 10 ounceDiced Steak; 6 unitFlour Tortillas; 1 teaspoonSugar; 2 teaspoonVegetable Oil; Salt; Pepper
Sirloin in a Mushroom Sauce,Milk,Calories 960kcal,Fat 52g,Saturated Fat 25g,Carbohydrate 73g,Sugar 22g,Dietary Fiber 12g,Protein 41g,Cholesterol 205mg,Sodium 860mg,1 unitYellow Onion; 2 cloveGarlic; 12 ounceCarrots; 4 ounceButton Mushrooms; 16 ounceYukon Gold Potatoes; 6 tablespoonSour Cream; 14 ounceSirloin Steak; 1 unitBeef Demi-Glace; 2 teaspoonDijon Mustard; 2 tablespoonVegetable Oil; 3 tablespoonButter; Salt; Pepper; 1 teaspoonSugar
Sirloin Steak Provençal,Milk,Calories 680kcal,Fat 32g,Saturated Fat 15g,Carbohydrate 51g,Sugar 14g,Dietary Fiber 10g,Protein 37g,Cholesterol 165mg,Sodium 750mg,12 ounceYukon Gold Potatoes; 12 ounceCarrots; 14 ounceSirloin Steak; 2 unitScallions; 1 unitShallot; 2 tablespoonSour Cream; 0.07 ounceTruffle Zest; 1 tablespoonHerbes de Provence; 1 unitBeef Stock Concentrate; 1 tablespoonOlive Oil; 2 tablespoonButter; Salt; Pepper
Sirloin Steak,,Calories 260kcal,Fat 10g,Saturated Fat 5g,,,,Protein 38g,Cholesterol 125mg,Sodium 115mg,Ingredients/ serving 2 people14 ounceSirloin Steak; 14 ounceSirloin Steak
Sirloin topped with Lemon-Paprika Shrimp,Shellfish; Milk,Calories 920kcal,Fat 48g,Saturated Fat 23g,Carbohydrate 54g,Sugar 11g,Dietary Fiber 7g,Protein 63g,Cholesterol 410mg,Sodium 1470mg,1 unitLemon; 1/4 ounceChives; 1 teaspoonPaprika; 12 ounceYukon Gold Potatoes; 1 unitShallot; 10 ounceShrimp; 2 cloveGarlic; 4 tablespoonCrème Fraîche; 6 ounceGreen Beans; 14 ounceSirloin Steak; 1 unitBeef Demi-Glace; 2 teaspoonDijon Mustard; 4 teaspoonOlive Oil; 3 tablespoonButter; Salt; Pepper
Sirloin with Chive Butter Sauce,Milk,Calories 690kcal,Fat 56g,Saturated Fat 17g,Carbohydrate 37g,Sugar 9g,Dietary Fiber 6g,Protein 47g,Cholesterol 170mg,Sodium 320mg,24 ounceYukon Gold Potatoes; 4 cloveGarlic; 2 unitBlood Orange; 28 ounceSirloin Steak; 1/2 ounceChives; 1/2 cupParmesan Cheese; 4 ounceMixed Greens; 3 teaspoonVegetable Oil; 4 tablespoonButter; 2 teaspoonOlive Oil; Salt; Pepper
Sizzlin' Saigon Steak Bowls,Eggs; Soy; Wheat; Peanuts; Milk,Calories 780kcal,Fat 35g,Saturated Fat 9g,Carbohydrate 72g,Sugar 7g,Dietary Fiber 4g,Protein 39g,Cholesterol 110mg,Sodium 1090mg,2 cloveGarlic; 3/4 cupJasmine Rice; 1 unitPersian Cucumber; 1/4 ounceCilantro; 1 unitLime; 1 unitChili Pepper; 4 ounceShredded Carrots; 2 tablespoonMayonnaise; 1 teaspoonSriracha; 10 ounceDiced Steak; 2 tablespoonSoy Sauce; 1/2 ouncePeanuts; 1 tablespoonVegetable Oil; 1/2 teaspoonSugar; 1 tablespoonButter; Salt; Pepper
Sizzling Balsamic Steak,Milk,Calories 600kcal,Fat 29g,Saturated Fat 11g,Carbohydrate 43g,Sugar 12g,Dietary Fiber 6g,Protein 38g,Cholesterol 135mg,Sodium 400mg,4 unitSweet Potatoes; 1 tablespoonFry Seasoning; 1 unitRed Onion; 24 ounceSirloin Steak; 2 tablespoonBeef Stock Concentrate; 1 unitBalsamic Glaze; 4 ounceMixed Greens; 2 tablespoonOlive Oil; 2 tablespoonButter; Salt; Pepper
Sizzling Beef Stir-Fry,Soy; Wheat,Calories 545kcal,Fat 13g,Saturated Fat 3g,Carbohydrate 56g,Sugar 11g,Dietary Fiber 4g,Protein 44g,Cholesterol 78mg,Sodium 1103mg,12 ounceBeef Sirloin Tips; 1/2 cupJasmine Rice; 4 unitSoy Sauce; 1 thumbGinger; 2 cloveGarlic; 1 unitRed Onion; 1 unitRed Bell Pepper; 2 unitBaby Bok Choy; unitPepper; unitSalt; 1 tablespoonOlive Oil; 2 teaspoonSugar
Sizzling Beef Stir-Fry,Soy; Wheat,Calories 610kcal,Fat 25g,Saturated Fat 8g,Carbohydrate 47g,Sugar 11g,Dietary Fiber 4g,Protein 40g,Cholesterol 110mg,Sodium 510mg,12 ounceBeef Sirloin Tips; 1/2 cupJasmine Rice; 1 ounceSoy Sauce; 1 thumbGinger; 2 cloveGarlic; 1 unitRed Onion; 1 unitRed Bell Pepper; 2 unitBaby Bok Choy; 2 teaspoonSugar; 1 tablespoonVegetable Oil; unitSalt; unitPepper
Sizzling Ginger Shrimp with Katsu Sauce,Shellfish; Soy; Wheat; Milk,Calories 600kcal,Fat 16g,Saturated Fat4.5 g,Carbohydrate 84g,Sugar 11g,Dietary Fiber 4g,Protein 22g,Cholesterol 230mg,Sodium 1370mg,2 unitScallions; 1 thumbGinger; 1 cloveGarlic; 1 unitLime; 3/4 cupJasmine Rice; 10 ounceShrimp; 4 tablespoonKatsu Sauce; 6 ounceGreen Beans; 1 tablespoonSesame Seeds; 2 teaspoonVegetable Oil; Salt; Pepper; 1 tablespoonButter
Sizzling Hoisin Shrimp,Shellfish; Soy; Wheat; Milk,Calories 550kcal,Fat 15g,Saturated Fat4.5 g,Carbohydrate 74g,Sugar 8g,Dietary Fiber 4g,Protein 24g,Cholesterol 230mg,Sodium 1020mg,2 unitScallions; 1 thumbGinger; 1 cloveGarlic; 1 unitLime; 3/4 cupJasmine Rice; 10 ounceShrimp; 2 tablespoonHoisin Sauce; 6 ounceGreen Beans; 1 tablespoonSesame Seeds; 2 teaspoonVegetable Oil; Salt; Pepper; 1 tablespoonButter
Sizzling Southwestern Chicken,Milk,Calories 550kcal,Fat 20g,Saturated Fat 6g,Carbohydrate 52g,Sugar 13g,Dietary Fiber 10g,Protein 45g,Cholesterol 120mg,Sodium 620mg,2 unitSweet Potatoes; 1 unitRed Bell Pepper; 1 unitYellow Bell Peppers; 2 unitScallions; 1 unitLime; 1 teaspoonSouthwest Spice Blend; 12 ounceChicken Breasts; 1/2 cupFeta Cheese; 4 teaspoonOlive Oil; Salt; Pepper
Sizzling Southwestern Chicken,Milk,Calories 530kcal,Fat 15g,Saturated Fat4.5 g,Carbohydrate 52g,Sugar 13g,Dietary Fiber 10g,Protein 50g,Cholesterol 115mg,Sodium 550mg,2 unitSweet Potatoes; 1 unitRed Bell Pepper; 1 unitYellow Bell Peppers; 2 unitScallions; 1 unitLime; 1 teaspoonSouthwest Spice Blend; 12 ounceChicken Breasts; 1/2 cupFeta Cheese; 4 teaspoonOlive Oil; unitSalt; unitPepper
Skewer-Less Chicken Kebabs,Wheat; Milk,Calories 592kcal,Fat 13g,Saturated Fat 3g,Carbohydrate 78g,Sugar 17g,Dietary Fiber 7g,Protein 46g,Cholesterol 143mg,Sodium 131mg,24 ounceChicken Thighs; 2 tablespoonMediterranean Spice Blend; 1 unitRed Onion; 1.5 cupIsraeli Couscous; 2 unitRed Bell Pepper; 1/4 ounceParsley; 1 unitLemon; 2 ounceGolden Raisins; 2 cloveGarlic; 1 unitYogurt; unitSalt; unitPepper; 7 teaspoonOlive Oil
Skillet Chicken Paprikash,,Calories 507kcal,Fat 13g,,Carbohydrate 50g,,Dietary Fiber 9g,Protein 46g,,,2 unitChicken Breasts; 1 unitCarrots; 1 unitRed Onion; 2 cloveGarlic; 1 tablespoonSmoked Paprika; 1 unitVeggie Stock Concentrate; 1 bunchParsley; 12 ounceYukon Gold Potatoes; 1 canCrushed Tomatoes; unitOlive Oil; unitSalt; unitPepper
Skillet Chicken Pot Pie with Homemade Biscuits and Thyme Gravy,Wheat; Milk,Calories 811kcal,Fat 39g,Saturated Fat 21g,Carbohydrate 65g,Sugar 13g,Dietary Fiber 8g,Protein 51g,,Sodium 1317mg,12 ounceChicken Breasts; 4 ouncePeas; 6 ounceCarrots; 1 unitCelery; 1 unitYellow Onion; 1 unitChicken Stock Concentrate; 1/4 ounceThyme; 2 cloveGarlic; 12 tablespoonFlour; 4 ounceHeavy Cream; 2 teaspoonBaking Powder; 2 tablespoonButter; 1 teaspoonOlive Oil; 1/2 teaspoonSugar; boxSalt; boxPepper
Skillet Chilaquiles,Milk,Calories 636kcal,Fat 28g,Saturated Fat 10g,Carbohydrate 63g,Sugar 4g,Dietary Fiber 23g,Protein 27g,,Sodium 531mg,1 boxBlack Beans; 2 unitScallions; 3 unitRadishes; 1 unitRoma Tomato; 1 unitLime; 1 ounceAdobo Sauce; 3 ounceTortilla Chips; 1/2 cupCheddar Cheese; 4 tablespoonSour Cream; unitSalt; unitPepper; 1 teaspoonOlive Oil
Skillet Chilaquiles,Soy; Milk,Calories 526kcal,Fat 24g,,Carbohydrate 70g,,Dietary Fiber 18g,Protein 25g,,,3 ounceTortilla Chips; 2 unitScallions; 1 unitLime; 3 unitRadishes; 1 canBlack Beans; 1 canChipotles in Adobo; 1/2 cupCheddar Cheese; 1 bunchCilantro; 2 tablespoonSour Cream; 1 unitTomato; 1 teaspoonOlive Oil
Skillet Cornbread Pie,Wheat; Milk,Calories 618kcal,Fat 29g,,Carbohydrate 74g,,Dietary Fiber 12g,Protein 19g,,,1 unitJalapeño; 1 unitYellow Onion; 1 bunchCollard Greens; 1 unitCorn on the Cob; 2 cloveGarlic; 1 unitVeggie Stock Concentrate; 1/2 packCornbread Mix; 1/4 cupSour Cream; 1/2 cupLima Beans; 1/2 cupCheddar Cheese; 1 tablespoonOlive Oil
Skillet Refried Black Beans,Milk,Calories 860kcal,Fat 42g,Saturated Fat 22g,Carbohydrate 85g,Sugar 7g,Dietary Fiber 12g,Protein 29g,Cholesterol 95mg,Sodium 860mg,1/2 cupJasmine Rice; 1 tablespoonSouthwest Spice Blend; 1 unitRoma Tomato; 1 unitRed Onion; 1/4 ounceCilantro; 3 unitRadishes; 1 unitLime; 4 tablespoonGuacamole; 2 tablespoonSour Cream; 13.4 ounceBlack Beans; 1 cupMexican Cheese Blend; 1 teaspoonVegetable Oil; 2 tablespoonButter; Salt; Pepper
Skillet Seitan Enchiladas,Milk; Wheat; Soy,Calories 792kcal,Fat 32g,Saturated Fat 10g,Carbohydrate 79g,Sugar 5g,Dietary Fiber 11g,Protein 48g,,Sodium 1548mg,1/2 cupMonterey Jack Cheese; 1 teaspoonChipotle Powder; 1.5 tablespoonEnchilada Spice Blend; 1 tablespoonFlour; 1 unitYellow Onion; 1 unitPoblano Pepper; 8 ounceSeitan Crumbles; 1 unitVeggie Stock Concentrate; 1 tablespoonTomato Paste; 6 unitFlour Tortilla; unitSalt; unitPepper; 4 teaspoonOlive Oil
Skillet Turkey Enchiladas,Milk; Wheat,Calories 690kcal,Fat 32g,Saturated Fat 11g,Carbohydrate 61g,Sugar 13g,Dietary Fiber 7g,Protein 43g,Cholesterol 130mg,Sodium 1090mg,1 unitYellow Onion; 1 unitPoblano Pepper; 1/4 ounceCilantro; 2 cloveGarlic; 10 ounceGround Turkey; 1 teaspoonChipotle Powder; 1 ounceCream Cheese; 4 unitFlour Tortilla; 1 tablespoonMexican Spice Blend; 1 boxCrushed Tomatoes; 1/2 cupMozzarella Cheese; 2 ounceMixed Greens; 3 unitRadishes; 1 unitLime; 1 teaspoonOlive Oil; 2 teaspoonVegetable Oil; 1/2 teaspoonSugar; unitSalt; unitPepper
Slammin' Lemon Salmon,Fish; Milk,Calories 690kcal,Fat 26g,Saturated Fat 8g,Carbohydrate 53g,Sugar 10g,Dietary Fiber 23g,Protein 54g,Cholesterol 95mg,Sodium 530mg,12 ounceSkin-on Salmon; 1 unitLemon; 1 unitRed Onion; 4 ounceSugar Snap Peas; 1 unitZucchini; 1 boxButter Beans; 1 teaspoonGround Coriander; 1 unitVeggie Stock Concentrate; 2 cloveGarlic; 1 unitDijon Mustard; 1/4 ounceCilantro; unitOlive Oil; unitButter; unitSalt; unitPepper
Sliced Steak Tagliata,,Calories 670kcal,Fat 40g,Saturated Fat 12g,Carbohydrate 41g,Sugar 11g,Dietary Fiber 7g,Protein 34g,Cholesterol 120mg,Sodium 180mg,2 tablespoonBalsamic Vinegar; 12 ounceSirloin Steak; 2 ounceArugula; 2 cloveGarlic; 4 ounceGrape Tomatoes; 12 ounceSweet Potatoes; 1/4 ounceRosemary; 1 teaspoonDried Oregano; 8 teaspoonOlive Oil; unitSalt; unitPepper
Sliced Steak Tagliata,Milk,Calories 670kcal,Fat 40g,Saturated Fat 15g,Carbohydrate 48g,Sugar 14g,Dietary Fiber 9g,Protein 29g,Cholesterol 135mg,Sodium 580mg,2 unitSweet Potatoes; 1/4 ounceRosemary; 2 cloveGarlic; 4 ounceGrape Tomatoes; 10 ounceRanch Steak; 6 ounceGreen Beans; 5 teaspoonBalsamic Vinegar; 1 unitBeef Stock Concentrate; 1 tablespoonOlive Oil; 1.5 tablespoonButter; 1/2 teaspoonSugar; Salt; Pepper
Sloppy Pork Joes,Eggs; Soy; Milk; Wheat,Calories 800kcal,Fat 42g,Saturated Fat 13g,Carbohydrate 77g,Sugar 25g,Dietary Fiber 4g,Protein 30g,Cholesterol 110mg,Sodium 970mg,2 unitScallions; 1 unitLime; 4 ouncePineapple; 10 ounceGround Pork; 4 ounceColeslaw Mix; 2 tablespoonMayonnaise; 2 unitPotato Buns; 1 tablespoonSweet and Smoky BBQ Seasoning; 1 teaspoonChipotle Powder; 4 tablespoonKetchup; 1 tablespoonCornstarch; Salt; Pepper; 1 teaspoonVegetable Oil
Slow Cooker Smoky Beef Chili,Milk,Calories 720kcal,Fat 32g,Saturated Fat 14g,Carbohydrate 58g,Sugar 14g,Dietary Fiber 15g,Protein 46g,Cholesterol 120mg,Sodium 1370mg,6 ounceTomato Paste; 13.76 ounceCrushed Tomatoes; 4 unitBeef Stock Concentrate; 1 teaspoonSmoked Paprika; 2 tablespoonSouthwest Spice Blend; 1 unitRed Onion; 2 unitGreen Bell Pepper; 20 ounceGround Beef; 13.4 ounceBlack Beans; 6 tablespoonSour Cream; 6 unitCorn Tortillas; 2 unitScallions; 3/4 cupMonterey Jack Cheese; Salt; Black Pepper
Slow Cooker Stuffed Peppers,Milk,Calories 530kcal,Fat 25g,Saturated Fat 10g,Carbohydrate 43g,Sugar 10g,Dietary Fiber 5g,Protein 37g,Cholesterol 155mg,Sodium 1060mg,1 unitYellow Onion; 4 unitBell Pepper; 18 ounceItalian Chicken Sausage Mix; 1/2 cupBasmati Rice; 13.76 ounceCrushed Tomatoes; 2 tablespoonSouthwest Spice Blend; 2 unitScallions; 1 cupItalian Cheese Blend; 2 tablespoonOlive Oil; 2 tablespoonButter; Salt; Pepper
Slow-Cooker Chipotle Pork Sloppy Joes,Wheat; Milk,Calories 760kcal,Fat 37g,Saturated Fat 11g,Carbohydrate 74g,Sugar 30g,Dietary Fiber 6g,Protein 34g,Cholesterol 115mg,Sodium 1240mg,2 unitScallions; 4 tablespoonKetchup; 2 tablespoonAdobo Sauce; 3 tablespoonWhite Wine Vinegar; 13.76 ounceCrushed Tomatoes; 3 teaspoonDijon Mustard; 2 teaspoonGarlic Powder; 2 teaspoonChipotle Powder; 20 ounceGround Pork; 8 ounceShredded Carrots; 2 ounceGolden Raisins; 4 unitBrioche Buns; 1 unitDill Pickle; 1/2 cupMonterey Jack Cheese; 5.5 teaspoonSugar; 2 tablespoonOlive Oil; Salt; Pepper
Slurp's Up! Sesame Chicken Noodles,Wheat; Peanuts; Soy,Calories 965kcal,Fat 44g,Saturated Fat 6g,Carbohydrate 87g,Sugar 14g,Dietary Fiber 7g,Protein 61g,Cholesterol 99mg,Sodium 1282mg,12 ounceChicken Breasts; 2 unitScallions; 6 ounceLinguine; 2 unitPeanut Butter; 2 tablespoonRed Wine Vinegar; 1 tablespoonSesame Oil; 3 unitSoy Sauce; 2 tablespoonPepperolio; 1/2 ounceHoney; 4 ounceShredded Red Cabbage; 2 cloveGarlic; unitSalt; unitPepper; 2 tablespoonVegetable Oil
Smashed Black Bean Tacos,Eggs; Soy; Wheat; Milk,Calories 850kcal,Fat 38g,Saturated Fat 15g,Carbohydrate 102g,Sugar 12g,Dietary Fiber 11g,Protein 20g,Cholesterol 50mg,Sodium 2190mg,1 unitRed Onion; 1 unitLime; 13.4 ounceBlack Beans; 1 tablespoonSouthwest Spice Blend; 1 unitTex-Mex Paste; 1/4 ounceCilantro; 4 ounceColeslaw Mix; 2 tablespoonMayonnaise; 6 unitFlour Tortillas; 1/4 cupMonterey Jack Cheese; 2 tablespoonSmoky Red Pepper Crema; 1 teaspoonOlive Oil; 1 tablespoonButter; 1/4 teaspoonSugar; Salt; Pepper
Smashed Black Bean Tostadas,Milk; Soy; Wheat,Calories 910kcal,Fat 41g,Saturated Fat 19g,Carbohydrate 105g,Sugar 14g,Dietary Fiber 11g,Protein 24g,Cholesterol 65mg,Sodium 2170mg,1 unitYellow Onion; 1 unitLong Green Pepper; 1 unitRoma Tomato; 1 unitLime; 1/4 ounceCilantro; 4 tablespoonSour Cream; 6 unitFlour Tortillas; 1 tablespoonSouthwest Spice Blend; 13.4 ounceBlack Beans; 1 unitTex-Mex Paste; 1/2 cupMexican Cheese Blend; 1 teaspoonVegetable Oil; 1 tablespoonButter; Salt; Pepper; 1 tablespoonOlive Oil
Smoked Gouda Pork Burgers,Eggs; Milk; Soy; Wheat,Calories 1100kcal,Fat 67g,Saturated Fat 25g,Carbohydrate 82g,Sugar 12g,Dietary Fiber 9g,Protein 42g,Cholesterol 175mg,Sodium 690mg,2 unitYellow Onion; 1 unitLime; 2 cloveGarlic; 4 unitPotato Buns; 24 ounceYukon Gold Potatoes; 2 teaspoonSmoked Paprika; 2 teaspoonSriracha; 20 ounceGround Pork; 4 sliceGouda Cheese; 4 tablespoonMayonnaise; 4 tablespoonSour Cream; 4 teaspoonOlive Oil; 3 tablespoonButter; 1.5 teaspoonSugar; Salt; Pepper
Smokehouse Pulled Chicken Bowls,Milk,Calories 800kcal,Fat 29g,Saturated Fat 13g,Carbohydrate 106g,Sugar 46g,Dietary Fiber 5g,Protein 27g,Cholesterol 120mg,Sodium 850mg,1/2 cupJasmine Rice; 1 unitLime; 1 unitShallot; 13.4 ounceCorn; 1 unitJalapeño; 4 tablespoonSour Cream; 1 tablespoonSouthwest Spice Blend; 10 ounceBBQ Pulled Chicken; Salt; Pepper; 1/4 teaspoonSugar; 2 teaspoonVegetable Oil; 2 tablespoonButter
Smoky Adobo Chicken Tacos,Wheat; Milk; Soy,Calories 801kcal,Fat 31g,,Carbohydrate 80g,,Dietary Fiber 12g,Protein 53g,,,2 unitChicken Breasts; 1 unitRed Onion; 1 unitLime; 6 unitFlour Tortilla; 1 bunchCilantro; 1 unitMango; 2 tablespoonSour Cream; 1 canChipotles in Adobo; 1 unitAvocado; 1 tablespoonOlive Oil; unitSalt; unitPepper
Smoky Barramundi with Brown Butter,Fish; Milk,Calories 670kcal,Fat 40g,Saturated Fat 17g,Carbohydrate 50g,Sugar 12g,Dietary Fiber 11g,Protein 35g,Cholesterol 130mg,Sodium 220mg,2 unitSweet Potatoes; 1 unitLemon; 10 ounceBarramundi; 2 tablespoonSour Cream; 2 unitScallions; 8 ounceBroccoli Florets; 1 teaspoonSmoked Paprika; 2 tablespoonVegetable Oil; 3 tablespoonButter; Salt; Pepper
Smoky Beef & Poblano Chili,Milk,Calories 762kcal,Fat 32g,Saturated Fat 14g,Carbohydrate 57g,Sugar 12g,Dietary Fiber 18g,Protein 55g,,Sodium 1321mg,10 ounceGround Beef; 1 unitPoblano Pepper; 2 cloveGarlic; 1 teaspoonChili Powder; 1 teaspoonCumin; 1 unitBeef Stock Concentrate; 13.76 ounceCrushed Tomatoes; 13.4 ounceKidney Beans; 1 ounceCheddar Cheese; 2 ounceSour Cream; 1 unitYellow Onion; 1 unitScallions; boxSalt; boxPepper; 1 teaspoonOlive Oil
Smoky Beef and Poblano Chili,Milk,Calories 637kcal,Fat 26g,Saturated Fat 11g,Carbohydrate 50g,Sugar 8g,Dietary Fiber 17g,Protein 46g,Cholesterol 101mg,Sodium 1243mg,8 ounceGround Beef; 1 unitPoblano Pepper; 2 cloveGarlic; 1 teaspoonChili Powder; 1 teaspoonCumin; 1 unitBeef Stock Concentrate; 1 boxCrushed Tomatoes; 1 boxKidney Beans; 1/2 cupCheddar Cheese; 2 tablespoonSour Cream; 2 unitScallions; 1 teaspoonOlive Oil; unitSalt; unitPepper
Smoky Beef Tacos,Wheat; Milk,Calories 722kcal,Fat 37g,Saturated Fat 14g,Carbohydrate 54g,Sugar 5g,Dietary Fiber 7g,Protein 38g,Cholesterol 119mg,Sodium 517mg,6 unitRadishes; 2 unitRed Bell Pepper; 2 unitLime; 4 unitScallions; 2 unitAvocado; 12 unitFlour Tortilla; 20 ounceGround Beef; 2 teaspoonCumin; 8 tablespoonSour Cream; unitSalt; unitPepper; 1 teaspoonOlive Oil
Smoky Black Bean and Caramelized Sweet Potato Tacos,Milk,Calories 764kcal,Fat 31g,,Carbohydrate 106g,,Dietary Fiber 23g,Protein 18g,,,1 unitSweet Potatoes; 1 unitYellow Onion; 1 unitAvocado; 1 unitCorn; 1 unitLime; 1/2 ounceCilantro; 2 cloveGarlic; 1/2 canBlack Beans; 1 teaspoonCumin; 1 tablespoonHoney; 2 tablespoonSour Cream; 6 unitCorn Tortillas; 2 tablespoonOlive Oil
Smoky Black Bean and Corn Tostadas,Milk; Soy; Wheat,Calories 960kcal,Fat 43g,Saturated Fat 15g,Carbohydrate 98g,Sugar 15g,Dietary Fiber 25g,Protein 35g,Cholesterol 45mg,Sodium 1330mg,1 unitRoma Tomato; 1/4 ounceCilantro; 1 unitJalapeño; 1 unitLime; 1 unitYellow Onion; 13.4 ounceBlack Beans; 4 tablespoonSour Cream; 1 teaspoonAncho Chili Powder; 13.4 ounceCorn; 1 tablespoonSouthwest Spice Blend; 6 unitFlour Tortillas; 1/2 cupMexican Cheese Blend; 2 tablespoonOlive Oil; Salt; Pepper
Smoky Black Bean Cakes,Milk; Wheat,Calories 562kcal,Fat 29g,,Carbohydrate 71g,,Dietary Fiber 21g,Protein 20g,,,Ingredientsserving amount241 canBlack Beans1 unitAvocado1 unitRed Onion1 unitJalapeño1 unitCorn on the Cob1 unitRoma Tomato4 ounceMixed Greens2 tablespoonSour Cream1/4 cupPanko Breadcrumbs1 teaspoonCumin1 teaspoonCayenne Pepper1 tablespoonBalsamic Vinegar1 unitLime; 1 canBlack Beans; 1 unitAvocado; 1 unitRed Onion; 1 unitJalapeño; 1 unitCorn on the Cob; 1 unitRoma Tomato; 4 ounceMixed Greens; 2 tablespoonSour Cream; 1/4 cupPanko Breadcrumbs; 1 teaspoonCumin; 1 teaspoonCayenne Pepper; 1 tablespoonBalsamic Vinegar; 1 unitLime
Smoky Black Bean Cakes,Wheat; Milk,Calories 594kcal,Fat 27g,Saturated Fat 6g,Carbohydrate 62g,Sugar 11g,Dietary Fiber 27g,Protein 22g,,Sodium 234mg,1 boxBlack Beans; 1 unitJalapeño; 1 unitCorn on the Cob; 1 unitRoma Tomato; 1 unitAvocado; 1/4 cupPanko Breadcrumbs; 4 tablespoonSour Cream; 2 ounceArugula; 1 teaspoonCumin; 1 teaspoonCayenne Pepper; 2 tablespoonBalsamic Vinegar; 1 unitLime; 1 unitRed Onion; unitSalt; unitPepper; 4 teaspoonOlive Oil
Smoky Black Bean Cakes,Wheat; Milk,Calories 571kcal,Fat 25g,Saturated Fat 6g,Carbohydrate 61g,Sugar 11g,Dietary Fiber 27g,Protein 22g,Cholesterol 19mg,Sodium 198mg,1 boxBlack Beans; 1 unitRed Onion; 1 unitJalapeño; 1 unitCorn on the Cob; 1 unitRoma Tomato; 1 unitAvocado; 1/4 cupPanko Breadcrumbs; 4 tablespoonSour Cream; 2 ounceArugula; 1 teaspoonCumin; 1 teaspoonCayenne Pepper; 2 tablespoonBalsamic Vinegar; 1 unitLime; 1 tablespoonOlive Oil; unitSalt; unitPepper
Smoky Chicken Fajitas,Wheat,Calories 705kcal,Fat 30g,,Carbohydrate 63g,,Dietary Fiber 12g,Protein 49g,,,4 unitFlour Tortilla; 2 unitChicken Breasts; 1 unitRed Bell Pepper; 1 bunchCilantro; 1 unitTomato; 1 unitLime; 1 unitRed Onion; 1 unitJalapeño; 1/2 teaspoonChili Powder; 1/2 teaspoonCumin; 1 unitAvocado; 1 unitCorn; 1 tablespoonOlive Oil; unitSalt; unitPepper
"Smoky Chicken Fajitas with Charred Pepper and Onion, Garlic-Lime Crema, and Quick-Pickled Jalapeno",Wheat; Milk,Calories 673kcal,Fat 25g,Saturated Fat 11g,Carbohydrate 62g,Sugar 7g,Dietary Fiber 8g,Protein 58g,,Sodium 1021mg,12 ounceChicken Breasts; 1 unitRed Bell Pepper; 1 unitLime; 1 unitRed Onion; 1 unitJalapeño; 1 teaspoonSouthwest Spice Blend; 6 pieceFlour Tortilla; 2 ounceSour Cream; 2 ounceCheddar Cheese; 1 teaspoonOlive Oil
Smoky Chicken Fajitas,Wheat; Milk,Calories 640kcal,Fat 30g,Saturated Fat 12g,Carbohydrate 46g,Sugar 7g,Dietary Fiber 7g,Protein 46g,Cholesterol 177mg,Sodium 623mg,4 unitFlour Tortilla; 12 ounceChicken Thighs; 1 unitRed Bell Pepper; 2 unitScallions; 1 unitRed Onion; 1 tablespoonSouthwest Spice Blend; 1 unitLime; 2 tablespoonSour Cream; 1/2 cupCheddar Cheese; 1 teaspoonOlive Oil; unitSalt; unitPepper
Smoky Chicken Tacos,Wheat; Milk,Calories 613kcal,Fat 20g,Saturated Fat 7g,Carbohydrate 64g,Sugar 11g,Dietary Fiber 5g,Protein 43g,Cholesterol 152mg,Sodium 550mg,12 ounceChicken Thighs; 6 unitFlour Tortilla; 2 tablespoonSour Cream; 1 unitRed Bell Pepper; 1 unitRoma Tomato; 1 unitLime; 1 unitRed Onion; 1 unitJalapeño; 1 teaspoonSouthwest Spice Blend; 1 unitCorn on the Cob; 2 teaspoonOlive Oil; unitSalt; unitPepper
Smoky Grilled Pork Chops,Eggs; Milk,Calories 540kcal,Fat 27g,Saturated Fat 10g,Carbohydrate 34g,Sugar 14g,Dietary Fiber 6g,Protein 39g,Cholesterol 135mg,Sodium 230mg,24 ouncePork Chops; 1 tablespoonSweet and Smoky BBQ Seasoning; 12 ounceBaby Red Potatoes; 2 unitScallions; 2 tablespoonMayonnaise; 4 tablespoonSour Cream; 1 tablespoonRanch Spice; 1 unitPeach; 1 unitJalapeño; 1 unitLime; 1/4 ounceHoney; 12 ounceSugar Snap Peas; 1/2 teaspoonSugar; 2 tablespoonButter; 2 teaspoonVegetable Oil; Salt; Pepper
Smoky Romesco New York Strip Steak,Wheat; Tree Nuts,Calories 750kcal,Fat 44g,Saturated Fat 14g,Carbohydrate 47g,Sugar 6g,Dietary Fiber 7g,Protein 41g,Cholesterol 130mg,Sodium 85mg,10 ounceNew York Strip Steak; 1/2 cupIsraeli Couscous; 2 cloveGarlic; 1 ounceAlmonds; 1 tablespoonRed Wine Vinegar; 1 teaspoonSmoked Paprika; 1/4 ounceParsley; 6 ounceAsparagus; 8 ounceGrape Tomatoes; 2 teaspoonOlive Oil; 2 teaspoonVegetable Oil; unitSalt; unitPepper
Smoky Seitan Rice Bowl,Milk; Soy; Wheat,Calories 660kcal,Fat 28g,Saturated Fat 8g,Carbohydrate 64g,Sugar 9g,Dietary Fiber 10g,Protein 41g,Cholesterol 25mg,Sodium 680mg,1 unitRed Onion; 1 unitLime; 1/4 ounceCilantro; 1 unitRoma Tomato; 1 unitRomaine Lettuce; 2 ounceMonterey Jack Cheese; 1/2 cupJasmine Rice; 8 ounceChipotle Seitan Crumbles; 1 unitAvocado; 1 tablespoonOlive Oil; Salt; Pepper
Smoky Stuffed Mushrooms,Wheat; Milk,Calories 570kcal,Fat 32g,Saturated Fat 12g,Carbohydrate 53g,Sugar 9g,Dietary Fiber 7g,Protein 18g,Cholesterol 45mg,Sodium 200mg,2 unitScallions; 1 unitChili Pepper; 1 tablespoonFry Seasoning; 1 teaspoonSmoked Paprika; 1/2 cupQuinoa; 2 unitPortobello Mushrooms; 1/4 cupPanko Breadcrumbs; 1/2 cupMozzarella Cheese; 1 unitTomato; 2 tablespoonButter; 2 tablespoonOlive Oil; Salt; Pepper
"Smoky Turkey and White Bean Chili with Rosemary, Oregano, and Sour Cream",Milk,Calories 559kcal,Fat 21g,Saturated Fat 5g,Carbohydrate 53g,Sugar 3g,Dietary Fiber 14g,Protein 36g,,Sodium 630mg,8 ounceGround Turkey; 1/4 ounceRosemary; 1/4 ounceOregano; 4 ounceYellow Onion; 2 cloveGarlic; 1 boxCannellini Beans; 2 unitChicken Stock Concentrate; 1 teaspoonCumin; 1 teaspoonCayenne Pepper; 1 teaspoonSmoked Paprika; 1/2 cupPolenta; 1 ounceSour Cream; 1 tablespoonOlive Oil
Smothered Chicken Enchiladas,Soy; Wheat; Milk,Calories 700kcal,Fat 32g,Saturated Fat 16g,Carbohydrate 63g,Sugar 9g,Dietary Fiber 6g,Protein 35g,Cholesterol 155mg,Sodium 920mg,1 unitYellow Onion; 2 unitScallions; 1 unitPoblano Pepper; 10 ounceChicken Breast Strips; 1 tablespoonSouthwest Spice Blend; 1 tablespoonEnchilada Spice Blend; 6 tablespoonTomato Paste; 2 unitFlour Tortillas; 1/2 cupMexican Cheese Blend; 4 tablespoonSour Cream; 2 teaspoonVegetable Oil; 1/2 teaspoonSugar; 1 tablespoonButter; Salt; Pepper
Smothered Pepper Jack Burgers,Milk; Eggs; Soy; Wheat,Calories 960kcal,Fat 49g,Saturated Fat 20g,Carbohydrate 89g,Sugar 18g,Dietary Fiber 7g,Protein 42g,Cholesterol 130mg,Sodium 930mg,12 ounceYukon Gold Potatoes; 1 unitYellow Onion; 1 unitLong Green Pepper; 1 teaspoonHot Sauce; 1 tablespoonSweet and Smoky BBQ Seasoning; 10 ounceGround Beef; 1/2 cupPepper Jack Cheese; 2 unitPotato Buns; 2 tablespoonKetchup; Salt; Pepper; 2 tablespoonVegetable Oil
Smothered Pepper Jack Burgers,Milk; Eggs; Soy; Wheat,Calories 960kcal,Fat 50g,Saturated Fat 19g,Carbohydrate 89g,Sugar 41g,Dietary Fiber 18g,Protein 41g,Cholesterol 135mg,Sodium 940mg,12 ounceYukon Gold Potatoes; 1 unitYellow Onion; 1 unitLong Green Pepper; 2 tablespoonKetchup; 1 teaspoonHot Sauce; 1 tablespoonSweet and Smoky BBQ Seasoning; 10 ounceGround Beef; 1/2 cupPepper Jack Cheese; 2 unitPotato Buns; Salt; Pepper; 2 tablespoonVegetable Oil
Smothered Pepper Jack Burgers,Milk; Eggs; Soy; Wheat,Calories 990kcal,Fat 49g,Saturated Fat 19g,Carbohydrate 84g,Sugar 23g,Dietary Fiber 8g,Protein 41g,Cholesterol 140mg,Sodium 1030mg,2 unitSweet Potatoes; 1 unitYellow Onion; 1 unitLong Green Pepper; 2 tablespoonKetchup; 1 teaspoonHot Sauce; 1 tablespoonSweet and Smoky BBQ Seasoning; 10 ounceGround Beef; 1/2 cupPepper Jack Cheese; 2 unitPotato Buns; Salt; Pepper; 2 tablespoonVegetable Oil
So Delizioso Chicken Cutlets,Milk,Calories 730kcal,Fat 42g,Saturated Fat 19g,Carbohydrate 58g,Sugar 12g,Dietary Fiber 11g,Protein 41g,Cholesterol 175mg,Sodium 520mg,2 unitLemon; 20 ounceChicken Cutlets; 1 tablespoonItalian Seasoning; 32 ounceYukon Gold Potatoes; 2 unitScallions; 1 cupItalian Cheese Blend; 8 ounceGrape Tomatoes; 1 unitShallot; 2 unitZucchini; 2 unitChicken Stock Concentrate; 8 teaspoonOlive Oil; 6 tablespoonButter; Salt; Pepper
Soba Noodle Stir-Fry,Wheat; Milk,Calories 518kcal,Fat 23g,,Carbohydrate 60g,,Dietary Fiber 4g,Protein 19g,,,1 bunchBuckwheat Soba Noodles; 4 ounceButton Mushrooms; 1 unitRed Bell Pepper; 2 unitScallions; 2 cloveGarlic; 1 unitCorn; 4 tablespoonSour Cream; 1/4 cupParmesan Cheese; 1 tablespoonOlive Oil; unitSalt; unitPepper
"Sole en Papillote with Mushrooms, Croutons, and Brown-Butter Caper Sauce",Fish; Wheat; Soy; Milk,Calories 641kcal,Fat 30g,Saturated Fat 13g,Carbohydrate 42g,Sugar 9g,Dietary Fiber 7g,Protein 52g,,Sodium 1065mg,12 ounceSole; 8 ounceMushrooms; 1 ounceCapers; 1 unitLemon; 4 ounceGreen Beans; 2 sliceWhite Bread; 3 tablespoonButter; 1 tablespoonOlive Oil
Southern Cornbread Pie,Milk; Wheat,Calories 704kcal,Fat 34g,,Carbohydrate 67g,,Dietary Fiber 6g,Protein 30g,,,Ingredientsserving amount248 ounceGround Pork1 bunchCollard Greens1 unitYellow Onion1 unitCorn on the Cob1 unitVeggie Stock Concentrate1 unitJalapeño4 tablespoonSour Cream2 cloveGarlic1 packCornbread Mix2 teaspoonWhite Wine Vinegar; 8 ounceGround Pork; 1 bunchCollard Greens; 1 unitYellow Onion; 1 unitCorn on the Cob; 1 unitVeggie Stock Concentrate; 1 unitJalapeño; 4 tablespoonSour Cream; 2 cloveGarlic; 1 packCornbread Mix; 2 teaspoonWhite Wine Vinegar
Southern Pork Chops,Wheat; Milk,Calories 582kcal,Fat 19g,Saturated Fat 5g,Carbohydrate 56g,Sugar 5g,Dietary Fiber 10g,Protein 49g,,Sodium 291mg,8 ounceCollard Greens; 12 ounceYukon Gold Potatoes; 1 unitYellow Onion; 12 ounceBoneless Pork Chops; 1/4 cupFlour; 1 tablespoonCajun Spice Blend; 1 unitChicken Stock Concentrate; 2 tablespoonSour Cream; 4 teaspoonOlive Oil; unitSalt; unitPepper
Southwest Chicken and Peppers,Milk,Calories 780kcal,Fat 30g,Saturated Fat 11g,Carbohydrate 77g,Sugar 4g,Dietary Fiber 19g,Protein 44g,Cholesterol 155mg,Sodium 500mg,4 unitScallions; 2 unitLong Green Pepper; 20 ounceChicken Breast Strips; 2 teaspoonTurmeric; 2 unitChicken Stock Concentrate; 1 cupJasmine Rice; 26.8 ounceBlack Beans; 2 tablespoonSouthwest Spice Blend; 4 tablespoonSour Cream; 4 tablespoonButter; 2 teaspoonOlive Oil; 2 teaspoonVegetable Oil; Salt; Pepper
Southwest Chicken Sausage & Rice Skillet,Milk,Calories 780kcal,Fat 41g,Saturated Fat 18g,Carbohydrate 65g,Sugar 10g,Dietary Fiber 3g,Protein 36g,Cholesterol 180mg,Sodium 1590mg,1/2 cupJasmine Rice; 1 unitYellow Onion; 1 unitLong Green Pepper; 1 unitRoma Tomato; 1 unitLime; 4 tablespoonSour Cream; 9 ounceItalian Chicken Sausage Mix; 1 tablespoonSouthwest Spice Blend; 1 unitChicken Stock Concentrate; 1/2 cupPepper Jack Cheese; 1 teaspoonHot Sauce; 2 teaspoonVegetable Oil; 1 teaspoonOlive Oil; 1 tablespoonButter; Salt; Pepper
Southwest Chicken Sausage & Rice Skillet,Milk,Calories 780kcal,Fat 41g,Saturated Fat 18g,Carbohydrate 65g,Sugar 10g,Dietary Fiber 3g,Protein 37g,Cholesterol 175mg,Sodium 1580mg,1/2 cupJasmine Rice; 1 unitLime; 1 unitRoma Tomato; 1 unitYellow Onion; 1 unitLong Green Pepper; 4 tablespoonSour Cream; 9 ounceItalian Chicken Sausage Mix; 1 tablespoonSouthwest Spice Blend; 1 unitChicken Stock Concentrate; 1/2 cupMexican Cheese Blend; 1 teaspoonHot Sauce; 2 teaspoonVegetable Oil; 1 teaspoonOlive Oil; 1 tablespoonButter; Salt
Southwest Chicken Sausage and Rice Skillet,Milk,Calories 720kcal,Fat 43g,Saturated Fat 18g,Carbohydrate 65g,Sugar 9g,Dietary Fiber 3g,Protein 36g,Cholesterol 215mg,Sodium 1800mg,2 unitYellow Onion; 2 unitLong Green Pepper; 2 unitRoma Tomato; 2 unitLime; 18 ounceItalian Chicken Sausage; 2 tablespoonSouthwest Spice Blend; 1 cupJasmine Rice; 2 unitChicken Stock Concentrate; 8 tablespoonSour Cream; 1 cupPepper Jack Cheese; 2 teaspoonHot Sauce; 2 tablespoonVegetable Oil; 1 teaspoonOlive Oil; 2 tablespoonButter; Salt; Pepper
Southwest Chicken with Cilantro Chimichurri,,Calories 430kcal,Fat 15g,Saturated Fat2.5 g,Carbohydrate 44g,Sugar 10g,Dietary Fiber 7g,Protein 29g,Cholesterol 105mg,Sodium 360mg,4 unitSweet Potatoes; 2 unitGreen Bell Pepper; 2 unitLime; 4 cloveGarlic; 1/2 ounceCilantro; 1 tablespoonSouthwest Spice Blend; 20 ounceChicken Cutlets; 2 unitChicken Stock Concentrate; 1 tablespoonVegetable Oil; 2 tablespoonOlive Oil; Salt; Pepper
Southwest Plant-Based Protein over Rice,Soy; Tree Nuts; Wheat; Milk,Calories 670kcal,Fat 27g,Saturated Fat 11g,Carbohydrate 88g,Sugar 8g,Dietary Fiber 7g,Protein 16g,Cholesterol 65mg,Sodium 1290mg,3/4 cupJasmine Rice; 1 unitRed Onion; 1 unitLime; 1 unitPoblano Pepper; 1 unitRoma Tomato; 1/4 ounceCilantro; 9 ounceGround Plant-Based Protein; 1 tablespoonSouthwest Spice Blend; 1 unitTex-Mex Paste; 2 tablespoonSour Cream; Salt; Pepper; 1/2 teaspoonSugar; 1 tablespoonVegetable Oil; 1 tablespoonButter
Southwest Stuffed Poblanos,Milk,Calories 570kcal,Fat 23g,Saturated Fat 9g,Carbohydrate 63g,Sugar 17g,Dietary Fiber 12g,Protein 29g,Cholesterol 40mg,Sodium 550mg,2 unitPoblano Pepper; 1 unitRoma Tomato; 2 unitScallions; 1 unitLime; 1 unitVeggie Stock Concentrate; 1/2 cupQuinoa; 2 tablespoonSour Cream; 13.4 ounceCorn; 1 tablespoonSouthwest Spice Blend; 1/2 cupPepper Jack Cheese; 2 teaspoonVegetable Oil; Salt; Pepper
Southwest Tilapia,Fish; Milk,Calories 540kcal,Fat 18g,Saturated Fat 7g,Carbohydrate 57g,Sugar 7g,Dietary Fiber 3g,Protein 35g,Cholesterol 85mg,Sodium 130mg,1 unitCorn on the Cob; 1 unitCucumber; 1 unitRoma Tomato; 1 unitLime; 1/4 ounceCilantro; 1/2 cupJasmine Rice; 11 ounceTilapia; 1 tablespoonSouthwest Spice Blend; 2 tablespoonSour Cream; 1 tablespoonButter; 3 teaspoonVegetable Oil; Salt; Pepper
Southwestern Beef Tacos,Milk; Soy; Wheat,Calories 810kcal,Fat 49g,Saturated Fat 22g,Carbohydrate 51g,Sugar 10g,Dietary Fiber 3g,Protein 39g,Cholesterol 145mg,Sodium 1190mg,1 unitBell Pepper; 1 unitYellow Onion; 1 unitLime; 1 unitJalapeño; 4 tablespoonSour Cream; 1 tablespoonSouthwest Spice Blend; 10 ounceGround Beef; 6 unitFlour Tortillas; 1/2 cupPepper Jack Cheese; 1/4 ounceCilantro; 1/4 teaspoonSugar; 3 teaspoonVegetable Oil; Salt; Pepper
Southwestern Black Bean Cakes,Wheat; Milk,Calories 580kcal,Fat 25g,Saturated Fat 6g,Carbohydrate 62g,Sugar 11g,Dietary Fiber 31g,Protein 22g,Cholesterol 20mg,Sodium 230mg,1 boxBlack Beans; 1 unitRed Onion; 1 unitJalapeño; 1 unitCorn on the Cob; 1 unitRoma Tomato; 1 unitAvocado; 1/4 cupPanko Breadcrumbs; 4 tablespoonSour Cream; 2 ounceArugula; 1 teaspoonCumin; 1 teaspoonCayenne Pepper; 1 tablespoonBalsamic Vinegar; 1 unitLime; Salt; Pepper; 1 tablespoonOlive Oil
Southwestern Black Bean Chili,,,,,,,,,,,More delicious recipes with similar ingredientsChicken with yogurt dressing and wild ricePork Chops with Fennel SaladBeef and noodlesGrilled Vegetable TostadasSalmon Steaks with Hoisin GlazePortobello Mushroom BurgerParmesan Chicken with Roasted Parsnips and CarrotsLean and Green PastaBurger with Caramelized Onions and BaconWonton Shrimp and Noodle SoupWild Rice Stuffed SquashSquash and Chickpea StewPork Kimchee with NoodlesScallop and Bacon FettucineCoconut Chicken SoupFresh Tomato Pasta SaladSeared Steak with Sweet Potato Puree and BroccoliniTofu Potato ScrambleVegetable GumbooLamb Tacos; Chicken with yogurt dressing and wild ricePork Chops with Fennel SaladBeef and noodlesGrilled Vegetable TostadasSalmon Steaks with Hoisin GlazePortobello Mushroom BurgerParmesan Chicken with Roasted Parsnips and CarrotsLean and Green PastaBurger with Caramelized Onions and BaconWonton Shrimp and Noodle SoupWild Rice Stuffed SquashSquash and Chickpea StewPork Kimchee with NoodlesScallop and Bacon FettucineCoconut Chicken SoupFresh Tomato Pasta SaladSeared Steak with Sweet Potato Puree and BroccoliniTofu Potato ScrambleVegetable GumbooLamb Tacos; Chicken with yogurt dressing and wild rice; Pork Chops with Fennel Salad; Beef and noodles; Grilled Vegetable Tostadas; Salmon Steaks with Hoisin Glaze; Portobello Mushroom Burger; Parmesan Chicken with Roasted Parsnips and Carrots; Lean and Green Pasta; Burger with Caramelized Onions and Bacon; Wonton Shrimp and Noodle Soup; Wild Rice Stuffed Squash; Squash and Chickpea Stew; Pork Kimchee with Noodles; Scallop and Bacon Fettucine; Coconut Chicken Soup; Fresh Tomato Pasta Salad; Seared Steak with Sweet Potato Puree and Broccolini; Tofu Potato Scramble; Vegetable Gumboo; Lamb Tacos
Southwestern Black Bean Chili with Cheddar and Sour Cream,Milk,Calories 484kcal,Fat 16g,Saturated Fat 7g,Carbohydrate 56g,Sugar 13g,Dietary Fiber 25g,Protein 26g,,Sodium 753mg,1 unitYellow Onion; 1 unitRed Bell Pepper; 2 cloveGarlic; 1/4 ounceOregano; 2 ounceCheddar Cheese; 1 ounceSour Cream; 13.4 ounceBlack Beans; 14 ounceDiced Tomatoes; 1 teaspoonChili Powder; 1 teaspoonCumin; 1 teaspoonOlive Oil; boxSalt; boxPepper
