Title,Allergens,Calories,Fat,Saturated Fat,Carbohydrate,Sugar,Dietary Fiber,Protein,Cholesterol,Sodium,Ingredients
Tacos al Pastor,Soy; Wheat; Milk,Calories 610kcal,Fat 18g,Saturated Fat 7g,Carbohydrate 73g,Sugar 12g,Dietary Fiber 5g,Protein 37g,Cholesterol 20mg,Sodium 1060mg,1 unitPoblano Pepper; 1 unitWhite Onion; 4 ouncePineapple; 1 unitLime; 1/4 ounceCilantro; 8 ounceVeggie Chorizo Crumbles; 1 teaspoonSouthwest Spice Blend; 1 teaspoonChipotle Powder; 6 unitFlour Tortillas; 4 tablespoonSour Cream; 2 teaspoonVegetable Oil; Salt; Pepper
Tacos with Sole,Fish; Wheat; Milk,Calories 770kcal,Fat 39g,Saturated Fat 10g,Carbohydrate 60g,Sugar 4g,Dietary Fiber 8g,Protein 42g,Cholesterol 100mg,Sodium 660mg,12 ounceSole; 1 tablespoonFlour; 1 tablespoonBlackening Spice; 3 unitRadishes; 1 unitAvocado; 1 unitLime; 4 ounceShredded Red Cabbage; 4 tablespoonSour Cream; 6 unitFlour Tortilla; 2 tablespoonVegetable Oil; unitSalt; unitPepper
Tandoori Chicken,Milk,Calories 616kcal,Fat 19g,,Carbohydrate 62g,,Dietary Fiber 8g,Protein 52g,,Sodium 817mg,12 ounceChicken Thighs; 5.3 ounceYogurt; 1 unitLime; 2 unitScallions; 1 unitRoma Tomato; 1/4 ounceCilantro; 1/2 cupBasmati Rice; 1 unitVeggie Stock Concentrate; 1 unitApple; 1 tablespoonTandoori Spice; 2 tablespoonOlive Oil
Tangy Beef Stir-Fry,Soy; Wheat; Eggs,Calories 586kcal,Fat 14g,Saturated Fat 3g,Carbohydrate 74g,Sugar 9g,Dietary Fiber 6g,Protein 43g,Cholesterol 75mg,Sodium 1023mg,16 ounceBeef Sirloin Tips; 4 unitScallions; 2 cloveGarlic; 2 tablespoonCornstarch; 1 thumbGinger; 16 ounceYakisoba Noodles; 1 unitKetchup; 4 tablespoonSoy Sauce; 2 jarHoisin Sauce Jar; 16 ounceBroccoli Florets; 2 tablespoonOlive Oil; unitSalt; unitPepper
Tangy Fig Chicken for Dinner,Milk; Soy; Wheat,Calories 670kcal,Fat 32g,Saturated Fat 15g,Carbohydrate 66g,Sugar 26g,Dietary Fiber 10g,Protein 31g,Cholesterol 160mg,Sodium 420mg,12 ounceYukon Gold Potatoes; 4 unitCarrots; 4 unitScallions; 1 unitShallot; 1 unitLime; 6 tablespoonSour Cream; 20 ounceChicken Cutlets; 1 tablespoonBlackening Spice; 5 teaspoonBalsamic Vinegar; 1 unitChicken Stock Concentrate; 2 tablespoonFig Jam; 4 ounceShredded Red Cabbage; 6 unitFlour Tortillas; 1/2 cupMonterey Jack Cheese; 1 teaspoonHot Sauce; 3 tablespoonButter; 4 teaspoonVegetable Oil; 1/2 teaspoonSugar; Salt; Pepper
Tangy Tropical Chicken,Milk,Calories 650kcal,Fat 25g,Saturated Fat 9g,Carbohydrate 72g,Sugar 19g,Dietary Fiber 4g,Protein 34g,Cholesterol 130mg,Sodium 220mg,1 unitBell Pepper; 1 unitShallot; 1 thumbGinger; 1/4 ounceCilantro; 1 unitLime; 1/2 cupJasmine Rice; 10 ounceChicken Cutlets; 4 ouncePineapple; 1 ounceSweet Thai Chili Sauce; Salt; Pepper; 4 teaspoonVegetable Oil; 2 tablespoonButter
Taqueria Pork Bowls,Eggs; Milk,Calories 900kcal,Fat 51g,Saturated Fat 17g,Carbohydrate 70g,Sugar 13g,Dietary Fiber 4g,Protein 33g,Cholesterol 140mg,Sodium 990mg,1/2 cupJasmine Rice; 2 tablespoonMayonnaise; 13.4 ounceCorn; 1 tablespoonSouthwest Spice Blend; 1/4 cupMonterey Jack Cheese; 1 teaspoonHot Sauce; 1 unitLime; 1 teaspoonChili Powder; 10 ounceGround Pork; 1 unitBeef Stock Concentrate; 4 tablespoonSour Cream; 1/4 ounceCilantro; Salt; Pepper; 2 teaspoonVegetable Oil
Tarragon Chicken & Wheat Berry Salad,Tree Nuts; Eggs; Wheat,Calories 647kcal,Fat 22g,,Carbohydrate 80g,,Dietary Fiber 10g,Protein 43g,,,2 unitChicken Breasts; 3 unitRadishes; 1 ounceAlmonds; 2 tablespoonMayonnaise; 1 sprigTarragon; 3/4 cupWheat Berries; 1 ounceCherries; 4 ounceArugula; 2 unitScallions; 1 unitLemon; unitSalt; unitPepper; 2 tablespoonOlive Oil
Tater-Topped Pot Pie,Milk; Wheat,Calories 680kcal,Fat 24g,Saturated Fat 9g,Carbohydrate 58g,Sugar 10g,Dietary Fiber 10g,Protein 58g,Cholesterol 145mg,Sodium 630mg,12 ounceYukon Gold Potatoes; 1 unitYellow Onion; 4 ounceButton Mushrooms; 12 ounceChicken Breasts; 1 unitChicken Stock Concentrate; 4 tablespoonSour Cream; 1/2 cupCheddar Cheese; 1/2 cupPanko Breadcrumbs; 4 ouncePeas; 3 teaspoonVegetable Oil; unitSalt; unitPepper
Tempura Chicken Fingers & Dipping Sauce,Eggs; Milk; Wheat; Soy,Calories 800kcal,Fat 30g,Saturated Fat 11g,Carbohydrate 93g,Sugar 22g,Dietary Fiber 5g,Protein 38g,Cholesterol 135mg,Sodium 2070mg,1 unitLime; 82 gTempura Mix; 1/2 cupJasmine Rice; 1 teaspoonSriracha; 6 ounceGreen Beans; 10 ounceChicken Cutlets; 4 tablespoonSweet Soy Glaze; Vegetable Oil; 2 tablespoonButter; Salt; Pepper
Tempura Fish Tacos,Fish; Wheat; Milk,Calories 814kcal,Fat 44g,,Carbohydrate 62g,,Dietary Fiber 9g,Protein 46g,,,Ingredientsserving amount242 unitTilapia1 unitAvocado1 unitLime⅓ cupRice Flour2 unitScallions3 unitRadishes1 bunchCilantro4 unitFlour Tortilla1 canSeltzer Water1/2 cupSour Cream1 tablespoonOld Bay Seasoning4 ounceShredded Red Cabbage; 2 unitTilapia; 1 unitAvocado; 1 unitLime; ⅓ cupRice Flour; 2 unitScallions; 3 unitRadishes; 1 bunchCilantro; 4 unitFlour Tortilla; 1 canSeltzer Water; 1/2 cupSour Cream; 1 tablespoonOld Bay Seasoning; 4 ounceShredded Red Cabbage
Tempura Green Bean Bowls,Soy; Wheat; Milk; Eggs,Calories 830kcal,Fat 40g,Saturated Fat 7g,Carbohydrate 110g,Sugar 11g,Dietary Fiber 10g,Protein 13g,Cholesterol 25mg,Sodium 2400mg,3/4 cupJasmine Rice; 1 unitLime; 2 tablespoonSoy Sauce; 2 tablespoonSour Cream; 1 unitAvocado; 82 gTempura Mix; 5 teaspoonWhite Wine Vinegar; 1 unitPersian Cucumber; 2 unitScallions; 2 tablespoonMayonnaise; 1 teaspoonSriracha; 1 teaspoonKorean Chili Flakes; 6 ounceGreen Beans; 1 tablespoonSesame Seeds; Vegetable Oil; 1.5 teaspoonSugar; Salt; Pepper
Teriyaki Beef & Broccoli,Soy; Milk,Calories 720kcal,Fat 23g,Saturated Fat 7g,Carbohydrate 91g,Sugar 20g,Dietary Fiber 5g,Protein 39g,Cholesterol 100mg,Sodium 1190mg,8 ounceBroccoli Florets; 1 thumbGinger; 1 unitLime; 1 unitChili Pepper; 3/4 cupJasmine Rice; 10 ounceDiced Steak; 4 ounceTeriyaki Sauce; 1 unitRed Onion; 4 teaspoonVegetable Oil; Salt; Pepper; 1 tablespoonButter
Teriyaki Chicken Stir-Fry,Soy; Wheat,Calories 720kcal,Fat 27g,Saturated Fat4.5 g,Carbohydrate 88g,Sugar 17g,Dietary Fiber 5g,Protein 34g,Cholesterol 115mg,Sodium 900mg,1 thumbGinger; 2 cloveGarlic; 2 unitScallions; 1 unitLime; 3/4 cupJasmine Rice; 6 ounceSugar Snap Peas; 1 teaspoonSesame Oil; 1 tablespoonSesame Seeds; 10 ounceChicken Breast Strips; 3 tablespoonSoy Sauce; 1 tablespoonWhite Wine Vinegar; 1/2 teaspoonCornstarch; 4 teaspoonVegetable Oil; 2 tablespoonSugar; Salt; Pepper
Teriyaki Chicken Stir-Fry,Soy; Milk,Calories 760kcal,Fat 24g,Saturated Fat 6g,Carbohydrate 64g,Sugar 20g,Dietary Fiber 5g,Protein 72g,Cholesterol 215mg,Sodium 1120mg,2 unitYellow Onion; 20 ounceChicken Breast Strips; 1 tablespoonSesame Seeds; 16 ounceSnow Peas; 8 ounceTeriyaki Sauce; 2 packMicrowaveable Jasmine Rice; 2 tablespoonOlive Oil; 2 tablespoonButter; Salt; Pepper
Teriyaki Chicken Tacos,Milk; Soy; Wheat,Calories 730kcal,Fat 28g,Saturated Fat 9g,Carbohydrate 65g,Sugar 27g,Dietary Fiber 5g,Protein 37g,Cholesterol 110mg,Sodium 2210mg,1 unitRed Onion; 5 teaspoonRed Wine Vinegar; 1 teaspoonSriracha; 2 tablespoonSour Cream; 4 ounceShredded Red Cabbage; 10 ounceChicken Breast Strips; 8 tablespoonTeriyaki Sauce; 1 tablespoonSesame Seeds; 6 unitFlour Tortillas; 1 teaspoonSugar; 1 tablespoonVegetable Oil; Salt; Pepper
Teriyaki Chicken Tenders,Soy; Wheat,Calories 640kcal,Fat 15g,Saturated Fat 3g,Carbohydrate 85g,Sugar 15g,Dietary Fiber 4g,Protein 44g,Cholesterol 105mg,Sodium 860mg,1 thumbGinger; 4 cloveGarlic; 2 unitScallions; 1 unitLime; 1.5 cupJasmine Rice; 12 ounceGreen Beans; 2 teaspoonSesame Oil; 1 tablespoonSesame Seeds; 24 ounceChicken Tenders; 6 tablespoonSoy Sauce; 2 tablespoonWhite Wine Vinegar; 1 teaspoonCornstarch; 6 teaspoonVegetable Oil; 1/4 cupSugar; Salt; Pepper
Teriyaki- Glazed Meatballs with Crunchy Cabbage Slaw and Basmati Rice,Soy; Wheat,Calories 650kcal,Fat 17g,Saturated Fat 5g,Carbohydrate 89g,Sugar 38g,Dietary Fiber 7g,Protein 37g,,Sodium 1292mg,10 ounceGround Beef; 2 unitScallions; 9 teaspoonSoy Sauce; 1 ounceHoney; 1 tablespoonHoisin Sauce; 1/4 cupPanko Breadcrumbs; 1 teaspoonCornstarch; 4 ounceShredded Red Cabbage; 6 ounceCarrots; 1/2 cupBasmati Rice; 2 tablespoonWhite Wine Vinegar; 1 thumbGinger; 1 tablespoonOlive Oil
Teriyaki Pork Chops,Soy; Milk,Calories 670kcal,Fat 25g,Saturated Fat 8g,Carbohydrate 77g,Sugar 25g,Dietary Fiber 5g,Protein 40g,Cholesterol 85mg,Sodium 1790mg,12 ounceCarrots; 1 thumbGinger; 2 unitScallions; 1 tablespoonSesame Seeds; 1/2 cupJasmine Rice; 12 ouncePork Chops; 8 tablespoonTeriyaki Sauce; 1 teaspoonOlive Oil; 2 teaspoonVegetable Oil; 1 tablespoonButter; Salt; Pepper
Teriyaki Salmon,Fish; Soy,Calories 740kcal,Fat 26g,Saturated Fat4.5 g,Carbohydrate 87g,Sugar 17g,Dietary Fiber 5g,Protein 38g,Cholesterol 85mg,Sodium 1080mg,1 thumbGinger; 2 unitScallions; 1 unitLime; 6 ounceGreen Beans; 3/4 cupJasmine Rice; 10 ounceSkin-on Salmon; 4 ounceTeriyaki Sauce; 1 tablespoonSesame Seeds; 4 teaspoonOlive Oil; Salt; Pepper
Teriyaki Steak,Milk; Soy,Calories 700kcal,Fat 35g,Saturated Fat 14g,Carbohydrate 57g,Sugar 21g,Dietary Fiber 7g,Protein 38g,Cholesterol 130mg,Sodium 1390mg,8 ounceBroccoli Florets; 12 ounceYukon Gold Potatoes; 1 thumbGinger; 2 tablespoonSour Cream; 1 teaspoonWasabi Paste; 1 tablespoonSesame Seeds; 10 ounceSteak; 8 tablespoonTeriyaki Sauce; 2 teaspoonOlive Oil; 2 teaspoonVegetable Oil; 2 tablespoonButter; Salt; Pepper
Tex Mex Risotto,Milk,Calories 517kcal,Fat 16g,,Carbohydrate 79g,,Dietary Fiber 6g,Protein 16g,,Sodium 377mg,3/4 cupArborio Rice; 1 teaspoonCumin; 1/2 ounceCilantro; 2 cloveGarlic; 1 unitShallot; 1 unitJalapeño; 1 unitCorn on the Cob; 1 unitRed Bell Pepper; 1 unitVeggie Stock Concentrate; 1/2 cupMonterey Jack Cheese; 1 tablespoonOlive Oil
Tex-Mex Beef & Poblano Enchiladas,Milk; Soy; Wheat,Calories 910kcal,Fat 51g,Saturated Fat 22g,Carbohydrate 74g,Sugar 10g,Dietary Fiber 5g,Protein 40g,Cholesterol 135mg,Sodium 2040mg,1 unitRoma Tomato; 1 unitPoblano Pepper; 2 unitScallions; 1 unitLime; 2 tablespoonSour Cream; 10 ounceGround Beef; 1 tablespoonSouthwest Spice Blend; 1.5 ounceTomato Paste; 6 unitFlour Tortillas; 1/2 cupMexican Cheese Blend; 1 unitTex-Mex Paste; 1 tablespoonVegetable Oil; Salt; Pepper
Tex-Mex Cheese-Stuffed Burgers,Milk; Eggs; Soy; Wheat,Calories 890kcal,Fat 48g,Saturated Fat 19g,Carbohydrate 64g,Sugar 11g,Dietary Fiber 6g,Protein 39g,Cholesterol 140mg,Sodium 700mg,12 ounceYukon Gold Potatoes; 1 unitRoma Tomato; 1/4 ounceCilantro; 1 tablespoonSouthwest Spice Blend; 4 tablespoonSour Cream; 1 teaspoonHot Sauce; 10 ounceGround Beef; 1/4 cupMonterey Jack Cheese; 2 unitPotato Buns; 4 teaspoonVegetable Oil; 1 teaspoonOlive Oil; Salt; Pepper
Tex-Mex Pork Enchilada Bowls,Milk,Calories 840kcal,Fat 49g,Saturated Fat 22g,Carbohydrate 61g,Sugar 9g,Dietary Fiber 4g,Protein 35g,Cholesterol 160mg,Sodium 1280mg,1 unitRed Onion; 1 unitLong Green Pepper; 1 unitRoma Tomato; 1 unitLime; 4 tablespoonSour Cream; 1 tablespoonSouthwest Spice Blend; 1/2 cupJasmine Rice; 10 ounceGround Pork; 1 unitTex-Mex Paste; 1/2 cupPepper Jack Cheese; 2 teaspoonVegetable Oil; 1 tablespoonButter; Salt; Pepper
Tex-Mex Pork Enchilada Bowls,Milk,Calories 800kcal,Fat 45g,Saturated Fat 18g,Carbohydrate 64g,Sugar 9g,Dietary Fiber 4g,Protein 30g,Cholesterol 140mg,Sodium 1190mg,1 unitYellow Onion; 1 unitLong Green Pepper; 1 unitRoma Tomato; 1 unitLime; 4 tablespoonSour Cream; 1 tablespoonSouthwest Spice Blend; 1/2 cupJasmine Rice; 10 ounceGround Pork; 1 unitTex-Mex Paste; 1/4 cupMonterey Jack Cheese; 2 teaspoonVegetable Oil; 1 tablespoonButter; Salt; Pepper
Tex-Mex Shrimp & Yellow Rice,Milk; Shellfish,Calories 620kcal,Fat 29g,Saturated Fat 12g,Carbohydrate 60g,Sugar 7g,Dietary Fiber 5g,Protein 24g,Cholesterol 265mg,Sodium 1990mg,1/2 cupJasmine Rice; 1 teaspoonTurmeric; 1 unitPoblano Pepper; 1/4 ounceCilantro; 4 tablespoonSour Cream; 2 cloveGarlic; 1 unitChicken Stock Concentrate; 10 ounceShrimp; 1 unitRoma Tomato; 1 unitLime; 1 unitTex-Mex Paste; 1 unitYellow Onion; 2 teaspoonVegetable Oil; 1 teaspoonOlive Oil; 2 tablespoonButter; Salt; Pepper
Tex-Mex Tilapia,Wheat; Fish; Milk,Calories 630kcal,Fat 24g,Saturated Fat 7g,Carbohydrate 62g,Sugar 6g,Dietary Fiber 4g,Protein 40g,Cholesterol 90mg,Sodium 420mg,1 unitVeggie Stock Concentrate; 1/4 ounceCilantro; 1 unitLime; 1/2 cupPanko Breadcrumbs; 1 tablespoonSouthwest Spice Blend; 1/2 cupCouscous; 11 ounceTilapia; 6 tablespoonSour Cream; 1 teaspoonChipotle Powder; 6 ounceGreen Beans; 2 tablespoonVegetable Oil; Salt; Pepper
Tex-Mex Turkey Bowls,Milk; Soy,Calories 660kcal,Fat 29g,Saturated Fat 9g,Carbohydrate 70g,Sugar 13g,Dietary Fiber 4g,Protein 33g,Cholesterol 125mg,Sodium 1060mg,1 unitRed Onion; 1 unitLong Green Pepper; 1/4 ounceCilantro; 4 ouncePineapple; 1 unitLime; 1/2 cupJasmine Rice; 1 tablespoonSouthwest Spice Blend; 10 ounceGround Turkey; 1 unitTex-Mex Paste; 2 tablespoonSmoky Red Pepper Crema; Salt; Pepper; 2 teaspoonVegetable Oil; 1 tablespoonButter
Thai Basil Beef Bowls,Fish; Soy; Wheat; Eggs; Peanuts; Milk,Calories 870kcal,Fat 48g,Saturated Fat 16g,Carbohydrate 79g,Sugar 9g,Dietary Fiber 4g,Protein 34g,Cholesterol 130mg,Sodium 840mg,3/4 cupJasmine Rice; 1 unitShallot; 1 unitBell Pepper; 1 thumbGinger; 1 unitLime; 1/2 ounceThai Basil; 24 millilitersPonzu Sauce; 10 ounceGround Beef; 1 unitMushroom Stock Concentrate; 2 tablespoonMayonnaise; 1 teaspoonSriracha; 1/2 ouncePeanuts; 2 teaspoonVegetable Oil; 1 teaspoonSugar; 1 tablespoonButter; Salt; Pepper
Thai Basil Chicken Stir-Fry,Soy; Wheat; Milk,Calories 630kcal,Fat 21g,Saturated Fat 7g,Carbohydrate 80g,Sugar 31g,Dietary Fiber 4g,Protein 35g,Cholesterol 105mg,Sodium 1350mg,1/2 cupJasmine Rice; 6 ounceGreen Beans; 1/2 ounceThai Basil; 1 unitLime; 1 unitChili Pepper; 1 tablespoonCornstarch; 4 tablespoonSweet Soy Glaze; 2 tablespoonSweet Thai Chili Sauce; 10 ounceChicken Breast Strips; 1 teaspoonGarlic Powder; 1 tablespoonVegetable Oil; 1 tablespoonButter; Salt; Pepper
Thai Beef Satay,Soy; Wheat; Peanuts,Calories 669kcal,Fat 28g,Saturated Fat 7g,Carbohydrate 64g,Sugar 13g,Dietary Fiber 5g,Protein 47g,,Sodium 378mg,24 ounceSirloin Steak; 8 unitWooden Skewers; 9 teaspoonSoy Sauce; 2 unitLime; 16 ounceBroccoli Florets; 1 cupJasmine Rice; 2 unitPeanut Butter; 4 unitScallions; 4 cloveGarlic; boxSalt; boxPepper; boxOlive Oil; boxSugar
Thai Beef Skewers aka Satay,Soy; Wheat; Peanuts,Calories 668kcal,Fat 25g,Saturated Fat 6g,Carbohydrate 62g,Sugar 12g,Dietary Fiber 5g,Protein 51g,Cholesterol 111mg,Sodium 648mg,12 ounceBeef Sirloin Tips; 4 unitWooden Skewers; 1 ounceSoy Sauce; 1 unitLime; 8 ounceBroccoli Florets; 1/2 cupJasmine Rice; 2 unitPeanut Butter; 2 unitScallions; 2 cloveGarlic; unitSalt; unitPepper; 4 teaspoonOlive Oil; 4 teaspoonSugar
Thai Beef Stir-Fry,Tree Nuts,Calories 650kcal,Fat 24g,Saturated Fat 11g,Carbohydrate 70g,Sugar 6g,Dietary Fiber 7g,Protein 40g,,Sodium 155mg,10 ounceGround Beef; 3/4 cupCoconut Milk; 1 unitRed Bell Pepper; 6 ounceGreen Beans; 3/4 cupBasmati Rice; 1 unitLime; 2 unitScallions; 1/2 ounceBasil; 1 unitSerrano Pepper; 1 teaspoonThai Seasoning Blend; 2 cloveGarlic; unitSalt; unitPepper; 2 teaspoonOlive Oil
Thai Beef with Carrot Noodles and Sriracha Peanut Sauce,Peanuts; Soy; Wheat,Calories 557kcal,Fat 30g,,Carbohydrate 38g,,Dietary Fiber 11g,Protein 37g,,,10 ounceGround Beef; 2 unitScallions; 2 cloveGarlic; 1 unitVeggie Stock Concentrate; 6 ounceGreen Beans; 2 unitCarrots; 1 tablespoonSriracha; 2 tablespoonPeanut Butter; 1 teaspoonCoriander; 1/2 ounceCilantro; 1 teaspoonSoy Sauce; 1 tablespoonOlive Oil
Thai Coconut Curry Chicken,Tree Nuts; Milk,Calories 730kcal,Fat 38g,Saturated Fat 17g,Carbohydrate 66g,Sugar 16g,Dietary Fiber 3g,Protein 32g,Cholesterol 115mg,Sodium 580mg,1/2 cupJasmine Rice; 1 unitBell Pepper; 1 unitLime; 1/4 ounceCilantro; 1 unitChili Pepper; 10 ounceChicken Breast Strips; 1 tablespoonCurry Powder; 1 unitCoconut Milk; 1 ounceSweet Thai Chili Sauce; 1 unitChicken Stock Concentrate; 4 teaspoonVegetable Oil; 1 teaspoonSugar; 1 tablespoonButter; Salt; Pepper
Thai Coconut Pork Meatballs,Tree Nuts; Wheat; Peanuts; Fish; Soy; Milk,Calories 940kcal,Fat 51g,Saturated Fat 22g,Carbohydrate 85g,Sugar 16g,Dietary Fiber 4g,Protein 31g,Cholesterol 110mg,Sodium 900mg,1 thumbGinger; 1 unitLime; 5.07 ounceCoconut Milk; 1/4 cupPanko Breadcrumbs; 6 ounceGreen Beans; 1/2 ouncePeanuts; 2 unitScallions; 3/4 cupJasmine Rice; 10 ounceGround Pork; 6 millilitersPonzu Sauce; 1 ounceSweet Thai Chili Sauce; 2 teaspoonVegetable Oil; 1 teaspoonSugar; 1 tablespoonButter; Salt; Pepper
Thai Ginger Curry,Tree Nuts; Peanuts; Milk,Calories 620kcal,Fat 34g,Saturated Fat 15g,Carbohydrate 75g,Sugar 20g,Dietary Fiber 6g,Protein 10g,Cholesterol 15mg,Sodium 400mg,1/2 cupJasmine Rice; 1 unitBell Pepper; 6 ounceGreen Beans; 1 unitShallot; 1 thumbGinger; 1 unitLime; 1/2 ounceThai Basil; 1 tablespoonCurry Powder; 5.07 ounceCoconut Milk; 2 tablespoonSweet Thai Chili Sauce; 1 unitVeggie Stock Concentrate; 1/2 ouncePeanuts; 4 teaspoonVegetable Oil; 1 teaspoonSugar; 1 tablespoonButter; Salt; Pepper
Thai Lemongrass Chicken Legs,Soy; Wheat; Fish,Calories 900kcal,Fat 37g,Saturated Fat 9g,Carbohydrate 102g,Sugar 27g,Dietary Fiber 5g,Protein 41g,Cholesterol 180mg,Sodium 860mg,2 cloveGarlic; 1 unitLemongrass; 2 unitLime; 8 ounceSnow Peas; 16 ounceChicken Legs; 3/4 cupJasmine Rice; 2 tablespoonSoy Sauce; 1 ounceHoney; 1 teaspoonFish Sauce; 1 teaspoonSriracha; 1/4 ounceCilantro; 2 teaspoonVegetable Oil; 1 tablespoonSugar; Salt; Pepper
Thai Pork Meatballs,Soy; Wheat; Eggs,Calories 760kcal,Fat 30g,Saturated Fat 7g,Carbohydrate 86g,Sugar 10g,Dietary Fiber 7g,Protein 36g,Cholesterol 81mg,Sodium 1493mg,8 ounceGround Pork; 2 unitScallions; 1 ounceSoy Sauce; 2 cloveGarlic; 16 ounceYakisoba Noodles; 6 ounceGreen Beans; 1 unitChili Pepper; 1 jarHoney; 1 unitLime; 1 tablespoonSesame Oil; 1 teaspoonThai Seasoning Blend; 1 tablespoonOlive Oil; unitSalt; unitPepper
Thai Pork Stir-Fry,Soy; Wheat,Calories 670kcal,Fat 36g,Saturated Fat 11g,Carbohydrate 58g,Sugar 11g,Dietary Fiber 5g,Protein 28g,Cholesterol 90mg,Sodium 660mg,12 ounceGreen Beans; 1 thumbGinger; 4 unitScallions; 4 cloveGarlic; 2 unitBell Pepper; 1/4 ounceMint; 1 cupBasmati Rice; 20 ounceGround Pork; 4 tablespoonSoy Sauce; 1 ounceHoney; 8 teaspoonVegetable Oil; Salt; Pepper
Thai Pork Stir-Fry,Soy; Wheat,Calories 582kcal,Fat 22g,Saturated Fat 5g,Carbohydrate 63g,Sugar 13g,Dietary Fiber 6g,Protein 38g,Cholesterol 88mg,Sodium 1003mg,1/2 cupBasmati Rice; 1/4 ounceMint; 2 cloveGarlic; 6 ounceGreen Beans; 1 unitRed Bell Pepper; 10 ounceGround Pork; 6 teaspoonSoy Sauce; 2 unitScallions; 1 thumbGinger; 1 jarHoney; 4 teaspoonOlive Oil; unitSalt; unitPepper
Thai Pork Stir-Fry,Soy; Wheat,Calories 644kcal,Fat 31g,Saturated Fat 9g,Carbohydrate 57g,Sugar 11g,Dietary Fiber 5g,Protein 36g,Cholesterol 88mg,Sodium 1040mg,1/2 cupBasmati Rice; 1/4 ounceMint; 2 cloveGarlic; 6 ounceGreen Beans; 1 unitRed Bell Pepper; 10 ounceGround Pork; 1 ounceSoy Sauce; 2 unitScallions; 1 thumbGinger; 1/2 ounceHoney; 4 teaspoonVegetable Oil; unitSalt; unitPepper
Thai-Spiced Pork and Rice Noodle Stir-Fry,Soy; Wheat; Peanuts,Calories 850kcal,Fat 42g,Saturated Fat 9g,Carbohydrate 87g,Sugar 8g,Dietary Fiber 7g,Protein 33g,Cholesterol 75mg,Sodium 780mg,8 ounceGround Pork; 1/2 ounceSoy Sauce; 1 unitLime; 4 ounceShredded Red Cabbage; 2 unitScallions; 1 tablespoonSesame Oil; 6 ounceWide Rice Noodles; 6 ounceMini Bell Peppers; 1 unitPork Ramen Stock Concentrate; 1 ouncePeanuts; 1 teaspoonThai Seasoning Blend; 1 tablespoonVegetable Oil; unitSalt; unitPepper
Thai-Spiced Pork Meatballs,Soy; Wheat; Eggs,Calories 830kcal,Fat 46g,Saturated Fat 12g,Carbohydrate 71g,Sugar 8g,Dietary Fiber 5g,Protein 36g,Cholesterol 90mg,Sodium 1070mg,2 cloveGarlic; 1 unitChili Pepper; 2 unitScallions; 8 ounceBroccoli Florets; 1 unitLime; 10 ounceGround Pork; 1 teaspoonThai Seasoning Blend; 8 ounceYakisoba Noodles; 3 tablespoonSoy Sauce; 1/2 tablespoonHoney; 1 tablespoonSesame Oil; 4 teaspoonVegetable Oil; Salt; Pepper
The Boss Burger,Milk; Eggs; Soy; Wheat,Calories 1360kcal,Fat 83g,Saturated Fat 31g,Carbohydrate 97g,Sugar 19g,Dietary Fiber 5g,Protein 51g,Cholesterol 195mg,Sodium 3050mg,1 unitYellow Onion; 1 unitDill Pickle; 1 unitLemon; 4 tablespoonSour Cream; 2 tablespoonKetchup; 2 teaspoonDijon Mustard; 1 teaspoonGarlic Powder; 2 unitPotato Buns; 10 ounceGround Beef; 4 ounceBacon; 82 gTempura Mix; 1 tablespoonFry Seasoning; 1/2 cupPepper Jack Cheese; 2 ounceMixed Greens; 1 teaspoonOlive Oil; 1 teaspoonSugar; 1 teaspoonVegetable Oil; Salt; Pepper
The Great Caper: Cod Piccata,Fish; Wheat; Milk,Calories 590kcal,Fat 20g,Saturated Fat 9g,Carbohydrate 68g,Sugar 5g,Dietary Fiber 8g,Protein 39g,Cholesterol 112mg,Sodium 429mg,12 ounceCod Fillets; 1 unitShallot; 1 ounceCapers; 3/4 cupIsraeli Couscous; 1 unitVeggie Stock Concentrate; 1/4 ounceThyme; 5 ounceSpinach; 1 unitLemon; unitSalt; unitPepper; 2 tablespoonButter; 1 tablespoonOlive Oil
The Icon Burger,Milk; Wheat; Soy; Eggs,Calories 976kcal,Fat 65g,Saturated Fat 24g,Carbohydrate 54g,Sugar 11g,Dietary Fiber 5g,Protein 45g,Cholesterol 159mg,Sodium 1476mg,12 ounceShort Rib Burger Blend; 2 sliceCheddar Cheese; 1 unitDill Pickle; 3 leavesGreen Leaf Lettuce; 2 bunPotato Bun; 1 tablespoonYellow Mustard; 1 unitKetchup; 1 jarMayonnaise; 1 unitZucchini; 1/4 cupPanko Breadcrumbs; 1 unitRed Onion; 2 teaspoonOlive Oil; unitSalt; unitPepper
The Pat LaFrieda Burger,Wheat; Eggs,Calories 820kcal,Fat 49g,Saturated Fat 14g,Carbohydrate 59g,Sugar 12g,Dietary Fiber 6g,Protein 37g,Cholesterol 115mg,Sodium 450mg,10 ounceCauliflower Florets; 1/4 cupPanko Breadcrumbs; 1 unitRed Onion; 1 cloveGarlic; 1 tablespoonBalsamic Vinegar; 1 teaspoonDried Oregano; 1 tablespoonMayonnaise; 2 unitBrioche Buns; 10 ouncePat LaFrieda Hamburger Blend; 4 teaspoonVegetable Oil; Salt; Pepper
Three-Cheese Tagliatelle Alfredo,Wheat; Eggs; Milk,Calories 790kcal,Fat 50g,Saturated Fat 23g,Carbohydrate 80g,Sugar 10g,Dietary Fiber 7g,Protein 34g,Cholesterol 105mg,Sodium 600mg,8 ounceBroccoli Florets; 2 unitScallions; 2 cloveGarlic; 6 ounceTagliatelle; 1 tablespoonTuscan Heat Spice; 4 tablespoonCream Cheese; 4 ounceYogurt; 1/2 cupItalian Cheese Blend; 1/4 cupParmesan Cheese; 2 teaspoonOlive Oil; 2 tablespoonButter; Salt; Pepper
Thyme and Honey Pork Chops,Wheat,Calories 520kcal,Fat 14g,Saturated Fat 3g,Carbohydrate 55g,Sugar 13g,Dietary Fiber 4g,Protein 44g,Cholesterol 90mg,Sodium 290mg,1 unitShallot; 1 unitPeach; 1/4 ounceThyme; 1 teaspoonHoney; 3 teaspoonBalsamic Vinegar; 1/2 cupCouscous; 12 ouncePork Chops; 1 unitVeggie Stock Concentrate; 2 ounceArugula; 4 teaspoonOlive Oil; Salt; Pepper
Thyme Gravy Pork Chops,Wheat; Milk,Calories 480kcal,Fat 17g,Saturated Fat 7g,Carbohydrate 43g,Sugar 8g,Dietary Fiber 8g,Protein 44g,Cholesterol 110mg,Sodium 340mg,24 ounceYukon Gold Potatoes; 16 ounceAsparagus; 1/4 ounceChives; 1 unitLemon; 24 ouncePork Chops; 2 tablespoonFlour; 1 unitChicken Demi-Glace; 1/4 ounceThyme; 1/2 cupMilk; 4 teaspoonVegetable Oil; 2 tablespoonButter; Salt; Pepper
Tilapia,Fish,Calories 140kcal,Fat 2g,Saturated Fat 1g,,,,Protein 29g,Cholesterol 60mg,Sodium 50mg,Ingredients/ serving 2 people11 ounceTilapia; 11 ounceTilapia
Tilapia Provençale,Fish,Calories 510kcal,Fat 19g,,Carbohydrate 49g,,Dietary Fiber 9g,Protein 41g,,,2 unitTilapia; 12 ounceYukon Gold Potatoes; 1 unitYellow Squash; 1 bunchGrape Tomatoes; 1 unitLemon; 2 cloveGarlic; 1 ounceMixed Olives; 1 sprigThyme; 1 unitYellow Onion; 2 tablespoonOlive Oil; unitSalt; unitPepper
Tilapia with Almond-Parsley Gremolata,Fish; Wheat; Tree Nuts; Milk,Calories 710kcal,Fat 44g,Saturated Fat 12g,Carbohydrate 47g,Sugar 5g,Dietary Fiber 6g,Protein 36g,Cholesterol 90mg,Sodium 150mg,1 unitLemon; 2 cloveGarlic; 1/4 ounceParsley; 6 ounceGreen Beans; 11 ounceTilapia; 1 tablespoonFry Seasoning; 1/2 cupIsraeli Couscous; 1/2 ounceAlmonds; 2 tablespoonGarlic Herb Butter; 1 teaspoonChili Flakes; 4 tablespoonOlive Oil; Salt; Pepper
Tilapia with Scallion Sriracha Pesto,Fish; Soy; Wheat; Milk,Calories 650kcal,Fat 33g,Saturated Fat 11g,Carbohydrate 54g,Sugar 7g,Dietary Fiber 4g,Protein 35g,Cholesterol 95mg,Sodium 940mg,1 thumbGinger; 4 unitScallions; 1 unitLime; 1/2 cupJasmine Rice; 1 tablespoonSesame Oil; 1 tablespoonSesame Seeds; 1 teaspoonSriracha; 11 ounceTilapia; 6 ounceGreen Beans; 2 tablespoonKikkoman® Traditionally Brewed Soy Sauce; 1 teaspoonSugar; 2 tablespoonButter; 1 tablespoonOlive Oil; 2 teaspoonVegetable Oil; Salt; Pepper
Tilapia with Scallion Sriracha Pesto,Fish; Soy; Wheat; Milk,Calories 690kcal,Fat 36g,Saturated Fat 11g,Carbohydrate 58g,Sugar 6g,Dietary Fiber 34g,Protein 35g,Cholesterol 90mg,Sodium 360mg,1 thumbGinger; 4 unitScallions; 1 unitLime; 1/2 cupJasmine Rice; 1 tablespoonSesame Oil; 1 tablespoonSesame Seeds; 1 teaspoonSriracha; 11 ounceTilapia; 6 ounceGreen Beans; 1 tablespoonSoy Sauce; 1 teaspoonSugar; 1 tablespoonButter; 1 tablespoonOlive Oil; 1 tablespoonVegetable Oil; Salt; Pepper
Toasted Brown Rice Bowl,Tree Nuts; Soy; Wheat; Eggs,Calories 551kcal,Fat 18g,Saturated Fat 3g,Carbohydrate 88g,Sugar 12g,Dietary Fiber 10g,Protein 14g,,Sodium 656mg,3/4 cupBrown Rice; 1 ounceCashew Pieces; 1 unitCarrots; 1 unitCorn on the Cob; 2 unitScallions; 1 thumbGinger; 2 cloveGarlic; 6 ounceGreen Beans; 1 jarSoy Sauce Jar; 1 tablespoonSesame Seeds; unitSalt; 3 teaspoonOlive Oil; unitPepper; 2 unitEggs*
Toasted Brown Rice Bowl,Tree Nuts; Soy; Wheat,Calories 570kcal,Fat 19g,Saturated Fat2.5 g,Carbohydrate 87g,Sugar 14g,Dietary Fiber 11g,Protein 14g,,Sodium 780mg,3/4 cupBrown Rice; 1/2 canCorn; 1 thumbGinger; 6 ounceGreen Beans; 1 tablespoonSesame Seeds; 1 unitCarrots; 2 unitScallions; 2 cloveGarlic; 1 ounceCashew Pieces; 2 tablespoonSoy Sauce; 1 tablespoonOlive Oil; unitSalt; unitPepper
Toasted Brown Rice Protein Bowl with Stir-Fried Veggies and Cashews,Tree Nuts; Soy; Wheat; Eggs,Calories 640kcal,Fat 23g,Saturated Fat 3g,Carbohydrate 98g,Sugar 14g,Dietary Fiber 12g,Protein 17g,,Sodium 634mg,6 ounceCarrots; 6 ounceCorn; 2 unitScallions; 4 ounceGreen Beans; 1 unitGreen Bell Pepper; 3/4 cupBrown Rice; 1 ounceCashews; 1 ounceAlmonds; 6 teaspoonSoy Sauce; 1 tablespoonOlive Oil; 1 unit*Egg (optional)
Toasted Coconut Tempura Shrimp,Tree Nuts; Eggs; Shellfish; Milk; Wheat,Calories 1020kcal,Fat 43g,Saturated Fat 14g,Carbohydrate 130g,Sugar 54g,Dietary Fiber 5g,Protein 26g,Cholesterol 240mg,Sodium 1960mg,1/2 cupJasmine Rice; 1/4 ounceCilantro; 1 unitLime; 4 ouncePineapple; 4 ounceShredded Red Cabbage; 1/2 ounceCashews; 2 tablespoonMayonnaise; 6 tablespoonApricot Jam; 1 teaspoonSriracha; 1/4 cupShredded Coconut; 10 ounceShrimp; 82 gTempura Mix; 1 teaspoonSugar; 1 tablespoonButter; Salt; Pepper; Vegetable Oil
Toasted Coconut Tempura Shrimp,Tree Nuts; Eggs; Shellfish; Milk; Wheat,Calories 1240kcal,Fat 55g,Saturated Fat 18g,Carbohydrate 149g,Sugar 54g,Dietary Fiber 5g,Protein 29g,Cholesterol 255mg,Sodium 1990mg,3/4 cupJasmine Rice; 1/4 ounceCilantro; 1 unitLime; 4 ouncePineapple; 4 ounceShredded Red Cabbage; 1 ounceCashews; 2 tablespoonMayonnaise; 6 tablespoonApricot Jam; 2 teaspoonSriracha; 1/4 cupShredded Coconut; 10 ounceShrimp; 82 gTempura Mix; 1 teaspoonSugar; 1 tablespoonButter; Salt; Pepper; Vegetable Oil
Toasted Rice and Shrimp Bowl,Shellfish; Soy; Wheat; Peanuts,Calories 550kcal,Fat 20g,Saturated Fat2.5 g,Carbohydrate 57g,Sugar 10g,Dietary Fiber 6g,Protein 34g,Cholesterol 215mg,Sodium 710mg,10 ounceShrimp; 1/2 cupBasmati Rice; 2 cloveGarlic; 2 unitScallions; 1 unitRed Bell Pepper; 1 unitLime; 1 tablespoonSoy Sauce; 1 teaspoonChili Flakes; 1 ouncePeanuts; 1/2 tablespoonSesame Oil; 1/2 canCorn; 2 teaspoonVegetable Oil; unitSalt; unitPepper
Toasted Rice Bowl,Shellfish; Soy; Wheat,Calories 454kcal,Fat 6g,Saturated Fat 1g,Carbohydrate 73g,Sugar 7g,Dietary Fiber 4g,Protein 29g,Cholesterol 156mg,Sodium 960mg,10 ounceShrimp; 3/4 cupBasmati Rice; 2 cloveGarlic; 2 unitScallions; 1 unitRed Bell Pepper; 1 unitLime; 1 unitCorn on the Cob; 3 teaspoonSoy Sauce; 1 teaspoonChili Flakes; 2 teaspoonOlive Oil; unitSalt; unitPepper
"Toasted Thai Rice Bowl with Shrimp, Sweet Corn, and Red Bell Pepper",Soy; Wheat; Shellfish,Calories 504kcal,Fat 8g,Saturated Fat 1g,Carbohydrate 61g,Sugar 9g,Dietary Fiber 6g,Protein 41g,,Sodium 1272mg,1.5 cupBasmati Rice; 4 cloveGarlic; 4 unitScallions; 2 unitRed Bell Pepper; 1 unitLime; 12 ounceCorn; 12 teaspoonSoy Sauce; 1 teaspoonChili Flakes; 20 ounceShrimp; 4 teaspoonOlive Oil; boxSalt; boxPepper
Toasty Pesto Gnocchi,Wheat; Milk,Calories 560kcal,Fat 29g,Saturated Fat 8g,Carbohydrate 63g,Sugar 14g,Dietary Fiber 10g,Protein 23g,Cholesterol 30mg,Sodium 1450mg,4 ounceButton Mushrooms; 6 ounceGreen Beans; 1.5 ounceSun-Dried Tomatoes; 1 unitLemon; 9 ounceGnocchi; 2 ouncePesto; 1/4 cupParmesan Cheese; 1 teaspoonOlive Oil; 1 tablespoonButter; Salt; Pepper
Tomato & Burrata Spaghetti Pugliesi,Wheat; Milk,Calories 840kcal,Fat 48g,Saturated Fat 22g,Carbohydrate 78g,Sugar 8g,Dietary Fiber 5g,Protein 27g,Cholesterol 105mg,Sodium 400mg,2 unitTomato; 1 cloveGarlic; 1/4 cupPanko Breadcrumbs; 4 tablespoonCrème Fraîche; 1/4 cupParmesan Cheese; 1/2 ounceBasil; 6 ounceColavita Spaghetti; 4 ounceBurrata; 6 teaspoonOlive Oil; 1 tablespoonButter; Salt; Pepper
Tomato Flatbreads,Milk; Tree Nuts; Wheat; Sesame,Calories 760kcal,Fat 46g,Saturated Fat 13g,Carbohydrate 63g,Sugar 6g,Dietary Fiber 5g,Protein 25g,Cholesterol 40mg,Sodium 950mg,4 ounceOrange Grape Tomatoes; 4 ounceFresh Mozzarella; 1 ounceWalnuts; 2 unitFlatbreads; 2 ouncePesto; 3 teaspoonBalsamic Vinegar; 2 ounceArugula; 1/2 ounceBasil; 2 teaspoonOlive Oil; Salt; Pepper
Tomato Tortelloni Bake,Wheat; Milk; Eggs,Calories 760kcal,Fat 41g,Saturated Fat 24g,Carbohydrate 74g,Sugar 11g,Dietary Fiber 7g,Protein 25g,Cholesterol 125mg,Sodium 1310mg,2 cloveGarlic; 2 unitRoma Tomato; 1/4 cupPanko Breadcrumbs; 1/4 cupParmesan Cheese; 1 tablespoonItalian Seasoning; 1 teaspoonChili Flakes; 1 unitMushroom Stock Concentrate; 4 tablespoonCream Cheese; 1.5 ounceTomato Paste; 9 ounceCheese Tortelloni; Salt; Pepper; 2 teaspoonOlive Oil; 2 tablespoonButter
Tomatoey Tortelloni Soup,Eggs; Milk; Wheat,Calories 510kcal,Fat 28g,Saturated Fat 12g,Carbohydrate 47g,Sugar 9g,Dietary Fiber 4g,Protein 26g,Cholesterol 90mg,Sodium 1500mg,1 unitYellow Onion; 1/2 ounceParsley; 9 ounceSweet Italian Pork Sausage; 2 teaspoonGarlic Powder; 1 teaspoonDried Oregano; 27.52 ounceCrushed Tomatoes; 2 unitChicken Stock Concentrate; 9 ounceCheese Tortelloni; 5 ounceSpinach; 1/2 cupParmesan Cheese; 1 teaspoonChili Flakes; 2 teaspoonOlive Oil; Salt; Pepper
Tomato-y Tortelloni Soup,Eggs; Milk; Wheat,Calories 810kcal,Fat 42g,Saturated Fat 18g,Carbohydrate 72g,Sugar 9g,Dietary Fiber 5g,Protein 40g,Cholesterol 135mg,Sodium 1850mg,1/2 unitYellow Onion; 1/2 ounceBasil; 6 ounceSweet Italian Pork Sausage; 1 teaspoonGarlic Powder; 1 teaspoonDried Oregano; 13.76 ounceCrushed Tomatoes; 1 unitChicken Stock Concentrate; 9 ounceCheese Tortelloni; 5 ounceSpinach; 1/4 cupParmesan Cheese; 1 teaspoonChili Flakes; 2 teaspoonOlive Oil; Salt; Pepper
Tortellini en Brodo,Eggs; Milk; Wheat,Calories 620kcal,Fat 22g,Saturated Fat 12g,Carbohydrate 72g,Sugar 6g,Dietary Fiber 7g,Protein 36g,Cholesterol 95mg,Sodium 1250mg,9 ounceCheese Tortelloni; 2 unitVeggie Stock Concentrate; 8 ounceBrussels Sprouts; 4 ounceKale; 1 unitYellow Onion; 2 cloveGarlic; 1/2 cupParmesan Cheese; 1 unitOlive Oil; unitSalt; unitPepper
Tortellini Gratin with Kale and Parmesan Breadcrumbs,Milk; Wheat; Eggs,Calories 624kcal,Fat 36g,Saturated Fat 10g,Carbohydrate 59g,Sugar 6g,Dietary Fiber 6g,Protein 27g,,Sodium 1225mg,4 ounceKale; 2 cloveGarlic; 4 ounceMilk; 1 ounceParmesan Cheese; 4 ouncePesto; 1/4 cupPanko Breadcrumbs; 12 unitVeggie Stock Concentrate; 9 ounceCheese Tortelloni; 1 tablespoonOlive Oil
Tortellini Gratin,Eggs; Milk; Wheat,Calories 724kcal,Fat 29g,Saturated Fat 13g,Carbohydrate 73g,Sugar 10g,Dietary Fiber 3g,Protein 43g,Cholesterol 145mg,Sodium 1076mg,18 ounceCheese Tortelloni; 16 ounceGround Beef; 2 boxCrushed Tomatoes; 1 unitYellow Onion; 2 cloveGarlic; 1/2 ounceBasil; 2 tablespoonSour Cream; 1/2 cupPanko Breadcrumbs; 5 ounceSpinach; 1/4 cupParmesan Cheese; 4 teaspoonOlive Oil; unitSalt; unitPepper
Tortelloni En Brodo,Eggs; Milk; Wheat,Calories 670kcal,Fat 29g,Saturated Fat 16g,Carbohydrate 72g,Sugar 6g,Dietary Fiber 7g,Protein 36g,Cholesterol 110mg,Sodium 1250mg,9 ounceCheese Tortelloni; 2 unitVeggie Stock Concentrate; 8 ounceBrussels Sprouts; 4 ounceKale; 1 unitYellow Onion; 2 cloveGarlic; 1/2 cupParmesan Cheese; 1 teaspoonOlive Oil; 1 tablespoonButter; unitSalt; unitPepper
Tortelloni Toscana,Eggs; Milk; Wheat,Calories 680kcal,Fat 36g,Saturated Fat 22g,Carbohydrate 69g,Sugar 10g,Dietary Fiber 11g,Protein 25g,Cholesterol 130mg,Sodium 920mg,1 cloveGarlic; 1 unitLemon; 1 unitZucchini; 9 ounceCheese Tortelloni; 2 tablespoonCream Cheese; 2 tablespoonCrème Fraîche; 1/4 cupParmesan Cheese; 4 ouncePeas; 2 tablespoonButter; Salt; Pepper
Toscana Tortelloni Vegetable Soup,Soy; Wheat; Eggs; Milk,Calories 810kcal,Fat 28g,Saturated Fat 14g,Carbohydrate 110g,Sugar 19g,Dietary Fiber 11g,Protein 30g,Cholesterol 90mg,Sodium 2220mg,3 ounceCarrot; 1 unitYellow Onion; 2 cloveGarlic; 1 unitDemi-Baguette; 1.5 ounceTomato Paste; 14 ounceDiced Tomatoes; 1 unitVeggie Stock Concentrate; 1 unitMushroom Stock Concentrate; 1 tablespoonItalian Seasoning; 9 ounceCheese Tortelloni; 1/4 cupParmesan Cheese; 2 teaspoonOlive Oil; 1 tablespoonButter; Salt; Pepper
Tostadas Supremo with Pork,Soy; Wheat; Milk,Calories 980kcal,Fat 59g,Saturated Fat 24g,Carbohydrate 71g,Sugar 8g,Dietary Fiber 4g,Protein 39g,Cholesterol 145mg,Sodium 2160mg,10 ounceGround Pork; 1 unitYellow Onion; 1 unitPoblano Pepper; 1 unitLime; 1 unitTex-Mex Paste; 1 tablespoonSouthwest Spice Blend; 6 unitFlour Tortillas; 1 unitRoma Tomato; 1/2 cupMexican Cheese Blend; 4 tablespoonSour Cream; Salt; Pepper; 4 teaspoonOlive Oil
Trattoria Veggie Paninis,Milk; Soy; Wheat,Calories 780kcal,Fat 44g,Saturated Fat 22g,Carbohydrate 69g,Sugar 16g,Dietary Fiber 4g,Protein 19g,Cholesterol 100mg,Sodium 1720mg,1 unitBell Pepper; 1 unitYellow Onion; 4 ounceFresh Mozzarella; 5 teaspoonBalsamic Vinegar; 14 ounceMarinara Cup; 1 unitVeggie Stock Concentrate; 2 tablespoonCream Cheese; 4 sliceSourdough Bread; 1.5 teaspoonSugar; 1 teaspoonVegetable Oil; 1 teaspoonOlive Oil; 3 tablespoonButter; Salt; Pepper
Trick-or-Thyme-Roasted Chicken,Milk,Calories 459kcal,Fat 17g,Saturated Fat 6g,Carbohydrate 44g,Sugar 6g,Dietary Fiber 9g,Protein 42g,Cholesterol 159mg,Sodium 486mg,12 ounceChicken Thighs; 1 teaspoonDried Thyme; 12 ounceYukon Gold Potatoes; 1 unitRed Onion; 2 cloveGarlic; 1 ounceWhole Grain Mustard; 5 ounceSpinach; 1 unitLemon; 1 tablespoonButter; 2 teaspoonOlive Oil; unitSalt; unitPepper
Tri-Color Quinoa Salad,Tree Nuts,Calories 698kcal,Fat 41g,Saturated Fat 5g,Carbohydrate 71g,Sugar 28g,Dietary Fiber 14g,Protein 13g,,Sodium 18mg,1/2 cupTri-Colored Quinoa; 1 unitEggplant; 1 unitHoneycrisp Apple; 2 ounceMixed Greens; 1 unitShallot; 2 ounceWalnuts; 1 ounceDried Cranberries; 2 tablespoonSherry Vinegar; 1 jarHoney; 1 teaspoonFall Spice Blend; 3 tablespoonOlive Oil; unitSalt; unitPepper
Triple Mushroom Truffle Gnocchi,Wheat; Milk,Calories 620kcal,Fat 36g,Saturated Fat 21g,Carbohydrate 64g,Sugar 7g,Dietary Fiber 4g,Protein 15g,Cholesterol 85mg,Sodium 1310mg,8 ounceButton Mushrooms; 2 unitScallions; 1 unitRoma Tomato; 1/4 cupPanko Breadcrumbs; 1 teaspoonGarlic Powder; 1 unitMushroom Stock Concentrate; 4 tablespoonCream Cheese; 1/4 cupParmesan Cheese; 2 gTruffle Zest; 8.8 ounceGnocchi; 2 teaspoonOlive Oil; 3 tablespoonButter; Salt; Pepper
Tropical Fish Tacos,Fish; Milk; Soy; Wheat,Calories 540kcal,Fat 19g,Saturated Fat 8g,Carbohydrate 61g,Sugar 18g,Dietary Fiber 5g,Protein 36g,Cholesterol 95mg,Sodium 610mg,1 unitMango; 1 unitLime; 4 ounceShredded Red Cabbage; 1 tablespoonSouthwest Spice Blend; 11 ounceTilapia; 4 tablespoonSour Cream; 1 teaspoonChipotle Powder; 6 unitFlour Tortillas; 1/4 ounceCilantro; 2 teaspoonOlive Oil; Salt; Pepper
Tropical Pineapple Chicken,Milk; Tree Nuts,Calories 490kcal,Fat 15g,Saturated Fat 5g,Carbohydrate 57g,Sugar 11g,Dietary Fiber 2g,Protein 29g,Cholesterol 120mg,Sodium 100mg,2 cloveGarlic; 1 thumbGinger; 1 unitBell Pepper; 1 unitRed Onion; 2 unitScallions; 1/4 ounceCilantro; 20 ounceChicken Cutlets; 1 cupJasmine Rice; 1 teaspoonWhite Pepper; 1 teaspoonGround Coriander; 4 ouncePineapple; 1 unitLime; 4 tablespoonSour Cream; 1 ounceCoconut Crunch Cashews; 1 tablespoonVegetable Oil; 1 tablespoonButter; Salt; Pepper
Tropical Sunset Barramundi,Tree Nuts; Fish; Milk,Calories 720kcal,Fat 33g,Saturated Fat 16g,Carbohydrate 74g,Sugar 25g,Dietary Fiber 7g,Protein 33g,Cholesterol 90mg,Sodium 380mg,12 ounceCarrots; 2 unitScallions; 1 unitLime; 4 ouncePineapple; 1/2 cupJasmine Rice; 5.07 ounceCoconut Milk; 10 ounceBarramundi; 1 ounceSweet Thai Chili Sauce; Salt; Pepper; 1/2 teaspoonSugar; 1 tablespoonVegetable Oil; 1 tablespoonButter
Trout en Papillote with Roasted Brussels Sprouts and Shiitake Mushroom Pan-Sauce,Fish; Wheat; Milk,Calories 541kcal,Fat 31g,Saturated Fat 8g,Carbohydrate 31g,Sugar 8g,Dietary Fiber 10g,Protein 44g,,Sodium 314mg,12 ounceRainbow Trout; 8 ounceBrussels Sprouts; 4 ounceShiitake Mushrooms; 2 cloveGarlic; 2 ounceShallot; 1/4 ounceParsley; 1/4 ounceRosemary; 1 unitLemon; 1 unitVeggie Stock Concentrate; 1 tablespoonFlour; 2 tablespoonButter; 1 tablespoonOlive Oil
Truffle Rib-Eye Steaks,Milk,Calories 900kcal,Fat 65g,Saturated Fat 25g,Carbohydrate 41g,Sugar 8g,Dietary Fiber 8g,Protein 35g,Cholesterol 145mg,Sodium 610mg,24 ounceYukon Gold Potatoes; 2 unitShallot; 24 ounceRib-Eye Steak; 2 tablespoonBold & Savory Steak Spice; 2 unitBeef Stock Concentrate; 0.14 ounceTruffle Zest; 12 ounceGreen Beans; 4 tablespoonSour Cream; 7 teaspoonVegetable Oil; 2 tablespoonButter; Salt; Pepper
Truffle Umami Blast Burgers,Milk; Wheat; Eggs,Calories 1070kcal,Fat 65g,Saturated Fat 22g,Carbohydrate 85g,Sugar 15g,Dietary Fiber 9g,Protein 44g,Cholesterol 180mg,Sodium 1480mg,1 unitShallot; 1 unitLemon; 12 ounceYukon Gold Potatoes; 1/4 cupParmesan Cheese; 4 ounceButton Mushrooms; 1 unitBeef Stock Concentrate; 2 unitBrioche Buns; 10 ounceGround Beef; 2 gTruffle Zest; 2 tablespoonMayonnaise; 4 tablespoonSour Cream; 2 ounceMixed Greens; 1/4 teaspoonSugar; 4 teaspoonOlive Oil; 2 teaspoonVegetable Oil; Salt; Pepper
Truffled Chicken Over Tagliatelle Alfredo,Tree Nuts; Milk; Wheat; Eggs,Calories 1060kcal,Fat 45g,Saturated Fat 20g,Carbohydrate 103g,Sugar 18g,Dietary Fiber 20g,Protein 68g,Cholesterol 210mg,Sodium 790mg,1 ounceHazelnuts; 1 unitLemon; 1 unitShallot; 4 cloveGarlic; 1/2 ounceChives; 1/2 ounceHoney; 16 ounceCarrot; 24 ounceChicken Breasts; 13.5 ounceMilk; 1 cupItalian Cheese Blend; 6 tablespoonCream Cheese; 1/2 cupParmesan Cheese; 18 ounceTagliatelle; 4 ouncePeas; 2 tablespoonTruffle Oil; 1 tablespoonOlive Oil; 2 tablespoonButter; Salt; Pepper
Truffled Lobster Ravioli,Eggs; Milk; Shellfish; Wheat,Calories 500kcal,Fat 29g,Saturated Fat 16g,Carbohydrate 46g,Sugar 6g,Dietary Fiber 6g,Protein 21g,Cholesterol 110mg,Sodium 750mg,4 ounceHeirloom Grape Tomatoes; 1 unitLemon; 6 ounceAsparagus; 2 cloveGarlic; 1/4 ounceChives; 9 ounceLobster Ravioli; 0.07 ounceTruffle Zest; 1/4 cupParmesan Cheese; 1 teaspoonVegetable Oil; 2 tablespoonButter; Salt; Pepper
Truffled Mushroom Flatbreads,Wheat; Sesame; Milk,Calories 680kcal,Fat 37g,Saturated Fat 13g,Carbohydrate 72g,Sugar 9g,Dietary Fiber 7g,Protein 27g,Cholesterol 50mg,Sodium 940mg,1 unitShallot; 8 ounceCremini Mushrooms; 1 unitLemon; 1 teaspoonItalian Seasoning; 2 unitFlatbreads; 1 cupItalian Cheese Blend; 5 teaspoonTruffle Oil; 2 ounceArugula; 1 tablespoonOlive Oil; Salt; Pepper
Truffled New York Strip Steak,Milk,Calories 810kcal,Fat 62g,Saturated Fat 23g,Carbohydrate 38g,Sugar 6g,Dietary Fiber 8g,Protein 38g,Cholesterol 145mg,Sodium 600mg,12 ounceYukon Gold Potatoes; 1 teaspoonDried Rosemary; 6 ounceAsparagus; 1 unitShallot; 2 unitScallions; 0.07 ounceTruffle Zest; 12 ounceNew York Strip Steak; 1 unitBeef Stock Concentrate; 1 tablespoonVegetable Oil; 2 teaspoonOlive Oil; 3 tablespoonButter; Salt; Pepper
Truffled Onion Grilled Cheeses,Milk; Soy; Wheat,Calories 810kcal,Fat 41g,Saturated Fat 19g,Carbohydrate 84g,Sugar 10g,Dietary Fiber 9g,Protein 20g,Cholesterol 90mg,Sodium 880mg,12 ounceYukon Gold Potatoes; 1 unitYellow Onion; 1 unitLemon; 4 ounceFresh Mozzarella; 4 tablespoonSour Cream; 0.07 ounceTruffle Zest; 4 sliceSourdough Bread; 2 ounceMixed Greens; 1 teaspoonSugar; 2 tablespoonButter; Salt; Pepper; 4 teaspoonOlive Oil
Truffled Penne Pasta,Tree Nuts; Wheat; Milk,Calories 730kcal,Fat 34g,Saturated Fat 12g,Carbohydrate 81g,Sugar 8g,Dietary Fiber 7g,Protein 27g,Cholesterol 55mg,Sodium 890mg,2 cloveGarlic; 1/4 ounceMint; 1 ouncePine Nuts; 6 ouncePenne Pasta; 2 ouncePancetta; 4 ouncePeas; 4 tablespoonSour Cream; 1/4 cupParmesan Cheese; 0.07 ounceTruffle Zest; 1 unitVeggie Stock Concentrate; 2 teaspoonOlive Oil; Salt; Pepper
Tunisian Freekeh Stew,Wheat; Milk,Calories 757kcal,Fat 21g,Saturated Fat 2g,Carbohydrate 109g,Sugar 10g,Dietary Fiber 27g,Protein 29g,,Sodium 790mg,1 tablespoonTunisian Spice Blend; 1 unitYellow Onion; 1 unitCarrots; 1/2 cupFreekeh; 1 unitCelery; 2 cloveGarlic; 2 unitVeggie Stock Concentrate; 1 unitYogurt; 1 boxCrushed Tomatoes; 1 boxChickpeas; 1 unitWhole Wheat Pitas; 2 tablespoonOlive Oil; unitSalt; unitPepper
Tunisian Mushroom Stuffed Peppers,Tree Nuts; Sesame; Milk; Wheat,Calories 670kcal,Fat 38g,Saturated Fat 16g,Carbohydrate 68g,Sugar 10g,Dietary Fiber 7g,Protein 17g,Cholesterol 65mg,Sodium 1050mg,2 unitGreen Bell Pepper; 2 unitScallions; 1/2 ounceAlmonds; 1 tablespoonTunisian Spice Blend; 4 tablespoonSabra® Classic Hummus; 1/2 cupFeta Cheese; 4 ounceButton Mushrooms; 1 unitRoma Tomato; 3/4 cupIsraeli Couscous; 1 unitMushroom Stock Concentrate; 2 tablespoonSour Cream; 2 teaspoonVegetable Oil; 1 teaspoonOlive Oil; 2 tablespoonButter; Salt; Pepper
Tunisian Stuffed Peppers,Milk,Calories 870kcal,Fat 43g,Saturated Fat 17g,Carbohydrate 95g,Sugar 19g,Dietary Fiber 10g,Protein 20g,Cholesterol 75mg,Sodium 750mg,2 unitBell Pepper; 2 unitScallions; 1 ounceDried Apricots; 4 tablespoonSour Cream; 1 tablespoonTunisian Spice Blend; 1/2 cupJasmine Rice; 13.4 ounceChickpeas; 1/2 cupFeta Cheese; 6 teaspoonOlive Oil; 2 tablespoonButter; Salt; Pepper
Tunisian-Spiced Meatballs,Wheat; Milk; Tree Nuts,Calories 800kcal,Fat 40g,Saturated Fat 14g,Carbohydrate 75g,Sugar 19g,Dietary Fiber 8g,Protein 38g,Cholesterol 115mg,Sodium 940mg,1 unitZucchini; 1 unitRed Onion; 1 unitLemon; 1/2 cupBasmati Rice; 1 ounceGolden Raisins; 1 teaspoonTurmeric; 1 unitChicken Stock Concentrate; 10 ounceGround Beef; 1/4 cupPanko Breadcrumbs; 1 tablespoonTunisian Spice Blend; 4 tablespoonSour Cream; 1 ounceAlmonds; 1 teaspoonHot Sauce; 2 teaspoonOlive Oil; Salt; Pepper
"Turkey & Sage Tetrazzini with Sweet Peas, Mushrooms, and Parmesan Cream Sauce",Wheat; Milk,Calories 696kcal,Fat 25g,Saturated Fat 9g,Carbohydrate 79g,Sugar 8g,Dietary Fiber 8g,Protein 45g,,Sodium 470mg,8 ounceGround Turkey; 4 ouncePeas; 4 ounceButton Mushrooms; 6 ounceLinguine; 1/4 ounceThyme; 1 ounceCream Cheese; 1 ounceParmesan Cheese; 1 unitChicken Stock Concentrate; 1/4 ounceSage; 2 teaspoonOlive Oil
Turkey Burrito Bake,Milk; Soy; Wheat,Calories 700kcal,Fat 35g,Saturated Fat 16g,Carbohydrate 53g,Sugar 6g,Dietary Fiber 10g,Protein 46g,Cholesterol 155mg,Sodium 860mg,3 ounceCream Cheese; 1 unitYellow Onion; 5 ounceSpinach; 1 boxBlack Beans; 20 ounceGround Turkey; 2 tablespoonFajita Spice Blend; 14 ounceDiced Tomatoes; 4 unitFlour Tortillas; 1 cupCheddar Cheese; 1/2 ounceCilantro; 1 unitLime; 2 teaspoonOlive Oil; Salt; Pepper
Turkey Chiles Rellenos,Milk,Calories 650kcal,Fat 27g,Saturated Fat 11g,Carbohydrate 67g,Sugar 7g,Dietary Fiber 8g,Protein 40g,Cholesterol 100mg,Sodium 830mg,2 unitVeggie Stock Concentrate; 2 unitPoblano Pepper; 1/2 cupJasmine Rice; 1 unitYellow Onion; 1 unitJalapeño; 1 tablespoonSouthwest Spice Blend; 10 ounceGround Turkey; 1/2 boxCrushed Tomatoes; 1 teaspoonChipotle Powder; 1/2 cupMonterey Jack Cheese; 2 teaspoonVegetable Oil; Salt; Pepper
Turkey Lasagna-Style Mac ’n’ Cheese,Milk; Soy; Wheat,Calories 800kcal,Fat 35g,Saturated Fat 11g,Carbohydrate 108g,Sugar 13g,Dietary Fiber 5g,Protein 34g,Cholesterol 65mg,Sodium 700mg,"Ingredients/ serving 1 people1 unitHeat and Eat, Turkey Lasagna-Style Mac ’n’ Cheese; 1 unitHeat and Eat, Turkey Lasagna-Style Mac ’n’ Cheese"
Turkey Meatball Parm Subs,Eggs; Wheat; Soy; Milk,Calories 820kcal,Fat 41g,Saturated Fat 19g,Carbohydrate 77g,Sugar 8g,Dietary Fiber 4g,Protein 38g,Cholesterol 160mg,Sodium 1640mg,1 cloveGarlic; 1 tablespoonItalian Seasoning; 1.5 ounceTomato Paste; 8 ouncePre-Cooked Turkey Meatballs; 2 unitDemi-Baguette; 1/2 cupMozzarella Cheese; 2 ounceMixed Greens; 1.5 ounceItalian Dressing; Salt; Pepper; 1 teaspoonOlive Oil; 1/2 teaspoonSugar; 3 tablespoonButter
Turkey Taco Time,Milk; Soy; Wheat,Calories 630kcal,Fat 31g,Saturated Fat 12g,Carbohydrate 48g,Sugar 3g,Dietary Fiber 4g,Protein 36g,Cholesterol 140mg,Sodium 760mg,2 unitPoblano Pepper; 1 unitYellow Onion; 6 unitRadishes; 1 unitJalapeño; 2 unitLime; 8 tablespoonSour Cream; 2 teaspoonSouthwest Spice Blend; 20 ounceGround Turkey; 1 tablespoonMexican Spice Blend; 12 unitFlour Tortillas; 1/2 cupCheddar Cheese; 1/2 ounceCilantro; 2 teaspoonVegetable Oil; Salt; Pepper
Turkey-Stuffed Peppers,Milk,Calories 790kcal,Fat 32g,Saturated Fat 11g,Carbohydrate 83g,Sugar 11g,Dietary Fiber 11g,Protein 46g,Cholesterol 140mg,Sodium 500mg,1/2 cupJasmine Rice; 2 unitPoblano Pepper; 1 unitYellow Onion; 1/4 ounceCilantro; 7.5 ounceCorn; 1 unitLime; 10 ounceGround Turkey; 1 teaspoonDried Oregano; 1 tablespoonSouthwest Spice Blend; 1 unitChicken Stock Concentrate; 1/2 canDiced Tomatoes; 1/2 cupCheddar Cheese; 2 tablespoonSour Cream; 2 teaspoonOlive Oil; Salt; Pepper
Turkish Chickpea & Cauliflower Bowls,Milk; Wheat,Calories 810kcal,Fat 35g,Saturated Fat 13g,Carbohydrate 88g,Sugar 10g,Dietary Fiber 9g,Protein 24g,Cholesterol 60mg,Sodium 1040mg,13.4 ounceChickpeas; 1/2 cupFeta Cheese; 1 unitVeggie Stock Concentrate; 1 tablespoonTurkish Spice Blend; 4 tablespoonSour Cream; 3/4 cupIsraeli Couscous; 10 ounceCauliflower Florets; 1/4 ounceCilantro; Salt; Pepper; 5 teaspoonOlive Oil; 1 tablespoonButter
Turkish Meatballs with Parsnip and Creamy Polenta,Wheat; Milk,Calories 769kcal,Fat 32g,Saturated Fat 13g,Carbohydrate 85g,Sugar 20g,Dietary Fiber 12g,Protein 39g,,Sodium 974mg,10 ounceGround Beef; 6 ounceParsnip; 6 ounceCarrots; 1 unitRed Onion; 1/4 ounceCilantro; 2 unitChicken Stock Concentrate; 1 tablespoonTurkish Spice Blend; 1/4 cupPanko Breadcrumbs; 1/2 cupPolenta; 1 canDiced Tomatoes; 2 ounceSour Cream; 2 teaspoonOlive Oil; 1 tablespoonButter
Turkish-Spiced Chicken in Apricot Sauce,Tree Nuts; Milk,Calories 730kcal,Fat 28g,Saturated Fat 10g,Carbohydrate 86g,Sugar 25g,Dietary Fiber 9g,Protein 40g,Cholesterol 135mg,Sodium 520mg,12 ounceCarrots; 1 unitLemon; 1/2 ounceAlmonds; 10 ounceChicken Cutlets; 2 tablespoonApricot Jam; 2 unitScallions; 1 tablespoonHarissa Powder; 1/2 cupBasmati Rice; 1 tablespoonTurkish Spice Blend; 1 unitChicken Stock Concentrate; Salt; Pepper; 1 teaspoonVegetable Oil; 2 teaspoonOlive Oil; 2 tablespoonButter
Turkish-Spiced Salmon,Fish; Wheat; Tree Nuts,Calories 695kcal,Fat 34g,Saturated Fat 5g,Carbohydrate 55g,Sugar 14g,Dietary Fiber 10g,Protein 49g,Cholesterol 115mg,Sodium 270mg,12 ounceSkin-on Salmon; 1 tablespoonTurkish Spice Blend; 1/2 cupCouscous; 2 ounceArugula; 1 unitBlood Orange; 1 unitShallot; 1 unitLemon; 1/2 ounceHoney; 1 ounceAlmonds; 1 unitPersian Cucumber; 1 unitVeggie Stock Concentrate; 7 teaspoonOlive Oil; unitSalt; unitPepper
Turkish-Spiced Salmon,Fish; Wheat; Tree Nuts,Calories 710kcal,Fat 34g,Saturated Fat 5g,Carbohydrate 56g,Sugar 15g,Dietary Fiber 9g,Protein 48g,Cholesterol 75mg,Sodium 290mg,12Skin-on Salmon; 1Turkish Spice Blend; 1/2Couscous; 2Arugula; 1Blood Orange; 1Shallot; 1Lemon; 1/2Honey; 1Almonds; 1Persian Cucumber; 1Veggie Stock Concentrate; 7Olive Oil; Salt; Pepper
Tuscan Beef-Stuffed Pepper,Wheat; Milk,Calories 680kcal,Fat 38g,Saturated Fat 16g,Carbohydrate 48g,Sugar 11g,Dietary Fiber 6g,Protein 33g,Cholesterol 125mg,Sodium 400mg,1 unitGreen Bell Pepper; 1/2 cupIsraeli Couscous; 1 unitYellow Onion; 1 unitRoma Tomato; 10 ounceGround Beef; 1 unitChicken Stock Concentrate; 1 tablespoonTuscan Heat Spice; 2 tablespoonTomato Paste; 1/4 cupMonterey Jack Cheese; 2 teaspoonVegetable Oil; 1 tablespoonButter; Salt; Pepper
Tuscan Beef-Stuffed Peppers,Wheat; Milk,Calories 770kcal,Fat 47g,Saturated Fat 17g,Carbohydrate 50g,Sugar 11g,Dietary Fiber 7g,Protein 38g,Cholesterol 130mg,Sodium 490mg,2 unitGreen Bell Pepper; 1/2 cupIsraeli Couscous; 1 unitYellow Onion; 1 unitRoma Tomato; 10 ounceGround Beef; 1 tablespoonTuscan Heat Spice; 1.5 ounceTomato Paste; 1 unitChicken Stock Concentrate; 1/2 cupMozzarella Cheese; 5 teaspoonVegetable Oil; 1 tablespoonButter; Salt; Pepper
Tuscan Chicken & Bacon Filled Ravioli,Eggs; Milk; Wheat,Calories 560kcal,Fat 27g,Saturated Fat 15g,Carbohydrate 56g,Sugar 9g,Dietary Fiber 7g,Protein 24g,Cholesterol 105mg,Sodium 790mg,"2 unitScallions; 1 cloveGarlic; 1.5 ounceTomato Paste; 1 tablespoonTuscan Heat Spice; 9 ounceChicken, Bacon, and Mozzarella Ravioli; 2 tablespoonCream Cheese; 4 ouncePeas; 1/4 cupParmesan Cheese; Salt; Pepper; 1 teaspoonOlive Oil; 1 tablespoonButter"
Tuscan Chicken & Kale Spaghetti,Wheat; Milk,Calories 850kcal,Fat 41g,Saturated Fat 20g,Carbohydrate 78g,Sugar 7g,Dietary Fiber 6g,Protein 48g,Cholesterol 170mg,Sodium 570mg,4 ounceKale; 1 cloveGarlic; 10 ounceChicken Breast Strips; 1 tablespoonTuscan Heat Spice; 6 ounceSpaghetti; 4 ounceCream Sauce Base; 2 tablespoonCream Cheese; 1/4 cupParmesan Cheese; 2 teaspoonOlive Oil; 1 tablespoonButter; Salt; Pepper
Tuscan Chicken Linguine,Wheat; Milk,Calories 810kcal,Fat 40g,Saturated Fat 20g,Carbohydrate 76g,Sugar 7g,Dietary Fiber 6g,Protein 43g,Cholesterol 190mg,Sodium 470mg,1 unitLemon; 1 unitRoma Tomato; 1 tablespoonTuscan Heat Spice; 6 ounceLinguine; 10 ounceChicken Breast Strips; 2 tablespoonCream Cheese; 2 tablespoonGarlic Herb Butter; 1/4 cupParmesan Cheese; 1/2 ounceBasil; 1 teaspoonOlive Oil; 1 teaspoonVegetable Oil; 1 tablespoonButter; Salt; Pepper
Tuscan Chicken Spaghetti,Wheat; Milk,Calories 830kcal,Fat 40g,Saturated Fat 20g,Carbohydrate 80g,Sugar 9g,Dietary Fiber 8g,Protein 43g,Cholesterol 190mg,Sodium 430mg,1 unitLemon; 4 unitRoma Tomato; 1 tablespoonTuscan Heat Spice; 12 ounceSpaghetti; 20 ounceChicken Breast Strips; 6 tablespoonCream Cheese; 2 tablespoonGarlic Herb Butter; 3/4 cupParmesan Cheese; 1/2 ounceBasil; 1 teaspoonOlive Oil; 2 teaspoonVegetable Oil; 2 tablespoonButter; Salt; Pepper
Tuscan Grilling Cheese,Wheat; Milk,Calories 770kcal,Fat 47g,Saturated Fat 22g,Carbohydrate 46g,Sugar 7g,Dietary Fiber 7g,Protein 36g,Cholesterol 100mg,Sodium 1050mg,6 ounceOrzo Pasta; 1 unitYellow Squash; 1 unitRoma Tomato; 1 unitLemon; 1/2 ounceBasil; 1 tablespoonTuscan Heat Spice; 8 ounceGrilling Cheese; 2 tablespoonOlive Oil; Salt; Pepper
Tuscan Meatloaf,Milk; Wheat; Soy,Calories 582kcal,Fat 27g,Saturated Fat 12g,Carbohydrate 48g,Sugar 8g,Dietary Fiber 7g,Protein 37g,Cholesterol 126mg,Sodium 367mg,20 ounceGround Beef; 4 tablespoonSour Cream; 24 ounceBaby Red Potatoes; 2 unitShallot; 2 cloveGarlic; 1/4 ounceRosemary; 12 ounceGreen Beans; 2 unitChicken Stock Concentrate; 2 unitWhite Bread; 2 tablespoonButter; 4 teaspoonOlive Oil; unitSalt; unitPepper
Tuscan Pork Sausage & Pepper Spaghetti,Wheat; Milk,Calories 920kcal,Fat 42g,Saturated Fat 15g,Carbohydrate 95g,Sugar 18g,Dietary Fiber 8g,Protein 41g,Cholesterol 105mg,Sodium 1260mg,1 unitYellow Onion; 1 unitBell Pepper; 1/4 ounceParsley; 9 ounceItalian Pork Sausage; 1 tablespoonTuscan Heat Spice; 6 ounceSpaghetti; 14 ounceDiced Tomatoes; 1 unitChicken Stock Concentrate; 1/4 cupParmesan Cheese; 1 tablespoonVegetable Oil; 1 tablespoonButter; Salt; Pepper
Tuscan Pork Sausage & Pepper Spaghetti,Wheat; Milk,Calories 910kcal,Fat 42g,Saturated Fat 15g,Carbohydrate 98g,Sugar 16g,Dietary Fiber 8g,Protein 40g,Cholesterol 105mg,Sodium 1630mg,1 unitYellow Onion; 1 unitBell Pepper; 1/4 ounceParsley; 9 ounceItalian Pork Sausage; 1 tablespoonTuscan Heat Spice; 6 ounceSpaghetti; 13.76 ounceCrushed Tomatoes; 1 unitChicken Stock Concentrate; 1/4 cupParmesan Cheese; 1 tablespoonVegetable Oil; 1 tablespoonButter; Salt; Pepper
Tuscan Ribollita,Soy; Wheat; Milk,Calories 609kcal,Fat 26g,Saturated Fat 9g,Carbohydrate 58g,Sugar 10g,Dietary Fiber 11g,Protein 29g,Cholesterol 59mg,Sodium 1062mg,9 ounceItalian Pork Sausage; 2 unitCiabatta Bread; 1 unitCarrots; 1 unitRed Onion; 2 cloveGarlic; 8 ounceKale; 2 boxDiced Tomatoes; 1 boxCannellini Beans; 1/2 cupParmesan Cheese; 1 teaspoonChili Flakes; 2 unitChicken Stock Concentrate; 4 teaspoonOlive Oil; unitSalt; unitPepper
"Tuscan Ribollita with Kale, Italian Sausage, and Parmesan Croutons",Soy; Wheat; Milk,Calories 938kcal,Fat 42g,Saturated Fat 13g,Carbohydrate 92g,Sugar 19g,Dietary Fiber 18g,Protein 45g,,Sodium 1910mg,9 ounceSweet Italian Pork Sausage; 6 ounceCarrots; 1 unitRed Onion; 2 cloveGarlic; 4 ounceKale; 14 ounceDiced Tomatoes; 13.4 ounceCannellini Beans; 1 teaspoonChili Flakes; 1 unitChicken Stock Concentrate; 1 unitCiabatta Bread; 1 ounceParmesan Cheese; 1 tablespoonOlive Oil
Tuscan Ribollita,Soy; Wheat; Milk,Calories 543kcal,Fat 14g,Saturated Fat 4g,Carbohydrate 74g,Sugar 13g,Dietary Fiber 18g,Protein 25g,Cholesterol 14mg,Sodium 795mg,1 unitCiabatta Bread; 1 unitCarrots; 1 unitRed Onion; 2 cloveGarlic; 4 ounceKale; 1 canDiced Tomatoes; 1 boxCannellini Beans; 1/4 cupParmesan Cheese; 1 teaspoonFennel Seeds; 1 teaspoonChili Flakes; 1 unitVeggie Stock Concentrate; 1 tablespoonOlive Oil; unitSalt; unitPepper
Tuscan Sausage and Farro Soup,Wheat; Soy; Milk,Calories 720kcal,Fat 35g,Saturated Fat 13g,Carbohydrate 62g,Sugar 9g,Dietary Fiber 7g,Protein 35g,Cholesterol 160mg,Sodium 2110mg,1 unitCarrots; 1/2 unitYellow Onion; 1 unitRoma Tomato; 1 teaspoonItalian Seasoning; 9 ounceItalian Chicken Sausage; 1.5 ounceTomato Paste; 1/2 cupFarro; 2 unitChicken Stock Concentrate; 1 unitCiabatta Bread; 1/4 cupParmesan Cheese; 1.5 tablespoonButter; 3 teaspoonOlive Oil; Salt; Pepper
Tuscan Sausage and Pepper Spaghetti,Wheat; Milk,Calories 890kcal,Fat 36g,Saturated Fat 14g,Carbohydrate 79g,Sugar 13g,Dietary Fiber 12g,Protein 38g,Cholesterol 80mg,Sodium 1370mg,1 unitYellow Onion; 1 unitRed Bell Pepper; 1/4 ounceParsley; 28 ounceWhole Peeled Tomatoes; 2 tablespoonTuscan Heat Spice; 18 ounceSweet Italian Pork Sausage; 12 ounceWhole Wheat Spaghetti; 2 unitChicken Stock Concentrate; 1/2 cupParmesan Cheese; 2 tablespoonVegetable Oil; 2 tablespoonButter; Salt; Pepper
Tuscan Sausage and Pepper Spaghetti,Wheat; Milk,Calories 860kcal,Fat 32g,Saturated Fat 11g,Carbohydrate 96g,Sugar 19g,Dietary Fiber 9g,Protein 44g,Cholesterol 145mg,Sodium 1440mg,1 unitYellow Onion; 1 unitBell Pepper; 1/4 ounceParsley; 14 ounceDiced Tomatoes; 1 tablespoonTuscan Heat Spice; 9 ounceItalian Pork Sausage; 6 ounceSpaghetti; 1 unitChicken Stock Concentrate; 1/4 cupParmesan Cheese; 1 tablespoonVegetable Oil; 1 tablespoonButter; Salt; Pepper
"Tuscan Seitan Bolognese with Tagliatelle, Parmesan, and Chilies",Wheat; Milk; Soy,Calories 613kcal,Fat 10g,Saturated Fat 3g,Carbohydrate 92g,Sugar 14g,Dietary Fiber 5g,Protein 48g,,Sodium 1132mg,2 cloveGarlic; 2 ounceShallot; 1/4 ounceParsley; 1 teaspoonChili Flakes; 1 unitVeggie Stock Concentrate; 6 ounceFettuccine; 1 ounceParmesan Cheese; 8 ounceSeitan Crumbles; 1 canCrushed Tomatoes; 1 teaspoonTuscan Heat Spice; 1 teaspoonOlive Oil
Tuscan White Bean & Rosemary Stew with Cheesy Polenta and Spinach,Milk,Calories 593kcal,Fat 21g,Saturated Fat 9g,Carbohydrate 75g,Sugar 6g,Dietary Fiber 17g,Protein 24g,,Sodium 792mg,1/4 ounceRosemary; 2 unitRoma Tomato; 1 unitYellow Onion; 2 cloveGarlic; 8 ounceSpinach; 1 tablespoonCapers; 2 tablespoonRed Wine Vinegar; 1 unitVeggie Stock Concentrate; 1 boxCannellini Beans; 1/2 cupPolenta; 2 ounceItalian Cheese Blend; 1 tablespoonOlive Oil; 1 tablespoonButter
Tuscan-Spiced Shrimp and Orzo,Wheat; Shellfish; Milk,Calories 710kcal,Fat 23g,Saturated Fat 9g,Carbohydrate 88g,Sugar 9g,Dietary Fiber 9g,Protein 33g,Cholesterol 245mg,Sodium 760mg,2 unitRoma Tomato; 2 unitScallions; 1 unitLemon; 1/4 cupPanko Breadcrumbs; 1 tablespoonTuscan Heat Spice; 6 ounceOrzo Pasta; 10 ounceShrimp; 1 unitChicken Stock Concentrate; 1 tablespoonVegetable Oil; 2 tablespoonButter; Salt; Pepper
Tutti Frutti Fish Tacos,Fish; Milk; Eggs; Soy; Wheat,Calories 600kcal,Fat 27g,Saturated Fat 8g,Carbohydrate 60g,Sugar 17g,Dietary Fiber 4g,Protein 35g,Cholesterol 95mg,Sodium 700mg,12 ouncePineapple; 1/2 ounceCilantro; 2 unitLime; 1 unitShallot; 1/2 teaspoonGarlic; 22 ounceTilapia; 2 tablespoonSouthwest Spice Blend; 4 tablespoonSour Cream; 4 tablespoonMayonnaise; 8 ounceShredded Red Cabbage; 12 unitFlour Tortillas; 1 tablespoonOlive Oil; 1 teaspoonSugar; Salt; Pepper
