Title,Allergens,Calories,Fat,Saturated Fat,Carbohydrate,Sugar,Dietary Fiber,Protein,Cholesterol,Sodium,Ingredients
Ultimate BLT Burgers with Herby Aioli,Tree Nuts; Eggs; Wheat; Milk; Fish,Calories 1640kcal,Fat 120g,Saturated Fat 35g,Carbohydrate 87g,Sugar 14g,Dietary Fiber 10g,Protein 56g,Cholesterol 255mg,Sodium 2480mg,12 ounceYukon Gold Potatoes; 1 unitLemon; 1 unitRoma Tomato; 1/2 ounceAlmonds; 6 tablespoonMayonnaise; 10 ounceGround Beef; 2 unitBrioche Buns; 1.5 ounceCaesar Dressing; 1/4 ounceChives; 2 cloveGarlic; 1 unitFry Seasoning; 4 ounceBacon; 1 tablespoonItalian Seasoning; 2 sliceGouda Cheese; 2 ounceMixed Greens; 1/4 cupParmesan Cheese; 1 tablespoonOlive Oil; 1 teaspoonVegetable Oil; Salt; Pepper
Ultra-Creamy Risotto,Soy; Milk; Tree Nuts,Calories 562kcal,Fat 27g,Saturated Fat4.5 g,Carbohydrate 72g,Sugar 4g,Dietary Fiber 7g,Protein 18g,Cholesterol 14mg,Sodium 748mg,3/4 cupArborio Rice; 1 unitYellow Onion; 1 jarArtichokes; 4 ounceButton Mushrooms; 2 cloveGarlic; 1/4 ounceParsley; 1/4 cupParmesan Cheese; 1 unitVeggie Stock Concentrate; 1 ouncePine Nuts; unitSalt; unitPepper; 1 tablespoonOlive Oil
Upgraded Steak and Potatoes,Milk; Tree Nuts,Calories 709kcal,Fat 34g,Saturated Fat 10g,Carbohydrate 53g,Sugar 13g,Dietary Fiber 9g,Protein 46g,Cholesterol 134mg,Sodium 570mg,12 ounceSirloin Steak; 12 ounceSweet Potatoes; 1 unitBeef Demi-Glace; 1/4 ounceThyme; 6 ounceGreen Beans; 1 ounceAlmonds; unitSalt; unitPepper; 2 tablespoonOlive Oil; 1 tablespoonButter
Utterly Up-Beet Salad,Tree Nuts; Milk,Calories 580kcal,Fat 24g,Saturated Fat 5g,Carbohydrate 72g,Sugar 21g,Dietary Fiber 14g,Protein 22g,Cholesterol 15mg,Sodium 640mg,8.8 ouncePre-Cooked Beets; 2 ounceArugula; 1 unitRed Onion; 10 ounceBaby Potatoes; 1 ounceWalnuts; 2 tablespoonBalsamic Vinegar; 1/2 cupFeta Cheese; 1/2 cupLentils; 1/4 ounceThyme; 1/2 ounceHoney; 1 unitVeggie Stock Concentrate; 4 teaspoonOlive Oil; unitSalt; unitPepper
