Title,Allergens,Calories,Fat,Saturated Fat,Carbohydrate,Sugar,Dietary Fiber,Protein,Cholesterol,Sodium,Ingredients
Za’atar Chicken and Couscous,Wheat; Sesame; Milk,Calories 520kcal,Fat 28g,Saturated Fat 12g,Carbohydrate 40g,Sugar 3g,Dietary Fiber 5g,Protein 32g,Cholesterol 155mg,Sodium 400mg,1 cupIsraeli Couscous; 2 unitChicken Stock Concentrate; 2 unitLemon; 20 ounceChicken Breast Strips; 2 tablespoonZa'atar Spice; 5 ounceSpinach; 4 tablespoonSour Cream; 4 tablespoonButter; 4 teaspoonOlive Oil; Salt; Pepper
Za’atar Chicken,Sesame; Milk,Calories 460kcal,Fat 11g,Saturated Fat 3g,Carbohydrate 45g,Sugar 11g,Dietary Fiber 9g,Protein 46g,Cholesterol 129mg,Sodium 196mg,12 ounceChicken Breasts; 12 ounceSweet Potatoes; 1 teaspoonZa'atar Spice; 1 unitLime; 6 ounceGreen Beans; 2 tablespoonSour Cream; 1 tablespoonOlive Oil; unitSalt; unitPepper
Za’atar-Crusted Grilling Cheese,Wheat; Milk; Sesame,Calories 780kcal,Fat 44g,Saturated Fat 22g,Carbohydrate 56g,Sugar 10g,Dietary Fiber 6g,Protein 36g,Cholesterol 100mg,Sodium 990mg,1 unitZucchini; 1 unitRed Onion; 1 unitLemon; 4 ounceGrape Tomatoes; 1/4 ounceCilantro; 2.5 ounceIsraeli Couscous; 1 unitVeggie Stock Concentrate; 1 teaspoonSumac; 8 ounceGrilling Cheese; 1 tablespoonZa'atar Spice; 4 teaspoonOlive Oil; Salt; Pepper
Za'atar Crusted Grilling Cheese,Wheat; Milk; Sesame,Calories 530kcal,Fat 27g,Saturated Fat 12g,Carbohydrate 50g,Sugar 9g,Dietary Fiber 6g,Protein 21g,Cholesterol 50mg,Sodium 630mg,1 unitZucchini; 1 unitRed Onion; 1 unitLemon; 4 ounceGrape Tomatoes; 1/2 ounceBasil; 1/2 cupWhole Wheat Israeli Couscous; 1 unitVeggie Stock Concentrate; 1 teaspoonSumac; 4 ounceGrilling Cheese; 1 tablespoonZa'atar Spice; 4 teaspoonOlive Oil; Salt; Pepper
Za'atar Pita Burgers,Sesame; Milk; Soy; Wheat,Calories 536kcal,Fat 28g,,Carbohydrate 39g,,Dietary Fiber 6g,Protein 37g,,Sodium 258mg,8 ounceGround Beef; 1 teaspoonZa'atar Spice; 6 ounceYogurt; 1 unitPita Bread; 1 unitZucchini; 1/2 cupPanko Breadcrumbs; 1 bunchDill; 1 unitLemon; 2 cloveGarlic; 1 unitCucumber; 2 tablespoonOlive Oil
Za'atar-Crusted Goat Cheese,Wheat; Sesame; Milk,Calories 590kcal,Fat 27g,Saturated Fat 7g,Carbohydrate 80g,Sugar 27g,Dietary Fiber 17g,Protein 19g,Cholesterol 20mg,Sodium 550mg,1 unitShallot; 1/2 cupFarro; 1 unitVeggie Stock Concentrate; 12 ounceCarrots; 1 tablespoonZa'atar Spice; 1 tablespoonSesame Seeds; 2 ounceGoat Cheese; 1 unitLemon; 1 ounceTahini; 1/2 ounceHoney; 2 ounceArugula; 4 teaspoonOlive Oil; Salt; Pepper
Za'atar-Crusted Grilling Cheese,Wheat; Milk; Sesame,Calories 510kcal,Fat 24g,Saturated Fat 10g,Carbohydrate 57g,Sugar 9g,Dietary Fiber 8g,Protein 22g,Cholesterol 40mg,Sodium 530mg,1 unitRed Onion; 1 unitLemon; 1 unitZucchini; 4 ounceGrape Tomatoes; 1/2 ounceBasil; 1/2 cupIsraeli Couscous; 1 unitVeggie Stock Concentrate; 1 teaspoonSumac; 4 ounceGrilling Cheese; 1 tablespoonZa'atar Spice; 4 teaspoonOlive Oil; Salt; Pepper
Za'atar-Roasted Root Veggies,Wheat; Sesame; Tree Nuts; Milk,Calories 770kcal,Fat 53g,Saturated Fat 6g,Carbohydrate 90g,Sugar 24g,Dietary Fiber 17g,Protein 19g,Cholesterol 5mg,Sodium 180mg,3/4 cupFarro; 2 unitCarrots; 1 unitParsnip; 1 tablespoonZa'atar Spice; 1/4 ounceCilantro; 1/4 ounceMint; 1 unitLemon; 1 ounceGolden Raisins; 1 ounceWalnuts; 5.3 ounceYogurt; 14 teaspoonOlive Oil; Salt; Pepper
Zesty Breaded Chicken Breasts,Wheat; Milk,Calories 540kcal,Fat 20g,Saturated Fat 6g,Carbohydrate 52g,Sugar 7g,Dietary Fiber 9g,Protein 42g,Cholesterol 125mg,Sodium 280mg,12 ounceYukon Gold Potatoes; 1 unitLemon; 4 ounceGrape Tomatoes; 1/2 cupPanko Breadcrumbs; 1 teaspoonGarlic Powder; 4 tablespoonSour Cream; 12 ounceChicken Breasts; 2 ounceMixed Greens; 5 teaspoonOlive Oil; Salt; Pepper
Zesty Corn & Red Bean Salad,Milk,Calories 553kcal,Fat 14g,Saturated Fat 5g,Carbohydrate 78g,Sugar 14g,Dietary Fiber 22g,Protein 26g,Cholesterol 17mg,Sodium 613mg,12 ounceSweet Potatoes; 1 tablespoonCajun Spice Blend; 1 boxKidney Beans; 4 ounceGrape Tomatoes; 1 unitCorn on the Cob; 1 unitRed Onion; 1 unitLime; 1/4 ounceParsley; 1/2 cupFeta Cheese; 1 tablespoonOlive Oil; unitSalt; unitPepper
Zesty Crusted Catfish,Fish; Wheat,Calories 650kcal,Fat 21g,Saturated Fat 5g,Carbohydrate 85g,Sugar 4g,Dietary Fiber 6g,Protein 34g,Cholesterol 115mg,Sodium 150mg,12Catfish; 3/4Jasmine Rice; 1Cilantro; 1Lemon; 8Broccoli Florets; 1/2Panko Breadcrumbs; 1Fish Seasoning Blend; 1 tablespoonOlive Oil; Salt; Pepper
Zesty Pork Chops,,Calories 547kcal,Fat 12g,Saturated Fat 3g,Carbohydrate 49g,Sugar 11g,Dietary Fiber 16g,Protein 57g,Cholesterol 95mg,Sodium 273mg,1 boxKidney Beans; 1 unitCorn on the Cob; 2 cloveGarlic; 1 unitRoma Tomato; 1 unitRed Onion; 1 unitLime; 1/4 ounceParsley; 12 ounceBoneless Pork Chops; 1 tablespoonCajun Spice Blend; 1 jarHoney; unitSalt; unitPepper; 2 teaspoonOlive Oil
Zucchini & Chickpea Tagine,Milk; Wheat; Tree Nuts,Calories 930kcal,Fat 47g,Saturated Fat 14g,Carbohydrate 99g,Sugar 20g,Dietary Fiber 15g,Protein 23g,Cholesterol 50mg,Sodium 780mg,1 unitZucchini; 1 unitYellow Onion; 2 cloveGarlic; 1/4 ounceCilantro; 1 unitLemon; 1 unitJalapeño; 13.4 ounceChickpeas; 4 tablespoonSour Cream; 2 unitVeggie Stock Concentrate; 1/2 cupCouscous; 1 tablespoonTunisian Spice Blend; 1/2 ounceAlmonds; 1 ounceDried Apricots; 1 teaspoonHot Sauce; 3 tablespoonOlive Oil; 2 tablespoonButter; Salt; Pepper
Zucchini & Feta Fritter Pita Pockets,Milk; Eggs; Wheat,Calories 710kcal,Fat 36g,Saturated Fat 14g,Carbohydrate 83g,Sugar 13g,Dietary Fiber 9g,Protein 20g,Cholesterol 65mg,Sodium 1820mg,1/4 ounceDill; 1 unitLemon; 1 unitZucchini; 1 unitRoma Tomato; 8 tablespoonSour Cream; 1 teaspoonGarlic Powder; 82 gTempura Mix; 1/2 cupFeta Cheese; 2 unitWhole Wheat Pitas; 2 ounceArugula; Salt; Pepper; Vegetable Oil; 2 teaspoonOlive Oil
Zucchini & Smoky Bean Quesadillas,Milk; Wheat,Calories 844kcal,Fat 30g,Saturated Fat 13g,Carbohydrate 93g,Sugar 11g,Dietary Fiber 27g,Protein 42g,Cholesterol 40mg,Sodium 982mg,1 unitYellow Onion; 1 unitZucchini; 1 boxBlack Beans; 1 unitJalapeño; 1 unitLime; 1 unitRoma Tomato; 1 unitRomaine Lettuce; 1 tablespoonSouthwest Spice Blend; 2 tablespoonSour Cream; 6 unitFlour Tortilla; 1 cupMozzarella Cheese; 1 tablespoonOlive Oil; unitSalt; unitPepper
Zucchini & Sun-Dried Tomato Panini,Soy; Wheat; Eggs; Milk,Calories 850kcal,Fat 46g,Saturated Fat 11g,Carbohydrate 94g,Sugar 15g,Dietary Fiber 9g,Protein 24g,Cholesterol 55mg,Sodium 1340mg,12 ounceYukon Gold Potatoes; 1 teaspoonItalian Seasoning; 1 unitZucchini; 2 unitCiabatta Roll; 1/2 ounceBasil; 1.5 ounceSun-Dried Tomatoes; 1 teaspoonGarlic Powder; 4 tablespoonMayonnaise; 2 tablespoonSour Cream; 1/2 cupMozzarella Cheese; 4 teaspoonVegetable Oil; 1 teaspoonOlive Oil; Salt; Pepper
Zucchini & Tomato Flatbreads,Milk; Wheat; Sesame,Calories 510kcal,Fat 17g,Saturated Fat 3g,Carbohydrate 75g,Sugar 18g,Dietary Fiber 7g,Protein 19g,Cholesterol 20mg,Sodium 560mg,1 unitZucchini; 4 ounceGrape Tomatoes; 2 cloveGarlic; 1 unitLemon; 4 ounceRicotta Cheese; 2 unitFlatbreads; 1/2 ounceBasil; 1 teaspoonChili Flakes; 2 teaspoonHoney; 1 teaspoonVegetable Oil; 2.5 teaspoonOlive Oil; Salt; Pepper
Zucchini & Tomato Flatbreads,Milk; Wheat; Sesame,Calories 510kcal,Fat 17g,Saturated Fat 3g,Carbohydrate 75g,Sugar 18g,Dietary Fiber 6g,Protein 19g,Cholesterol 20mg,Sodium 560mg,1 unitZucchini; 4 ounceGrape Tomatoes; 1 cloveGarlic; 1 unitLemon; 4 ounceRicotta Cheese; 2 unitFlatbreads; 1/2 ounceBasil; 1 teaspoonChili Flakes; 2 teaspoonHoney; 1 teaspoonVegetable Oil; 2.5 teaspoonOlive Oil; Salt; Pepper
Zucchini and Asparagus Farro Bowl,Wheat; Tree Nuts; Milk,Calories 525kcal,Fat 27g,Saturated Fat 8g,Carbohydrate 59g,Sugar 8g,Dietary Fiber 10g,Protein 20g,Cholesterol 30mg,Sodium 575mg,1 unitYellow Onion; 2 cloveGarlic; 6 ounceAsparagus; 1 unitZucchini; 3/4 cupFarro; 2 unitVeggie Stock Concentrate; 1 unitLemon; 1 ounceWalnuts; 1/4 cupParmesan Cheese; 1 tablespoonButter; 1 tablespoonOlive Oil; unitSalt; unitPepper
Zucchini and Black Bean Quesadillas,Milk; Wheat,Calories 696kcal,Fat 29g,Saturated Fat 13g,Carbohydrate 72g,Sugar 7g,Dietary Fiber 14g,Protein 32g,Cholesterol 40mg,Sodium 896mg,1 unitYellow Onion; 2 unitZucchini; 1 boxBlack Beans; 2 unitLime; 2 unitRoma Tomato; 4 tablespoonSour Cream; 1 unitRomaine Lettuce; 2 cupMozzarella Cheese; 1 tablespoonSouthwest Spice Blend; 12 unitFlour Tortilla; 2 tablespoonOlive Oil; unitSalt; unitPepper
Zucchini and Tomato Flatbreads,Milk; Wheat; Sesame,Calories 500kcal,Fat 17g,Saturated Fat3.5 g,Carbohydrate 72g,Sugar 15g,Dietary Fiber 7g,Protein 19g,Cholesterol 20mg,Sodium 560mg,1 unitZucchini; 4 ounceGrape Tomatoes; 2 cloveGarlic; 1 unitLemon; 4 ounceRicotta Cheese; 2 unitFlatbreads; 1/2 ounceBasil; 1 teaspoonChili Flakes; 2 teaspoonHoney; 1 teaspoonVegetable Oil; 2.5 teaspoonOlive Oil; Salt; Pepper
Zucchini Flatbreads,Wheat; Sesame; Milk; Tree Nuts,Calories 682kcal,Fat 27g,Saturated Fat 4g,Carbohydrate 67g,Sugar 18g,Dietary Fiber 7g,Protein 24g,Cholesterol 19mg,Sodium 995mg,1 unitRed Onion; 2 unitFlatbreads; 1 unitZucchini; 1 ounceBlack Olives; 4 ounceRicotta Cheese; 1 teaspoonDried Thyme; 1 ounceWalnuts; 3 ounceMixed Greens; 1.5 ounceSun-Dried Tomatoes; 2 tablespoonBalsamic Vinegar; 1 jarDijon Mustard; unitSalt; unitPepper; 1 tablespoonOlive Oil
Zucchini Noodle Lasagna,Milk,Calories 599kcal,Fat 31g,,Carbohydrate 40g,,Dietary Fiber 6g,Protein 47g,,Sodium 753mg,10 ounceGround Beef; 1 unitYellow Onion; 2 cloveGarlic; 2 unitZucchini; 1 boxCrushed Tomatoes; 2 ounceMozzarella Cheese; 1 teaspoonDried Oregano; 1 teaspoonChili Flakes; 8 ounceRicotta Cheese; 1 tablespoonOlive Oil
