Title,Allergens,Calories,Fat,Saturated Fat,Carbohydrate,Sugar,Dietary Fiber,Protein,Cholesterol,Sodium,Ingredients
Kale and Quinoa Power-Up Salad,Tree Nuts; Milk,Calories 653kcal,Fat 29g,Saturated Fat 6g,Carbohydrate 79g,Sugar 21g,Dietary Fiber 10g,Protein 20g,Cholesterol 17mg,Sodium 654mg,3/4 cupQuinoa; 1 unitVeggie Stock Concentrate; 4 ounceTuscan Kale; 2 tablespoonRed Wine Vinegar; 1/2 ounceHoney; 1 ounceAlmonds; 1/4 ounceDill; 1/2 cupFeta Cheese; 1 ounceDried Cranberries; 1 unitDijon Mustard; 2 tablespoonOlive Oil; unitSalt; unitPepper
Kale Chip Quinoa Bowl,Milk; Tree Nuts,Calories 590kcal,Fat 29g,Saturated Fat 6g,Carbohydrate 64g,Sugar 8g,Dietary Fiber 9g,Protein 20g,Cholesterol 15mg,Sodium 650mg,4 ounceKale; 3/4 cupQuinoa; 2 cloveGarlic; 1 ounceBlack Olives; 1/2 cupFeta Cheese; 4 ounceGrape Tomatoes; 2 tablespoonRed Wine Vinegar; 1 ouncePine Nuts; 1/4 ounceParsley; 1 unitVeggie Stock Concentrate; 4 teaspoonOlive Oil; unitSalt; unitPepper
Kale Grilled Cheese Sandwich,Milk; Wheat,Calories 790kcal,Fat 47g,Saturated Fat 21g,Carbohydrate 68g,Sugar 12g,Dietary Fiber 9g,Protein 27g,Cholesterol 90mg,Sodium 1610mg,1 unitYellow Onion; 1/2 ounceBasil; 4 ounceKale; 4 ounceFresh Mozzarella; 4 sliceWhole Wheat Bread; 14 ounceMarinara Cup; 1 unitVeggie Stock Concentrate; 4 tablespoonSour Cream; 4 teaspoonVegetable Oil; 1 teaspoonSugar; 2 tablespoonButter; Salt; Pepper
"Kale, Cranberry & Walnut Stuffed Squash",Wheat; Milk; Tree Nuts,Calories 670kcal,Fat 26g,Saturated Fat 11g,Carbohydrate 102g,Sugar 28g,Dietary Fiber 16g,Protein 18g,Cholesterol 40mg,Sodium 440mg,1 unitDelicata Squash; 1 unitYellow Onion; 1 cloveGarlic; 1/4 ounceThyme; 1 unitLemon; 4 ounceKale; 3/4 cupIsraeli Couscous; 1 unitVeggie Stock Concentrate; 2 tablespoonCream Cheese; 1.16 ounceOcean Spray® Craisins® Dried Cranberries; 1/4 cupParmesan Cheese; 1/2 ounceWalnuts; 2 teaspoonOlive Oil; 1 tablespoonButter; Salt; Pepper
Katsu-Style Zucchini,Wheat; Eggs; Milk; Soy,Calories 680kcal,Fat 24g,Saturated Fat 6g,Carbohydrate 106g,Sugar 20g,Dietary Fiber 7g,Protein 14g,Cholesterol 15mg,Sodium 1700mg,2 unitScallions; 1 thumbGinger; 2 unitZucchini; 1/2 cupJasmine Rice; 8 ounceBroccoli Florets; 1/2 cupPanko Breadcrumbs; 1 teaspoonGarlic Powder; 1 tablespoonCornstarch; 82 gTempura Mix; 4 tablespoonKatsu Sauce; 1 teaspoonSriracha; 1 teaspoonVegetable Oil; 1 tablespoonButter; Salt; Pepper
Kickin' Chicken Stir-Fry,Soy; Wheat; Fish; Milk,Calories 720kcal,Fat 30g,Saturated Fat 11g,Carbohydrate 82g,Sugar 15g,Dietary Fiber 3g,Protein 31g,Cholesterol 145mg,Sodium 680mg,2 unitScallions; 1.5 cupJasmine Rice; 2 unitBell Pepper; 2 unitLime; 4 cloveGarlic; 4 tablespoonSoy Sauce; 1.5 ounceHoney; 2 teaspoonSriracha; 20 ounceChicken Breast Strips; 2 tablespoonSesame Oil; 1 tablespoonSesame Seeds; 2 teaspoonVegetable Oil; 2 tablespoonButter; Salt; Pepper
Kickin' Crispy Honey Chicken,Milk; Wheat,Calories 610kcal,Fat 21g,Saturated Fat 9g,Carbohydrate 69g,Sugar 21g,Dietary Fiber 10g,Protein 34g,Cholesterol 140mg,Sodium 300mg,16 ounceBrussels Sprouts; 4 unitSweet Potatoes; 2 unitChili Pepper; 8 tablespoonSour Cream; 1 cupPanko Breadcrumbs; 2 tablespoonBlackening Spice; 20 ounceChicken Cutlets; 2 tablespoonHoney; 2 teaspoonOlive Oil; 2 tablespoonButter; Vegetable Oil; Salt; Pepper
Kickin' Goat Cheese Penne,Wheat; Milk,Calories 980kcal,Fat 40g,Saturated Fat 14g,Carbohydrate 112g,Sugar 13g,Dietary Fiber 20g,Protein 37g,Cholesterol 55mg,Sodium 390mg,1 unitZucchini; 4 unitRoma Tomato; 2 unitScallions; 2 cloveGarlic; 13.4 ounceChickpeas; 1 teaspoonItalian Seasoning; 1 teaspoonChili Flakes; 6 ouncePenne Pasta; 1/2 ounceBasil; 1/4 cupParmesan Cheese; 1 ounceGoat Cheese; 2 tablespoonOlive Oil; 2 tablespoonButter; Salt; Pepper
Kickin’ BBQ Pulled Chicken Sandwiches,Milk; Soy; Eggs; Wheat,Calories 750kcal,Fat 19g,Saturated Fat 8g,Carbohydrate 116g,Sugar 43g,Dietary Fiber 8g,Protein 30g,Cholesterol 95mg,Sodium 1160mg,12 ounceYukon Gold Potatoes; 1 unitLime; 1 unitJalapeño; 1 tablespoonSouthwest Spice Blend; 4 ounceColeslaw Mix; 4 tablespoonSmoky Red Pepper Crema; 2 unitPotato Buns; 10 ounceBBQ Pulled Chicken; 2 teaspoonVegetable Oil; 1/4 teaspoonSugar; Salt; Pepper
Kickin’ Chipotle Steak Bowls,Milk,Calories 680kcal,Fat 25g,Saturated Fat 10g,Carbohydrate 71g,Sugar 12g,Dietary Fiber 4g,Protein 29g,Cholesterol 125mg,Sodium 310mg,1 unitSweet Potatoes; 1 unitLong Green Pepper; 1 unitRed Onion; 1/4 ounceCilantro; 1/2 cupJasmine Rice; 5 teaspoonWhite Wine Vinegar; 4 tablespoonSour Cream; 1 tablespoonSouthwest Spice Blend; 1 teaspoonChipotle Powder; 10 ounceSteak; 2 teaspoonVegetable Oil; 1 teaspoonSugar; 1 tablespoonButter; Salt; Pepper
Kickin’ Orange BBQ Pork Meatloaves,Wheat; Milk,Calories 710kcal,Fat 37g,Saturated Fat 12g,Carbohydrate 61g,Sugar 20g,Dietary Fiber 8g,Protein 32g,Cholesterol 105mg,Sodium 980mg,12 ounceYukon Gold Potatoes; 2 unitScallions; 6 ounceGreen Beans; 1 unitMandarin Orange; 10 ounceGround Pork; 1/4 cupPanko Breadcrumbs; 1 tablespoonSweet and Smoky BBQ Seasoning; 1/4 cupMonterey Jack Cheese; 4 tablespoonBBQ Sauce; 1 teaspoonChipotle Powder; Salt; Pepper; 4 tablespoonOlive Oil; 1 teaspoonVegetable Oil
Kidney Beans,,Calories 190kcal,Fat 1g,,Carbohydrate 29g,Sugar 1g,Dietary Fiber 7g,Protein 10g,,Sodium 200mg,Ingredients/ serving 2 people13.4 ounceKidney Beans; 13.4 ounceKidney Beans
Kimchi Hot Sauce Burritos,Milk; Wheat,Calories 760kcal,Fat 23g,Saturated Fat 10g,Carbohydrate 113g,Sugar 20g,Dietary Fiber 12g,Protein 19g,Cholesterol 35mg,Sodium 1240mg,2 unitScallions; 6.7 ounceBlack Beans; 1/2 cupBasmati Rice; 5 teaspoonWhite Wine Vinegar; 1 unitCucumber; 4 ounceKimchi Hot Sauce; 4 tablespoonSour Cream; 1 unitLime; 4 ounceShredded Carrots; 2 unitFlour Tortilla; 1 teaspoonSugar; 1 tablespoonVegetable Oil; 1 tablespoonButter; Salt; Pepper
Kiwi Salsa and Steak Fajitas,Wheat,Calories 770kcal,Fat 25g,Saturated Fat 8g,Carbohydrate 76g,Sugar 12g,Dietary Fiber 18g,Protein 50g,Cholesterol 80mg,Sodium 630mg,1 unitRed Onion; 1 unitRed Bell Pepper; 1 unitRoma Tomato; 2 unitScallions; 1 unitLime; 1 unitKiwi; 10 ounceBeef Stir-Fry; 1 tablespoonSouthwest Spice Blend; 1 boxKidney Beans; 4 unitFlour Tortilla; 1 tablespoonVegetable Oil; Salt; Pepper
Korean BBQ Bulgogi Sirloin with Banchan,Soy; Wheat; Sesame; Milk,Calories 830kcal,Fat 29g,Saturated Fat 13g,Carbohydrate 100g,Sugar 48g,Dietary Fiber 5g,Protein 43g,Cholesterol 155mg,Sodium 1140mg,9 ounceCarrots; 2 unitScallions; 1.7 ounceRice Wine Vinegar; 4 ounceColeslaw Mix; 14 ounceSirloin Steak; 1 unitPersian Cucumber; 1/2 cupJasmine Rice; 2 teaspoonSriracha; 1 teaspoonKorean Chili Flakes; 4 ounceBulgogi Sauce; 1 tablespoonVegetable Oil; 1.5 teaspoonSugar; 2 tablespoonButter; Salt; Pepper
Korean Beef Bibimbap,Soy; Wheat,Calories 820kcal,Fat 39g,Saturated Fat 11g,Carbohydrate 81g,Sugar 15g,Dietary Fiber 5g,Protein 36g,Cholesterol 100mg,Sodium 1920mg,1 unitZucchini; 4 ounceButton Mushrooms; 2 unitScallions; 6 ounceCarrots; 1 thumbGinger; 2 cloveGarlic; 3/4 cupJasmine Rice; 5 teaspoonWhite Wine Vinegar; 1 tablespoonSesame Oil; 4 tablespoonSoy Sauce; 2 teaspoonSriracha; 10 ounceGround Beef; 1 tablespoonSugar; 4 teaspoonVegetable Oil; Salt; Pepper
Korean Beef Bibimbap,Soy; Wheat,Calories 810kcal,Fat 36g,Saturated Fat 10g,Carbohydrate 90g,Sugar 18g,Dietary Fiber 5g,Protein 35g,Cholesterol 90mg,Sodium 1020mg,1 unitZucchini; 4 ounceButton Mushrooms; 2 unitScallions; 6 ounceCarrots; 1 thumbGinger; 2 cloveGarlic; 3/4 cupJasmine Rice; 5 teaspoonWhite Wine Vinegar; 1 tablespoonSesame Oil; 2 teaspoonSriracha; 3 tablespoonSoy Sauce; 10 ounceGround Beef; 1.5 tablespoonSugar; 4 teaspoonVegetable Oil; Salt; Pepper
Korean Chicken Tacos for Dinner,Milk; Soy; Wheat; Sesame,Calories 720kcal,Fat 28g,Saturated Fat 11g,Carbohydrate 90g,Sugar 42g,Dietary Fiber 4g,Protein 32g,Cholesterol 140mg,Sodium 1690mg,4 unitScallions; 1 unitBell Pepper; 1 unitLong Green Pepper; 1 unitLime; 1/2 cupJasmine Rice; 4 ounceShredded Red Cabbage; 2 tablespoonSour Cream; 3 teaspoonSriracha; 20 ounceChicken Breast Strips; 2 tablespoonSoy Sauce; 4 ounceBulgogi Sauce; 1 teaspoonMoo Shu Spice Blend; 2 tablespoonHoisin Sauce; 6 unitFlour Tortillas; 1/2 teaspoonSugar; 5 teaspoonVegetable Oil; 2 tablespoonButter; Salt; Pepper
Korean-Style Beef Stir Fry,Soy; Wheat,Calories 687kcal,Fat 24g,Saturated Fat 7g,Carbohydrate 71g,Sugar 7g,Dietary Fiber 7g,Protein 45g,,Sodium 717mg,12 ounceGround Beef; 1 tablespoonHoisin Sauce; 6 teaspoonSoy Sauce; 2 unitScallions; 1 tablespoonSesame Seeds; 2 cloveGarlic; 6 ounceBaby Broccoli; 1 thumbGinger; 3/4 cupBrown Rice; boxSalt; boxPepper; boxOlive Oil
Korean-Style Beef,Soy; Wheat,Calories 548kcal,Fat 22g,Saturated Fat 6g,Carbohydrate 52g,Sugar 6g,Dietary Fiber 4g,Protein 34g,Cholesterol 82mg,Sodium 755mg,20 ounceGround Beef; 1 jarHoisin Sauce Jar; 2 ounceSoy Sauce; 4 unitScallions; 1 tablespoonSesame Seeds; 2 cloveGarlic; 16 ounceBroccoli Florets; 1 thumbGinger; 1 tablespoonSesame Oil; 1 cupJasmine Rice; 4 teaspoonOlive Oil; unitSalt; unitPepper
Korean-Style Chicken Thighs,Soy; Wheat,Calories 820kcal,Fat 23g,Saturated Fat 9g,Carbohydrate 70g,Sugar 14g,Dietary Fiber 2g,Protein 29g,Cholesterol 135mg,Sodium 810mg,12 ounceChicken Thighs; 2 tablespoonCornstarch; 1 unitLime; 1 unitCucumber; 2 unitScallions; 5 teaspoonWhite Wine Vinegar; 2 tablespoonSesame Oil; 1/2 cupJasmine Rice; 2 tablespoonSoy Sauce; 4 teaspoonSriracha; 1 tablespoonSesame Seeds; 1 teaspoonKorean Chili Flakes; 5 teaspoonSugar; 2 teaspoonVegetable Oil; Salt; Pepper
