Title,Allergens,Calories,Fat,Saturated Fat,Carbohydrate,Sugar,Dietary Fiber,Protein,Cholesterol,Sodium,Ingredients
Old Bay Buttered-Up Chicken,Milk,Calories 680kcal,Fat 40g,Saturated Fat 19g,Carbohydrate 45g,Sugar 10g,Dietary Fiber 9g,Protein 35g,Cholesterol 175mg,Sodium 1380mg,12 ounceYukon Gold Potatoes; 2 unitScallions; 1 cloveGarlic; 6 ounceCarrots; 6 ounceGreen Beans; 2 tablespoonSour Cream; 10 ounceChicken Cutlets; 1 unitOLD BAY® Seasoning; 1 teaspoonHot Sauce; 1 unitChicken Stock Concentrate; 5 teaspoonOlive Oil; 4 tablespoonButter; Salt; Pepper
Old Bay-Spiced Salmon & Sweet Potato Cakes,Fish; Wheat,Calories 734kcal,Fat 30g,,Carbohydrate 25g,,Dietary Fiber 10g,Protein 41g,,,2 unitSkin-on Salmon; 1 bunchGrape Tomatoes; 2 ounceArugula; 1 teaspoonOld Bay Seasoning; 1 teaspoonDried Thyme; 1 unitSweet Potatoes; 1 unitRed Onion; 1 stalkCelery; 1/2 cupPanko Breadcrumbs; 1 unitLemon; 2 tablespoonOlive Oil; unitSalt; unitPepper
Old School BBQ Pork Sloppy Joes,Wheat; Eggs; Milk,Calories 820kcal,Fat 46g,Saturated Fat 13g,Carbohydrate 76g,Sugar 27g,Dietary Fiber 3g,Protein 30g,Cholesterol 135mg,Sodium 1450mg,1 unitRed Onion; 1 unitLime; 2 unitBrioche Buns; 4 tablespoonBBQ Sauce; 2 tablespoonKetchup; 1 unitChicken Stock Concentrate; 1 tablespoonCornstarch; 4 ounceColeslaw Mix; 1.5 ounceRanch Dressing; 1 teaspoonChipotle Powder; 10 ounceGround Pork; 1 teaspoonVegetable Oil; 1/4 teaspoonSugar; Salt; Pepper
One-Pan Chicken Alfredo,Wheat; Milk,Calories 800kcal,Fat 27g,Saturated Fat 12g,Carbohydrate 80g,Sugar 8g,Dietary Fiber 7g,Protein 62g,Cholesterol 150mg,Sodium 540mg,12Spaghetti; 24Chicken Breasts; 16Broccoli Florets; 2Chicken Stock Concentrate; 2Garlic; 1/2Parmesan Cheese; 1/2Parsley; 1Milk; 1/4Oregano; 4Olive Oil; 4Butter; Salt; Pepper
One-Pan Chicken and Couscous Pilaf,Wheat; Milk; Tree Nuts,Calories 750kcal,Fat 35g,Saturated Fat 14g,Carbohydrate 60g,Sugar 8g,Dietary Fiber 10g,Protein 50g,Cholesterol 170mg,Sodium 390mg,12 ounceChicken Breasts; 1 unitChicken Stock Concentrate; 1/2 cupCouscous; 2 unitScallions; 1 unitRoma Tomato; 4 tablespoonSour Cream; 1 teaspoonHot Sauce; 4 ouncePeas; 1 ounceAlmonds; 1 tablespoonTurkish Spice Blend; 1 unitLemon; 2 teaspoonOlive Oil; 2 tablespoonButter; Salt; Pepper
One-Pan Chicken Sausage Orzo,Wheat; Milk,Calories 850kcal,Fat 38g,Saturated Fat 16g,Carbohydrate 92g,Sugar 14g,Dietary Fiber 9g,Protein 46g,Cholesterol 145mg,Sodium 1160mg,2 unitYellow Onion; 2 unitLemon; 4 unitScallions; 2 unitYellow Squash; 18 ounceItalian Chicken Sausage Mix; 2 teaspoonItalian Seasoning; 12 ounceOrzo Pasta; 3 tablespoonTomato Paste; 6 tablespoonCream Cheese; 5 teaspoonOlive Oil; 4 tablespoonButter; Salt; Pepper
One-Pan Ground Beef Tacos,Milk; Soy; Wheat,Calories 740kcal,Fat 38g,Saturated Fat 18g,Carbohydrate 55g,Sugar 9g,Dietary Fiber 5g,Protein 39g,Cholesterol 130mg,Sodium 1230mg,1 unitYellow Onion; 4 ounceHeirloom Grape Tomatoes; 1 unitLime; 2 unitScallions; 6 tablespoonSour Cream; 1 teaspoonSouthwest Spice Blend; 2 tablespoonTaco Spice Blend; 1/4 cupTomato Paste; 20 ounceGround Beef; 1 cupCheddar Cheese; 12 unitFlour Tortillas; 4 ounceShredded Red Cabbage; 1 teaspoonVegetable Oil; Salt; Pepper
One-Pan Hearty Pork Chili,Milk,Calories 692kcal,Fat 39g,Saturated Fat 16g,Carbohydrate 38g,Sugar 9g,Dietary Fiber 11g,Protein 47g,Cholesterol 133mg,Sodium 1019mg,20 ounceGround Pork; 2 unitPoblano Pepper; 4 cloveGarlic; 2 tablespoonMexican Spice Blend; 2 unitChicken Stock Concentrate; 2 boxCrushed Tomatoes; 1 boxKidney Beans; 1 cupCheddar Cheese; 8 tablespoonSour Cream; 4 unitScallions; unitSalt; unitPepper; 2 teaspoonVegetable Oil
One-Pan Hearty Pork Chili,Milk,Calories 830kcal,Fat 47g,Saturated Fat 19g,Carbohydrate 51g,Sugar 9g,Dietary Fiber 16g,Protein 49g,Cholesterol 135mg,Sodium 1070mg,2 unitScallions; 2 cloveGarlic; 1 boxKidney Beans; 1 unitPoblano Pepper; 10 ounceGround Pork; 1 tablespoonMexican Spice Blend; 1 unitChicken Stock Concentrate; 1 boxCrushed Tomatoes; 1/2 cupCheddar Cheese; 4 tablespoonSour Cream; 2 teaspoonVegetable Oil; Salt; Pepper
One-Pan Mexican Pork Meatballs,Wheat; Milk,Calories 710kcal,Fat 41g,Saturated Fat 16g,Carbohydrate 48g,Sugar 9g,Dietary Fiber 5g,Protein 38g,Cholesterol 130mg,Sodium 590mg,1 unitBell Pepper; 1 unitLong Green Pepper; 1 unitRed Onion; 1/4 ounceCilantro; 1 unitLime; 20 ounceGround Pork; 2 tablespoonMexican Spice Blend; 1/4 cupPanko Breadcrumbs; 1 teaspoonSmoked Paprika; 13.76 ounceCrushed Tomatoes; 17 ounceMicrowaveable Jasmine Rice; 4 tablespoonSour Cream; 1 cupMexican Cheese Blend; 2 teaspoonVegetable Oil; Salt; Pepper
One-Pan Mushroom Ravioli Gratin,Wheat; Eggs; Milk,Calories 520kcal,Fat 24g,Saturated Fat 12g,Carbohydrate 51g,Sugar 7g,Dietary Fiber 4g,Protein 21g,Cholesterol 90mg,Sodium 1020mg,8 ounceButton Mushrooms; 1 unitYellow Onion; 1/4 ounceThyme; 1 unitVeggie Stock Concentrate; 9 ounceMushroom Ravioli; 1/4 cupPanko Breadcrumbs; 1/4 cupParmesan Cheese; 4 tablespoonSour Cream; 2 teaspoonOlive Oil; Salt; Pepper
One-Pan Orzo Marinara,Wheat; Milk,Calories 790kcal,Fat 34g,Saturated Fat 14g,Carbohydrate 86g,Sugar 14g,Dietary Fiber 6g,Protein 38g,Cholesterol 165mg,Sodium 1920mg,1 unitYellow Onion; 1.5 cupOrzo Pasta; 18 ounceItalian Chicken Sausage; 4 ounceKale; 2 tablespoonItalian Seasoning; 1 teaspoonChili Flakes; 27.52 ounceCrushed Tomatoes; 1/4 cupParmesan Cheese; 1/2 cupPanko Breadcrumbs; 1/2 cupItalian Cheese Blend; 5 teaspoonOlive Oil; 1 teaspoonSugar; 3 tablespoonButter; Salt; Pepper
One-Pan Orzotto Italiano,Wheat; Milk,Calories 850kcal,Fat 33g,Saturated Fat 11g,Carbohydrate 89g,Sugar 9g,Dietary Fiber 8g,Protein 48g,Cholesterol 140mg,Sodium 1700mg,2 cloveGarlic; 5 ounceSpinach; 1 unitLemon; 4 ounceGrape Tomatoes; 1/4 ounceParsley; 9 ounceItalian Chicken Sausage; 6 ounceOrzo Pasta; 1 tablespoonItalian Seasoning; 1 unitChicken Stock Concentrate; 1/2 cupMozzarella Cheese; 1/4 cupPanko Breadcrumbs; 1/4 cupParmesan Cheese; 1 tablespoonOlive Oil; Salt; Black Pepper
One-Pan Pesto Tortelloni Bake,Milk; Wheat; Eggs,Calories 720kcal,Fat 36g,Saturated Fat 12g,Carbohydrate 67g,Sugar 8g,Dietary Fiber 2g,Protein 29g,Cholesterol 90mg,Sodium 1090mg,2Milk; 1/2Parmesan Cheese; 1/2Pesto; 12Asparagus; 4Garlic; 1/2Panko Breadcrumbs; 2Veggie Stock Concentrate; 18Cheese Tortelloni; 2Olive Oil; Salt; Pepper
One-Pan Pork Carnitas Tacos,Milk; Soy; Wheat,Calories 840kcal,Fat 46g,Saturated Fat 16g,Carbohydrate 65g,Sugar 13g,Dietary Fiber 10g,Protein 37g,Cholesterol 120mg,Sodium 930mg,1 unitRed Onion; 1 unitPoblano Pepper; 1/2 ounceCilantro; 2 unitTomato; 1 unitLime; 2 tablespoonWhite Wine Vinegar; 20 ounceGround Pork; 1 tablespoonFajita Spice Blend; 2 tablespoonTomato Paste; 1 unitChicken Stock Concentrate; 4 tablespoonSour Cream; 12 unitFlour Tortillas; 1/2 cupMonterey Jack Cheese; 4 teaspoonOlive Oil; 2 teaspoonSugar; Salt; Pepper
One-Pan Pork Carnitas Tacos,Milk; Soy; Wheat,Calories 720kcal,Fat 40g,Saturated Fat 14g,Carbohydrate 58g,Sugar 6g,Dietary Fiber 5g,Protein 33g,Cholesterol 110mg,Sodium 1080mg,1 unitRed Onion; 1 unitPoblano Pepper; 1/2 ounceCilantro; 2 unitRoma Tomato; 1 unitLime; 2 tablespoonWhite Wine Vinegar; 20 ounceGround Pork; 1 tablespoonFajita Spice Blend; 2 tablespoonTomato Paste; 1 unitChicken Stock Concentrate; 4 tablespoonSour Cream; 12 unitFlour Tortillas; 1/2 cupMonterey Jack Cheese; 4 teaspoonOlive Oil; 2 teaspoonSugar; Salt; Pepper
One-Pan Ravioli Gratin,Wheat; Eggs; Milk,Calories 526kcal,Fat 24g,Saturated Fat 11g,Carbohydrate 56g,Sugar 6g,Dietary Fiber 4g,Protein 27g,Cholesterol 88mg,Sodium 1090mg,9 ounceMushroom Ravioli; 8 ounceButton Mushrooms; 4 tablespoonSour Cream; 1 unitVeggie Stock Concentrate; 1/4 cupParmesan Cheese; 1/4 cupPanko Breadcrumbs; 1 unitYellow Onion; 1/4 ounceThyme; 2 teaspoonOlive Oil; unitSalt; unitPepper
One-Pan Shrimp Lo Mein,Soy; Wheat; Shellfish,Calories 520kcal,Fat 10g,,Carbohydrate 71g,Sugar 16g,Dietary Fiber 7g,Protein 28g,Cholesterol 215mg,Sodium 1480mg,6 ounceGreen Beans; 1 thumbGinger; 2 cloveGarlic; 2 unitScallions; 1 unitCarrots; 1 tablespoonSoy Sauce; 1 unitOrganic Veggie Stock; 1 tablespoonHoisin Sauce; 10 ounceShrimp; 8 ounceUdon Noodles; 1 teaspoonVegetable Oil; 2 teaspoonSugar; Salt; Pepper
One-Pan Steak Fajitas,Soy; Wheat; Milk,Calories 650kcal,Fat 27g,Saturated Fat 12g,Carbohydrate 56g,Sugar 7g,Dietary Fiber 5g,Protein 36g,Cholesterol 105mg,Sodium 670mg,3 unitRoma Tomato; 4 unitScallions; 1 canCorn; 1 unitLime; 20 ounceBeef Stir-Fry; 1 tablespoonEnchilada Spice Blend; 1 tablespoonSouthwest Spice Blend; 1 unitJalapeño; 12 unitFlour Tortillas; 8 tablespoonSour Cream; 1/2 ounceCilantro; 4 teaspoonOlive Oil; Salt; Pepper
One-Pan Tortelloni Gratin,Milk; Eggs; Wheat,Calories 740kcal,Fat 36g,Saturated Fat 12g,Carbohydrate 70g,Sugar 8g,Dietary Fiber 2g,Protein 30g,Cholesterol 90mg,Sodium 1130mg,4 cloveGarlic; 8 ounceKale; 2 cupMilk; 2 unitOrganic Veggie Stock; 4 ouncePesto; 18 ounceCheese Tortelloni; 1/2 cupPanko Breadcrumbs; 1/2 cupParmesan Cheese; 5 teaspoonOlive Oil; Salt; Pepper
One-Pan Tortelloni Pesto Gratin,Milk; Wheat; Eggs,Calories 720kcal,Fat 36g,Saturated Fat 12g,Carbohydrate 66g,Sugar 8g,Dietary Fiber 2g,Protein 29g,Cholesterol 90mg,Sodium 1090mg,2 boxMilk; 1/2 cupParmesan Cheese; 4 ouncePesto; 12 ounceAsparagus; 4 cloveGarlic; 1/2 cupPanko Breadcrumbs; 2 unitVeggie Stock Concentrate; 18 ounceCheese Tortelloni; 2 tablespoonOlive Oil; unitSalt; unitPepper
One-Pan Tropical Chicken Tacos,Milk; Soy; Wheat,Calories 600kcal,Fat 26g,Saturated Fat 9g,Carbohydrate 60g,Sugar 14g,Dietary Fiber 3g,Protein 34g,Cholesterol 135mg,Sodium 930mg,1 unitShallot; 1 unitBell Pepper; 1/4 ounceCilantro; 1 unitLime; 4 ouncePineapple; 10 ounceChicken Breast Strips; 1 tablespoonBlackening Spice; 1 tablespoonSouthwest Spice Blend; 4 tablespoonSour Cream; 1 teaspoonHot Sauce; 6 unitFlour Tortillas; 3 teaspoonVegetable Oil; Salt; Pepper
One-Pan Tropical Chicken Tacos,Milk; Soy; Wheat,Calories 560kcal,Fat 21g,Saturated Fat 8g,Carbohydrate 56g,Sugar 15g,Dietary Fiber 3g,Protein 31g,Cholesterol 130mg,Sodium 690mg,1 unitRed Onion; 2 unitBell Pepper; 1 unitKiwi; 1/4 ounceCilantro; 1 unitLime; 8 ouncePineapple; 20 ounceChicken Breast Strips; 1 tablespoonBlackening Spice; 1 tablespoonSouthwest Spice Blend; 6 tablespoonSour Cream; 1 teaspoonHot Sauce; 12 unitFlour Tortillas; 4 teaspoonVegetable Oil; Salt; Pepper
One-Pot Beef and Black Bean Chili,Milk,Calories 780kcal,Fat 35g,Saturated Fat 14g,Carbohydrate 53g,Sugar 18g,Dietary Fiber 12g,Protein 46g,Cholesterol 125mg,Sodium 1000mg,1 unitYellow Onion; 1 unitJalapeño; 10 ounceGround Beef; 1 tablespoonMexican Spice Blend; 1 tablespoonSouthwest Spice Blend; 1.5 ounceTomato Paste; 14 ounceDiced Tomatoes; 13.4 ounceBlack Beans; 1 unitBeef Stock Concentrate; 2 tablespoonSour Cream; 1 teaspoonHot Sauce; 1/4 cupMonterey Jack Cheese; 2 teaspoonVegetable Oil; Salt; Pepper
One-Pot Beef Orzotto,Wheat; Milk,Calories 970kcal,Fat 48g,Saturated Fat 20g,Carbohydrate 92g,Sugar 15g,Dietary Fiber 8g,Protein 42g,Cholesterol 140mg,Sodium 430mg,1 unitZucchini; 2 unitScallions; 10 ounceGround Beef; 1 tablespoonItalian Seasoning; 6 ounceOrzo Pasta; 1 unitChicken Stock Concentrate; 3 tablespoonTomato Paste; 1/4 cupPanko Breadcrumbs; 1/4 cupMonterey Jack Cheese; 2 teaspoonVegetable Oil; 1/2 tablespoonOlive Oil; 2 tablespoonButter; Salt; Pepper
One-Pot Cheese Tortelloni,Eggs; Milk; Wheat,Calories 620kcal,Fat 32g,Saturated Fat 17g,Carbohydrate 62g,Sugar 4g,Dietary Fiber 6g,Protein 25g,Cholesterol 110mg,Sodium 740mg,4 ounceKale; 4 ounceHeirloom Grape Tomatoes; 2 cloveGarlic; 1 unitLemon; 9 ounceCheese Tortelloni; 1 teaspoonChili Flakes; 1/4 cupParmesan Cheese; 2 teaspoonOlive Oil; 2 tablespoonButter; Salt; Pepper
One-Pot Italian Wedding Soup,Milk; Wheat,Calories 620kcal,Fat 28g,Saturated Fat 10g,Carbohydrate 54g,Sugar 7g,Dietary Fiber 6g,Protein 39g,Cholesterol 85mg,Sodium 590mg,16 ounceGround Pork; 8 ounceKale; 1/4 cupParmesan Cheese; 4 unitChicken Stock Concentrate; 1 tablespoonItalian Seasoning; 1 unitYellow Onion; 1 cupIsraeli Couscous; 2 cloveGarlic; 4 ounceRicotta Cheese; 1 unitCarrots; 1/4 cupPanko Breadcrumbs; 2 teaspoonOlive Oil; unitSalt; unitPepper
"One-Pot Mexican Quinoa with Sweet Corn, Avocado, and Feta",Milk,Calories 777kcal,Fat 26g,Saturated Fat 5g,Carbohydrate 96g,Sugar 14g,Dietary Fiber 32g,Protein 34g,,Sodium 1066mg,1.5 cupQuinoa; 4 cloveGarlic; 1 unitJalapeño; 2 unitVeggie Stock Concentrate; 26.8 ounceBlack Beans; 28 ounceDiced Tomatoes; 2 unitCorn on the Cob; 2 teaspoonChili Powder; 2 teaspoonCumin; 2 unitAvocado; 4 ounceFeta Cheese; 2 teaspoonOlive Oil
One-Pot Mexican Quinoa,Milk,Calories 613kcal,Fat 20g,Saturated Fat 7g,Carbohydrate 64g,Sugar 11g,Dietary Fiber 5g,Protein 43g,Cholesterol 152mg,Sodium 550mg,3/4 cupQuinoa; 2 cloveGarlic; 1 unitJalapeño; 1 unitVeggie Stock Concentrate; 1 boxBlack Beans; 1 boxDiced Tomatoes; 1 unitCorn on the Cob; 1 teaspoonChili Powder; 1 teaspoonCumin; 1/4 cupFeta Cheese; 2 unitScallions; 1 teaspoonOlive Oil; unitSalt; unitPepper
One-Pot Pork & Black Bean Chili,Milk,Calories 790kcal,Fat 37g,Saturated Fat 13g,Carbohydrate 58g,Sugar 17g,Dietary Fiber 12g,Protein 42g,Cholesterol 115mg,Sodium 1020mg,1 unitYellow Onion; 1 unitJalapeño; 10 ounceGround Pork; 1 tablespoonMexican Spice Blend; 1 tablespoonSouthwest Spice Blend; 1.5 ounceTomato Paste; 14 ounceDiced Tomatoes; 13.4 ounceBlack Beans; 1 unitBeef Stock Concentrate; 2 tablespoonSour Cream; 1 teaspoonHot Sauce; 1/4 cupMonterey Jack Cheese; 2 teaspoonVegetable Oil; Salt; Pepper
One-Pot Ravioli Bake,Milk; Eggs; Wheat,Calories 445kcal,Fat 22g,Saturated Fat 13g,Carbohydrate 42g,Sugar 3g,Dietary Fiber 3g,Protein 22g,Cholesterol 82mg,Sodium 806mg,18 ounceSpinach and Ricotta Ravioli; 5 ounceSpinach; 8 tablespoonSour Cream; 2 unitVeggie Stock Concentrate; 1/2 cupParmesan Cheese; 1/2 cupPanko Breadcrumbs; 1 unitYellow Onion; 1/4 ounceThyme; 2 teaspoonOlive Oil; 2 tablespoonButter; unitSalt; unitPepper
One-Pot Sausage and Tortelloni Soup,Eggs; Milk; Wheat,Calories 520kcal,Fat 28g,Saturated Fat 14g,Carbohydrate 28g,Sugar 10g,Dietary Fiber 4g,Protein 26g,Cholesterol 75mg,Sodium 1330mg,1 unitYellow Onion; 1/4 ounceParsley; 2 teaspoonGarlic Powder; 1 teaspoonDried Oregano; 9 ounceSweet Italian Pork Sausage; 2 boxCrushed Tomatoes; 1 unitChicken Stock Concentrate; 9 ounceCheese Tortelloni; 5 ounceSpinach; 1/2 cupParmesan Cheese; 1 teaspoonChili Flakes; unitOlive Oil; unitSalt; unitPepper
One-Pot Shrimp and Orzo,Wheat; Shellfish; Milk,Calories 731kcal,Fat 22g,Saturated Fat 11g,Carbohydrate 93g,Sugar 14g,Dietary Fiber 10g,Protein 41g,Cholesterol 228mg,Sodium 812mg,12 ounceOrzo Pasta; 20 ounceShrimp; 2 unitYellow Onion; 2 cloveGarlic; 1 tablespoonItalian Seasoning; 2 unitChicken Stock Concentrate; 2 boxDiced Tomatoes; 8 ouncePeas; 1 unitLemon; 1/2 cupParmesan Cheese; 4 tablespoonButter; 2 teaspoonOlive Oil; unitSalt; unitPepper
One-Pot Southwestern Beef Tacos,Milk; Soy; Wheat,Calories 730kcal,Fat 41g,Saturated Fat 18g,Carbohydrate 50g,Sugar 10g,Dietary Fiber 4g,Protein 31g,Cholesterol 120mg,Sodium 1440mg,4 unitScallions; 2 unitCarrots; 2 unitZucchini; 10 teaspoonRed Wine Vinegar; 2 tablespoonSouthwest Spice Blend; 2 unitLime; 4 tablespoonSour Cream; 20 ounceGround Beef; 2 teaspoonChili Powder; 2 unitBeef Stock Concentrate; 12 unitFlour Tortillas; 1 tablespoonOlive Oil; 2 teaspoonVegetable Oil; 2 tablespoonButter; Salt; Pepper
One-Pot Tortellini Wonder,Eggs; Milk; Wheat,Calories 720kcal,Fat 35g,Saturated Fat 12g,Carbohydrate 68g,Sugar 8g,Dietary Fiber 2g,Protein 30g,Cholesterol 91mg,Sodium 1109mg,9 ounceCheese Tortelloni; 1 boxMilk; 2 ouncePesto; 4 ounceKale; 1/4 cupPanko Breadcrumbs; 1/4 cupParmesan Cheese; 2 cloveGarlic; 1 unitVeggie Stock Concentrate; unitOlive Oil; unitSalt; unitPepper
One-Pot Tortelloni,Eggs; Milk; Wheat,Calories 695kcal,Fat 32g,Saturated Fat 12g,Carbohydrate 68g,Sugar 8g,Dietary Fiber 2g,Protein 30g,Cholesterol 91mg,Sodium 1109mg,18 ounceCheese Tortelloni; 2 boxMilk; 4 ouncePesto; 8 ounceKale; 1/2 cupPanko Breadcrumbs; 1/2 cupParmesan Cheese; 4 cloveGarlic; 2 unitVeggie Stock Concentrate; 5 teaspoonOlive Oil; unitSalt; unitPepper
One-Pot Tortelloni,Milk; Eggs; Wheat,Calories 800kcal,Fat 37g,Saturated Fat 12g,Carbohydrate 81g,Sugar 9g,Dietary Fiber 5g,Protein 32g,Cholesterol 90mg,Sodium 1130mg,2 cloveGarlic; 4 ounceKale; 1 cupMilk; 1 unitVeggie Stock Concentrate; 1/4 cupPesto; 9 ounceCheese Tortelloni; 1/4 cupPanko Breadcrumbs; 1/4 cupParmesan Cheese; 1 tablespoonOlive Oil; Salt; Pepper
One-Pot Tortilla Soup,Milk,Calories 740kcal,Fat 34g,Saturated Fat 8g,Carbohydrate 76g,Sugar 15g,Dietary Fiber 30g,Protein 30g,Cholesterol 25mg,Sodium 970mg,1 unitGreen Bell Pepper; 1 unitYellow Onion; 2 cloveGarlic; 1 tablespoonMexican Spice Blend; 1 boxBlack Beans; 1 boxCrushed Tomatoes; 1 unitJalapeño; 2 unitVeggie Stock Concentrate; 1 canCorn; 1 unitAvocado; 1/2 cupCheddar Cheese; 1.5 ounceTortilla Chips; 1 tablespoonOlive Oil; unitSalt; unitPepper
One-Pot Tortilla Soup,Milk,Calories 810kcal,Fat 36g,Saturated Fat 8g,Carbohydrate 89g,Sugar 14g,Dietary Fiber 31g,Protein 33g,Cholesterol 25mg,Sodium 880mg,1 unitYellow Onion; 1 unitGreen Bell Pepper; 2 cloveGarlic; 1 unitJalapeño; 13.4 ounceBlack Beans; 7.5 ounceCorn; 1.5 ounceTortilla Chips; 1 teaspoonMexican Spice Blend; 6.88 ounceCrushed Tomatoes; 2 unitVeggie Stock Concentrate; 1 unitAvocado; 1/2 cupCheddar Cheese; 1 tablespoonOlive Oil; Salt; Pepper
Open-Faced Pork Sausage Sandwiches,Soy; Wheat; Milk; Eggs,Calories 1110kcal,Fat 73g,Saturated Fat 31g,Carbohydrate 75g,Sugar 7g,,Protein 37g,Cholesterol 175mg,Sodium 1900mg,2 unitGreen Bell Pepper; 1 unitYellow Onion; 2 unitDemi-Baguette; 1 tablespoonItalian Seasoning; 1 teaspoonGarlic Powder; 9 ounceItalian Pork Sausage; 1/2 cupItalian Cheese Blend; 2 tablespoonSour Cream; 2 tablespoonMayonnaise; Salt; Pepper; 2 teaspoonOlive Oil; 3 tablespoonButter
Open-Faced Portobello Sandwiches,Soy; Wheat; Milk,Calories 605kcal,Fat 22g,Saturated Fat 10g,Carbohydrate 79g,Sugar 7g,Dietary Fiber 7g,Protein 26g,,Sodium 860mg,1 unitYellow Bell Peppers; 1/4 ounceOregano; 2 cloveGarlic; 2 unitCiabatta Bread; 4 ounceFresh Mozzarella; 5 ounceSpinach; 2 tablespoonBalsamic Vinegar; 8 ouncePortobello Mushrooms; unitSalt; unitPepper; 1 tablespoonOlive Oil
Open-Faced Turkey Patty Melts,Wheat; Milk; Eggs,Calories 698kcal,Fat 35g,Saturated Fat 10g,Carbohydrate 54g,Sugar 5g,Dietary Fiber 6g,Protein 38g,,Sodium 742mg,4 sliceWhole Wheat Bread; 4 ounceButton Mushrooms; 2 cloveGarlic; 1 unitShallot; 8 ounceGround Turkey; 1 tablespoonTuscan Heat Spice; 2 ounceGruyère Cheese; 2 ounceArugula; 1 unitMayonnaise; 2 tablespoonBalsamic Vinegar; 1 tablespoonOlive Oil; unitSalt; unitPepper
Orange and Cashew Chicken Stir-Fry,Tree Nuts; Soy; Wheat,Calories 660kcal,Fat 21g,Saturated Fat 4g,Carbohydrate 81g,Sugar 9g,Dietary Fiber 4g,Protein 37g,Cholesterol 90mg,Sodium 580mg,3/4 cupJasmine Rice; 10 ounceChicken Cutlets; 1 tablespoonCornstarch; 1 unitGinger; 1 unitBell Pepper; 2 unitScallions; 1 unitOrange; 1 ounceCashews; 1 teaspoonKorean Chili Flakes; 2 tablespoonSoy Sauce; 5 teaspoonVegetable Oil; 2 teaspoonSugar; Salt; Pepper
Orange-Glazed Chicken,Milk,Calories 700kcal,Fat 31g,Saturated Fat 11g,Carbohydrate 62g,Sugar 20g,Dietary Fiber 12g,Protein 43g,Cholesterol 150mg,Sodium 460mg,4 unitSweet Potatoes; 16 ounceBrussels Sprouts; 4 unitScallions; 24 ounceChicken Breasts; 2 unitCara Cara Orange; 1 tablespoonSouthwest Spice Blend; 2 unitChicken Stock Concentrate; 1 teaspoonChili Flakes; 2 tablespoonVegetable Oil; 2 teaspoonSugar; 3 tablespoonButter; Salt; Pepper
Orange-Glazed Meatballs,Soy; Wheat,Calories 581kcal,Fat 21g,Saturated Fat 6g,Carbohydrate 61g,Sugar 18g,Dietary Fiber 4g,Protein 35g,Cholesterol 90mg,Sodium 410mg,10 ounceGround Beef; 6 ounceBaby Broccoli; 1/2 cupJasmine Rice; 1 unitOrange; 1 jarSoy Sauce Jar; 1 ounceOrange Jam; 2 cloveGarlic; 2 tablespoonWhite Wine Vinegar; 1 tablespoonOlive Oil; unitSalt; unitPepper
Orchard Chicken Salad,Eggs; Tree Nuts,Calories 510kcal,Fat 25g,Saturated Fat3.5 g,Carbohydrate 38g,Sugar 19g,Dietary Fiber 6g,Protein 34g,Cholesterol 105mg,Sodium 260mg,10 ounceChicken Cutlets; 1 unitSweet Potatoes; 1 tablespoonSweet and Smoky BBQ Seasoning; 2 ounceMixed Greens; 1.5 ounceHoney Dijon Dressing; 1 unitApple; 1/2 ouncePecans; Salt; Pepper; 2 teaspoonOlive Oil; 1 teaspoonVegetable Oil
Orecchiette Pork Sausage Bolognese,Wheat; Milk,Calories 930kcal,Fat 48g,Saturated Fat 19g,Carbohydrate 86g,Sugar 12g,Dietary Fiber 7g,Protein 35g,Cholesterol 115mg,Sodium 1310mg,3 ounceCarrot; 1 unitYellow Onion; 9 ounceItalian Pork Sausage; 6 ounceOrecchiette Pasta; 1 teaspoonItalian Seasoning; 1 unitRoma Tomato; 1/2 ounceBasil; 1.5 ounceTomato Paste; 1 unitChicken Stock Concentrate; 1/4 cupParmesan Cheese; 1 teaspoonOlive Oil; 1 tablespoonButter; Salt; Pepper
Orzo and Chorizo Casserole,Wheat; Milk,Calories 764kcal,Fat 30g,Saturated Fat 13g,Carbohydrate 83g,Sugar 7g,Dietary Fiber 9g,Protein 43g,,Sodium 1178mg,1 unitYellow Onion; 2 cloveGarlic; 4 ounceGrape Tomatoes; 1/4 ounceThyme; 1 tablespoonTomato Paste; 6 ounceFresh Pork Chorizo; 6 ounceOrzo Pasta; 1 unitVeggie Stock Concentrate; 2 ounceMozzarella Cheese; 1/4 cupParmesan Cheese; 5 ounceSpinach; 2 teaspoonOlive Oil; unitSalt; unitPepper
Oven Roasted Chicken,Milk,Calories 672kcal,Fat 18g,Saturated Fat 6g,Carbohydrate 84g,Sugar 15g,Dietary Fiber 14g,Protein 51g,Cholesterol 120mg,Sodium 562mg,12 ounceChicken Breasts; 8 ounceBrussels Sprouts; 1 unitCarrots; 1 unitParsnip; 1/4 ounceThyme; 1 unitLemon; 1 unitGluten Free Chicken Demi Glace; 1/2 cupBasmati Rice; unitSalt; unitPepper; 1 tablespoonOlive Oil; 1 tablespoonButter
Oven-Baked Apricot Chicken Legs,Milk,Calories 640kcal,Fat 26g,Saturated Fat 10g,Carbohydrate 56g,Sugar 18g,Dietary Fiber 11g,Protein 50g,Cholesterol 230mg,Sodium 350mg,16 ounceChicken Legs; 1 teaspoonPaprika; 12 ounceYukon Gold Potatoes; 1 tablespoonFry Seasoning; 1 unitLemon; 2 tablespoonApricot Jam; 2 teaspoonDijon Mustard; 8 ounceBroccoli Florets; 1 teaspoonChili Flakes; 2 teaspoonOlive Oil; 2 tablespoonButter; Salt; Pepper
Oven-Baked Chicken Legs,Wheat; Milk,Calories 980kcal,Fat 54g,Saturated Fat 19g,Carbohydrate 73g,Sugar 16g,Dietary Fiber 5g,Protein 48g,Cholesterol 230mg,Sodium 520mg,6 ounceGemelli Pasta; 2 teaspoonDijon Mustard; 4 tablespoonSour Cream; 1 tablespoonRanch Spice; 6.75 ounceMilk; 1.5 cupPanko Breadcrumbs; 3 tablespoonFlour; 1 teaspoonPaprika; 32 ounceChicken Legs; 2 unitScallions; 1 ounceHoney; 1 teaspoonHot Sauce; 1/2 cupMonterey Jack Cheese; 16 ounceBroccoli Florets; 1 tablespoonOlive Oil; 3 tablespoonButter; Salt; Pepper
Oven-Baked Corn and Tomato Risotto,Milk,Calories 689kcal,Fat 25g,Saturated Fat 10g,Carbohydrate 102g,Sugar 12g,Dietary Fiber 10g,Protein 22g,Cholesterol 50mg,Sodium 799mg,3/4 cupArborio Rice; 2 unitChicken Stock Concentrate; 4 ouncePancetta; 1/4 cupParmesan Cheese; 4 ounceGrape Tomatoes; 1 canCorn; 1 unitYellow Onion; 2 cloveGarlic; 1 unitLemon; 1 tablespoonButter; 2 teaspoonOlive Oil; unitSalt; unitPepper
Oven-Baked Parmesan Chicken,Milk; Wheat; Soy,Calories 680kcal,Fat 34g,Saturated Fat 14g,Carbohydrate 33g,Sugar 4g,Dietary Fiber 4g,Protein 46g,Cholesterol 165mg,Sodium 730mg,1/4 cupParmesan Cheese; 1/4 cupPanko Breadcrumbs; 1 teaspoonPaprika; 12 ounceChicken Breasts; 8 ounceBroccoli Florets; 1 unitDemi-Baguette; 2 tablespoonGarlic Herb Butter; 2 unitOven-Ready Aluminum Trays; 5 teaspoonOlive Oil; Salt; Pepper
Oven-Baked Parmesan Risotto,Milk,Calories 530kcal,Fat 18g,Saturated Fat 11g,Carbohydrate 84g,Sugar 12g,Dietary Fiber 6g,Protein 14g,Cholesterol 45mg,Sodium 560mg,2 unitGarlic; 1 unitZucchini; 2 unitShallot; 4 ounceHeirloom Grape Tomatoes; 2 unitVeggie Stock Concentrate; 3/4 cupArborio Rice; 1 tablespoonItalian Seasoning; 5 teaspoonBalsamic Vinegar; 1 unitLemon; 1/4 cupParmesan Cheese; 2 tablespoonButter; 4 teaspoonOlive Oil; Salt; Pepper
Oven-Fried Chicken,Milk; Wheat,Calories 970kcal,Fat 60g,Saturated Fat 25g,Carbohydrate 54g,Sugar 8g,Dietary Fiber 3g,Protein 53g,Cholesterol 285mg,Sodium 800mg,1 unitLemon; 6 tablespoonSour Cream; 1 cupPanko Breadcrumbs; 1 tablespoonItalian Seasoning; 1 teaspoonPaprika; 1/4 cupParmesan Cheese; 32 ounceChicken Legs; 6 ounceMacaroni Pasta; 2 unitScallions; 8 ouncePeas; 2 tablespoonGarlic Herb Butter; 1 cupItalian Cheese Blend; 1/4 cupMonterey Jack Cheese; 4 tablespoonCream Cheese; 2 teaspoonOlive Oil; Salt; Pepper
Oven-Ready Bubbly Tortelloni Bake,Soy; Wheat; Eggs; Milk,Calories 860kcal,Fat 40g,Saturated Fat 19g,Carbohydrate 89g,Sugar 12g,Dietary Fiber 7g,Protein 37g,Cholesterol 130mg,Sodium 2030mg,1 unitCiabatta Bread; 9 ounceCheese Tortelloni; 14 ounceMarinara Cup; 1 unitVeggie Stock Concentrate; 1 tablespoonTuscan Heat Spice; 1/2 cupMozzarella Cheese; 2 unitOven-Ready Aluminum Trays; 1 unitRicotta Cheese; 1 teaspoonSugar; 1 teaspoonOlive Oil; 2 tablespoonButter; Salt; Pepper
Oven-Ready Chicken & Gnocchi Bake,Wheat; Milk,Calories 700kcal,Fat 31g,Saturated Fat 13g,Carbohydrate 62g,Sugar 6g,Dietary Fiber 3g,Protein 43g,Cholesterol 155mg,Sodium 1680mg,8.8 ounceGnocchi; 2 unitOven-Ready Aluminum Trays; 10 ounceChicken Cutlets; 14 ounceMarinara Cup; 1 teaspoonItalian Seasoning; 1/4 cupPanko Breadcrumbs; 1/2 cupMozzarella Cheese; 1 teaspoonChili Flakes; 1 tablespoonOlive Oil; 2 tablespoonButter; Salt; Pepper
Oven-Ready Chili Coconut Curry Chicken,Tree Nuts; Soy; Milk,Calories 630kcal,Fat 30g,Saturated Fat 16g,Carbohydrate 59g,Sugar 12g,Dietary Fiber 4g,Protein 34g,Cholesterol 115mg,Sodium 610mg,10 ounceChicken Breast Strips; 2 unitOven-Ready Aluminum Trays; 5.07 ounceCoconut Milk; 1 tablespoonCurry Powder; 1 ounceSweet Thai Chili Sauce; 1 unitChicken Stock Concentrate; 1 unitMicrowaveable Jasmine Rice; 4 ounceShredded Carrots; 1 unitLime; 1/4 ounceCilantro; Salt; Pepper; 1/2 teaspoonSugar; 1 tablespoonButter
Oven-Ready Dijon Onion Crunch Chicken,Eggs; Milk; Wheat; Soy,Calories 700kcal,Fat 42g,Saturated Fat 19g,Carbohydrate 39g,Sugar 8g,Dietary Fiber 3g,Protein 40g,Cholesterol 165mg,Sodium 670mg,10 ounceChicken Cutlets; 2 unitOven-Ready Aluminum Trays; 1.5 ounceHoney Dijon Dressing; 1/4 cupMonterey Jack Cheese; 1 unitCrispy Fried Onions; 6 ounceGreen Beans; 1 teaspoonGarlic Powder; 1 unitCiabatta Bread; Salt; Pepper; 3 tablespoonButter
Oven-Ready Soy-Glazed Chicken,Soy; Wheat; Milk,Calories 560kcal,Fat 16g,Saturated Fat 6g,Carbohydrate 66g,Sugar 17g,Dietary Fiber 4g,Protein 37g,Cholesterol 120mg,Sodium 1070mg,8 ounceBroccoli Florets; 1 tablespoonSesame Seeds; 10 ounceChicken Cutlets; 4 tablespoonSweet Soy Glaze; 1 unitMicrowaveable Jasmine Rice; 1 teaspoonKorean Chili Flakes; 2 unitOven-Ready Aluminum Trays; 1 teaspoonOlive Oil; 1 tablespoonButter; Salt; Pepper
Oven-Roasted Cauliflower,Milk; Tree Nuts,Calories 537kcal,Fat 12g,Saturated Fat2.5 g,Carbohydrate 97g,Sugar 20g,Dietary Fiber 9g,Protein 20g,Cholesterol 2mg,Sodium 138mg,10 ounceCauliflower Florets; 3/4 cupBasmati Rice; 1 unitYellow Onion; 1 teaspoonCumin Seeds; 1/4 ounceCilantro; 1 unitYogurt; 2 cloveGarlic; 1 unitLemon; 1 ounceGolden Raisins; 1 ounceCashew Pieces; 1 teaspoonTunisian Spice Blend; 2 teaspoonOlive Oil; unitSalt; unitPepper
"Oven-Roasted Chicken with Winter Vegetables, Basmati Rice, and Lemon-Thyme Pan Sauce",Milk,Calories 642kcal,Fat 17g,Saturated Fat 5g,Carbohydrate 80g,Sugar 13g,Dietary Fiber 14g,Protein 51g,,Sodium 402mg,12 ounceChicken Breasts; 8 ounceBrussels Sprouts; 6 ounceCarrots; 6 ounceParsnip; 1/4 ounceThyme; 1 unitLemon; 1 unitGluten Free Chicken Demi Glace; 1/2 cupBasmati Rice; 1 tablespoonButter; 1 tablespoonOlive Oil; boxSalt; boxPepper
"Oven-Roasted Chicken with Winter Vegetables, Basmati Rice, and Lemon-Thyme Pan Sauce",Milk,Calories 642kcal,Fat 17g,Saturated Fat 5g,Carbohydrate 80g,Sugar 13g,Dietary Fiber 14g,Protein 51g,,Sodium 402mg,24 ounceChicken Breasts; 16 ounceBrussels Sprouts; 12 ounceCarrots; 12 ounceParsnip; 1/4 ounceThyme; 1 unitLemon; 2 unitGluten Free Chicken Demi Glace; 1 cupBasmati Rice; 2 tablespoonOlive Oil; 2 tablespoonButter; boxSalt; boxPepper
Oven-Roasted Mediterranean Cauliflower,Wheat; Milk,Calories 460kcal,Fat 25g,Saturated Fat 4g,Carbohydrate 54g,Sugar 10g,Dietary Fiber 15g,Protein 17g,,Sodium 260mg,10 ounceCauliflower Florets; 1 unitVeggie Stock Concentrate; 1/2 cupBulgur Wheat; 1 teaspoonChili Flakes; 1 teaspoonCumin; 1 unitPersian Cucumber; 1/4 ounceDill; 1 unitLemon; 4 ounceGrape Tomatoes; 1/2 cupYogurt; 1 ouncePepitas; 7 teaspoonOlive Oil; Salt; Pepper
Oven-Roasted Salmon,Fish,Calories 826kcal,Fat 53g,,Carbohydrate 44g,,Dietary Fiber 10g,Protein 45g,,,2 unitSkin-on Salmon; 3 ounceQuinoa; 1 unitTangelo; 1 unitAvocado; 1 unitVeggie Stock Concentrate; 2 unitScallions; 4 ounceArugula; 2 tablespoonWhite Wine Vinegar; 2.5 tablespoonOlive Oil
