Title,Allergens,Calories,Fat,Saturated Fat,Carbohydrate,Sugar,Dietary Fiber,Protein,Cholesterol,Sodium,Ingredients
Baby Back Ribs & BBQ Chicken Sandwiches,Eggs; Milk; Soy; Wheat,Calories 1360kcal,Fat 62g,Saturated Fat 15g,Carbohydrate 151g,Sugar 76g,Dietary Fiber 9g,Protein 53g,Cholesterol 190mg,Sodium 2100mg,1 unitBBQ Baby Back Ribs; 16 ounceYukon Gold Potatoes; 13.4 ounceCorn; 2 teaspoonAncho Chili Powder; 2 unitShallot; 2.5 ounceCelery; 10 ounceGrape Tomatoes; 2 unitGreen Herb Blend; 1/2 ounceBasil; 4 ounceColeslaw Mix; 5 teaspoonWhite Wine Vinegar; 1/2 cupMayonnaise; 2 teaspoonDijon Mustard; 1.5 ounceRanch Dressing; 20 ounceBBQ Pulled Chicken; 4 unitPotato Buns; Salt; Pepper; 1 teaspoonOlive Oil
Baby Carrots,,,,,,,,,,,Ingredients/ serving 2 people1 unitBaby Carrots; 1 unitBaby Carrots
Baby Portobello and Orecchiette Primavera,Wheat; Milk,Calories 580kcal,Fat 18g,Saturated Fat 9g,Carbohydrate 84g,Sugar 13g,Dietary Fiber 9g,Protein 23g,Cholesterol 45mg,Sodium 200mg,1 unitYellow Onion; 2 cloveGarlic; 4 ounceMushrooms; 8 ounceAsparagus; 1 unitBell Pepper; 6 ounceOrecchiette Pasta; 1 teaspoonTuscan Heat Spice; 6 tablespoonSour Cream; 1/4 cupParmesan Cheese; 2 teaspoonOlive Oil; Salt; Pepper
Baby Portobello and Orecchiette Primavera,Wheat; Milk,Calories 550kcal,Fat 16g,Saturated Fat 7g,Carbohydrate 84g,Sugar 12g,Dietary Fiber 8g,Protein 22g,Cholesterol 35mg,Sodium 230mg,1 unitYellow Onion; 2 cloveGarlic; 1/4 ounceChives; 4 ounceMushrooms; 6 ounceAsparagus; 1 unitRed Bell Pepper; 6 ounceOrecchiette Pasta; 1 teaspoonChili Flakes; 4 tablespoonSour Cream; 1/4 cupParmesan Cheese; 2 teaspoonOlive Oil; unitSalt; unitPepper
Bacon & Swiss Egg Bites,Eggs; Milk,Calories 180kcal,Fat 15g,Saturated Fat 7g,Carbohydrate 1g,,,Protein 10g,Cholesterol 200mg,Sodium 300mg,Ingredients/ serving 2 peopleBacon & Swiss Egg Bites; Bacon & Swiss Egg Bites
Bacon & Swiss Egg Bites,Eggs; Milk,Calories 180kcal,Fat 15g,Saturated Fat 7g,Carbohydrate 1g,,,Protein 10g,Cholesterol 200mg,Sodium 300mg,Ingredients/ serving 2 peopleBacon & Swiss Egg Bites; Bacon & Swiss Egg Bites
Bacon Apple Breakfast Flatbreads,Wheat; Sesame; Milk,Calories 640kcal,Fat 32g,Saturated Fat 9g,Carbohydrate 66g,Sugar 21g,Dietary Fiber 4g,Protein 22g,Cholesterol 50mg,Sodium 720mg,2 unitFlatbreads; 1 unitRed Onion; 2 teaspoonHoney; 2 tablespoonBalsamic Vinegar; 5 unitRicotta Cheese; 1 unitGranny Smith Apple; 3 ounceBacon; 1 tablespoonOlive Oil; 1/4 teaspoonSugar; unitSalt; unitPepper
Bacon Apple Breakfast Pizza,Wheat; Sesame; Milk,Calories 680kcal,Fat 3710g,Saturated Fat 66g,Carbohydrate 21g,Sugar 4g,Dietary Fiber 22g,Protein 22g,Cholesterol 55mg,Sodium 800mg,4 ounceBacon; 1 unitRed Onion; 2 tablespoonBalsamic Vinegar; 1 unitGranny Smith Apple; 2 unitFlatbreads; 4 ounceRicotta Cheese; 1/2 ounceHoney; 0.06 teaspoonSugar; 1 tablespoonOlive Oil; Salt; Pepper
Bacon Buckaroo Burgers,Wheat; Milk,Calories 1430kcal,Fat 85g,Saturated Fat 37g,Carbohydrate 105g,Sugar 30g,Dietary Fiber 7g,Protein 56g,Cholesterol 260mg,Sodium 2830mg,1 unitYellow Onion; 2 unitBrioche Buns; 16 ounceYukon Gold Potatoes; 1 tablespoonFry Seasoning; 2 ounceBBQ Sauce; 4 ounceBacon; 10 ounceGround Beef; 2 sliceGouda Cheese; 1/2 cupPepper Jack Cheese; 2 unitScallions; 4 tablespoonSour Cream; 1 unitDill Pickle; 2 teaspoonVegetable Oil; 1 tablespoonButter; Salt; Pepper
Bacon Caprese Chicken,Milk,Calories 710kcal,Fat 32g,Saturated Fat 11g,Carbohydrate 44g,Sugar 10g,Dietary Fiber 8g,Protein 59g,Cholesterol 195mg,Sodium 410mg,24 ounceYukon Gold Potatoes; 8 ounceGrape Tomatoes; 1 unitLemon; 8 ounceFresh Mozzarella; 1 teaspoonDried Oregano; 1 teaspoonChili Flakes; 8 ounceBacon; 24 ounceChicken Breasts; 4 ounceMixed Greens; 10 teaspoonBalsamic Glaze; 4 teaspoonOlive Oil; Salt; Pepper
Bacon Guacamole D-Luxe Burgers,Milk; Wheat,Calories 1240kcal,Fat 77g,Saturated Fat 32g,Carbohydrate 77g,Sugar 15g,Dietary Fiber 10g,Protein 55g,Cholesterol 240mg,Sodium 2220mg,12 ounceYukon Gold Potatoes; 2 unitScallions; 1 unitRoma Tomato; 1 unitLime; 2 ounceGuacamole; 4 tablespoonSour Cream; 1 teaspoonSmoked Paprika; 1 tablespoonSouthwest Spice Blend; 4 ounceBacon; 10 ounceGround Beef; 1/2 cupPepper Jack Cheese; 2 unitBrioche Buns; 1/2 cupMexican Cheese Blend; 2 ounceMixed Greens; 2 teaspoonVegetable Oil; 2 teaspoonOlive Oil; Salt; Pepper
"Bacon, Egg & Cheese Sandwiches",Eggs; Milk; Soy; Wheat,Calories 970kcal,Fat 48g,Saturated Fat 20g,Carbohydrate 97g,Sugar 23g,Dietary Fiber 7g,Protein 29g,Cholesterol 260mg,Sodium 1470mg,12 ounceYukon Gold Potatoes; 1 unitYellow Onion; 1 unitLong Green Pepper; 1/4 ounceCilantro; 1 tablespoonFry Seasoning; 4 tablespoonKetchup; 4 ounceBacon; 2 unitEggs; 2 unitPotato Buns; 1/2 cupWhite Cheddar Cheese; Salt; Pepper; 2 teaspoonOlive Oil
"Bacon, Egg, and Cheese on Brioche",Wheat; Milk; Eggs,Calories 590kcal,Fat 36g,Saturated Fat 11g,Carbohydrate 49g,Sugar 11g,Dietary Fiber 5g,Protein 22g,Cholesterol 240mg,Sodium 830mg,3 ounceBacon; 2 tablespoonKetchup; 1/4 teaspoonChipotle Powder; 2 unitBrioche Buns; 1/2 cupMonterey Jack Cheese; 2 unitEggs; 1 unitLemon; 2 ounceArugula; 2 teaspoonVegetable Oil; Salt; Pepper
Baconlicious Burgers,Milk; Eggs; Wheat,Calories 1370kcal,Fat 86g,Saturated Fat 30g,Carbohydrate 86g,Sugar 20g,Dietary Fiber 11g,Protein 55g,Cholesterol 225mg,Sodium 2260mg,12 ounceYukon Gold Potatoes; 1 unitYellow Onion; 1 unitRomaine Lettuce; 1 unitRoma Tomato; 4 ounceBacon; 10 ounceGround Beef; 2 sliceGouda Cheese; 2 tablespoonMayonnaise; 1 ounceWhole Grain Mustard; 2 unitBrioche Buns; 4 tablespoonSour Cream; 1 tablespoonRanch Spice; 1 tablespoonBold & Savory Steak Spice; 1 tablespoonVegetable Oil; Salt; Pepper; 1 teaspoonSugar
Bacon-Studded Orecchiette Molisane,Milk; Wheat,Calories 790kcal,Fat 36g,Saturated Fat 12g,Carbohydrate 90g,Sugar 11g,Dietary Fiber 10g,Protein 27g,Cholesterol 55mg,Sodium 700mg,1 unitYellow Onion; 1 cloveGarlic; 1 unitRoma Tomato; 1 unitLemon; 8 ounceBroccoli Florets; 1/2 ounceBasil; 4 ounceBacon; 1 tablespoonItalian Seasoning; 1 teaspoonChili Flakes; 1/4 cupParmesan Cheese; Colavita Orecchiette Pasta; Salt; Pepper; 2 teaspoonVegetable Oil
Bacony French Onion Soup Burgers,Milk; Wheat,Calories 1510kcal,Fat 100g,Saturated Fat 40g,Carbohydrate 97g,Sugar 23g,Dietary Fiber 10g,Protein 55g,Cholesterol 270mg,Sodium 2390mg,12 ounceYukon Gold Potatoes; 1 unitYellow Onion; 1/4 ounceThyme; 1 unitRoma Tomato; 1 unitLemon; 2 unitBeef Stock Concentrate; 1 tablespoonFry Seasoning; 4 ounceBacon; 4 ounceCream Sauce Base; 1/2 cupMozzarella Cheese; 10 ounceGround Beef; 2 unitBrioche Buns; 2 ounceMixed Greens; 2 tablespoonOlive Oil; 1 teaspoonVegetable Oil; 2 tablespoonButter; Salt; Pepper; 1 tablespoonSugar
Baja Barramundi,Milk; Fish,Calories 570kcal,Fat 26g,Saturated Fat 12g,Carbohydrate 54g,Sugar 5g,Dietary Fiber 2g,Protein 30g,Cholesterol 115mg,Sodium 400mg,4 ounceGrape Tomatoes; 2 unitScallions; 1/4 ounceCilantro; 1 unitLime; 1 unitChili Pepper; 1/2 cupJasmine Rice; 1 unitMushroom Stock Concentrate; 2 tablespoonSour Cream; 1 teaspoonCumin; 10 ounceBarramundi; 1 teaspoonTurmeric; 2 teaspoonVegetable Oil; 2 tablespoonButter; Salt; Pepper
Baja Chicken Quesadillas,Milk; Wheat,Calories 770kcal,Fat 44g,Saturated Fat 19g,Carbohydrate 41g,Sugar 8g,Dietary Fiber 4g,Protein 42g,Cholesterol 180mg,Sodium 1160mg,1 unitRed Onion; 10 ounceChicken Breast Strips; 1 tablespoonBlackening Spice; 1 unitLime; 1 unitRoma Tomato; 2 tablespoonSour Cream; 2 unitFlour Tortilla; 1/2 cupMozzarella Cheese; 1/2 cupMexican Cheese Blend; 1 teaspoonHot Sauce; 3 teaspoonVegetable Oil; 1 tablespoonButter; Salt; Pepper
Baked and Breaded Sole,Fish; Wheat; Milk,Calories 510kcal,Fat 19g,Saturated Fat 7g,Carbohydrate 49g,Sugar 9g,Dietary Fiber 9g,Protein 43g,Cholesterol 115mg,Sodium 430mg,24 ounceSole; 24 ounceYukon Gold Potatoes; 3 unitCarrots; 1 unitLemon; 2 cloveGarlic; 1/4 ounceParsley; 2 teaspoonHerbes de Provence; 1/2 cupPanko Breadcrumbs; 1/2 cupParmesan Cheese; 4 teaspoonOlive Oil; 2 tablespoonButter; unitSalt; unitPepper
Baked Chicken Parmesan,Wheat; Milk,Calories 960kcal,Fat 39g,Saturated Fat 15g,Carbohydrate 101g,Sugar 16g,Dietary Fiber 7g,Protein 55g,Cholesterol 175mg,Sodium 740mg,1 unitYellow Onion; 1/2 ounceBasil; 1/2 cupPanko Breadcrumbs; 1 tablespoonTuscan Heat Spice; 12 ounceChicken Breasts; 2 tablespoonSour Cream; 6 ounceSpaghetti; 13.76 ounceCrushed Tomatoes; 1/2 cupMozzarella Cheese; 5 teaspoonOlive Oil; 1/2 teaspoonSugar; 2 tablespoonButter; Salt; Pepper
Baked Chicken Parmesan,Wheat; Milk,Calories 780kcal,Fat 20g,Saturated Fat 8g,Carbohydrate 90g,Sugar 13g,Dietary Fiber 6g,Protein 66g,Cholesterol 135mg,Sodium 810mg,24 ounceChicken Breasts; 2 boxCrushed Tomatoes; 4 cloveGarlic; 12 ounceRigatoni Pasta; 4 ounceFresh Mozzarella; 1 tablespoonItalian Seasoning; 1 tablespoonOnion Powder; 1/2 cupPanko Breadcrumbs; 1/2 cupParmesan Cheese; 8 ounceGrape Tomatoes; 4 teaspoonOlive Oil; unitSalt; unitPepper
Baked Fusilli Pasta,Wheat; Milk,Calories 900kcal,Fat 33g,Saturated Fat 15g,Carbohydrate 101g,Sugar 15g,Dietary Fiber 8g,Protein 54g,Cholesterol 122mg,Sodium 747mg,10 ounceGround Beef; 6 ounceFusilli Pasta; 1 unitYellow Onion; 2 cloveGarlic; 4 ounceKale; 1 teaspoonDried Oregano; 1/2 ounceBasil; 1/4 cupPanko Breadcrumbs; 4 ounceFresh Mozzarella; 1 teaspoonChili Flakes; 1 boxCrushed Tomatoes; 2 teaspoonOlive Oil; unitSalt; unitPepper
Baked Parmesan Chicken Strips,Wheat; Milk; Eggs,Calories 591kcal,Fat 18g,Saturated Fat 5g,Carbohydrate 52g,Sugar 13g,Dietary Fiber 7g,Protein 52g,Cholesterol 212mg,Sodium 728mg,24 ounceChicken Breasts; 1 cupPanko Breadcrumbs; 1/2 cupParmesan Cheese; 1 teaspoonDried Rosemary; 24 ounceYukon Gold Potatoes; 12 ounceGreen Beans; 2 unitEggs; 2 jarDijon Mustard; 2 jarHoney; 2 tablespoonOlive Oil; unitSalt; unitPepper
Ballpark-Style Sloppy Joes,Fish; Soy; Wheat; Milk; Eggs,Calories 890kcal,Fat 41g,Saturated Fat 17g,Carbohydrate 90g,Sugar 16g,Dietary Fiber 6g,Protein 44g,Cholesterol 120mg,Sodium 1390mg,12 ounceYukon Gold Potatoes; 1 unitYellow Onion; 1 unitLong Green Pepper; 1 cloveGarlic; 2 tablespoonKetchup; 2 teaspoonDijon Mustard; 1 unitBeef Stock Concentrate; 6 millilitersPonzu Sauce; 1 tablespoonCornstarch; 10 ounceGround Beef; 1/2 cupMozzarella Cheese; 2 unitPotato Buns; Salt; Pepper; 1 tablespoonOlive Oil
Balsamic & Fig Beef Tenderloin,Milk; Wheat,Calories 760kcal,Fat 39g,Saturated Fat 17g,Carbohydrate 65g,Sugar 20g,Dietary Fiber 9g,Protein 40g,Cholesterol 145mg,Sodium 570mg,12 ounceYukon Gold Potatoes; 8 ounceBrussels Sprouts; 1 unitShallot; 1/4 ounceRosemary; 1 cloveGarlic; 2 tablespoonSour Cream; 1/4 cupPanko Breadcrumbs; 10 ounceBeef Tenderloin Filets; 1 unitBeef Stock Concentrate; 2 tablespoonFig Jam; 5 teaspoonBalsamic Vinegar; 3 tablespoonButter; 1 tablespoonOlive Oil; 2 teaspoonVegetable Oil; Salt; Pepper
Balsamic Bell Pepper Boats,Wheat; Milk,Calories 610kcal,Fat 23g,Saturated Fat 6g,Carbohydrate 84g,Sugar 18g,Dietary Fiber 6g,Protein 17g,Cholesterol 20mg,Sodium 510mg,1 unitGreen Bell Pepper; 1 unitBell Pepper; 1 unitShallot; 1 cloveGarlic; 2 unitRoma Tomato; 1 unitGreen Herb Blend; 3/4 cupIsraeli Couscous; 1 tablespoonItalian Seasoning; 1 unitVeggie Stock Concentrate; 5 teaspoonBalsamic Glaze; 1 teaspoonChili Flakes; 1/2 cupMozzarella Cheese; Salt; Pepper; 7 teaspoonOlive Oil
Balsamic Bellissimo Chicken,Milk,Calories 530kcal,Fat 26g,Saturated Fat 10g,Carbohydrate 44g,Sugar 9g,Dietary Fiber 9g,Protein 34g,Cholesterol 135mg,Sodium 310mg,12 ounceYukon Gold Potatoes; 6 ounceGreen Beans; 5 teaspoonBalsamic Glaze; 1 unitLemon; 1 tablespoonTuscan Heat Spice; 10 ounceChicken Cutlets; 1 unitChicken Stock Concentrate; 4 teaspoonOlive Oil; 2 tablespoonButter; Salt; Pepper
Balsamic Chicken Dinner,Milk; Wheat,Calories 570kcal,Fat 25g,Saturated Fat 10g,Carbohydrate 41g,Sugar 10g,Dietary Fiber 7g,Protein 44g,Cholesterol 150mg,Sodium 500mg,1 unitRoma Tomato; 12 ounceYukon Gold Potatoes; 24 ounceChicken Breasts; 1 tablespoonTuscan Heat Spice; 1/2 cupParmesan Cheese; 6 ounceGreen Beans; 1 teaspoonChili Flakes; 6 ounceGemelli Pasta; 5 teaspoonBalsamic Glaze; 1 unitChicken Stock Concentrate; 2 ouncePesto; 5 teaspoonOlive Oil; 1 tablespoonButter; Salt; Pepper
Balsamic Chicken Rustico,Milk,Calories 500kcal,Fat 16g,Saturated Fat 5g,Carbohydrate 48g,Sugar 16g,Dietary Fiber 7g,Protein 44g,Cholesterol 115mg,Sodium 190mg,12 ounceChicken Breasts; 4 ounceGrape Tomatoes; 1 unitYellow Onion; 2 cloveGarlic; 4 ounceBaby Carrots; 12 ounceYukon Gold Potatoes; 2 tablespoonBalsamic Vinegar; 1 tablespoonHerbes de Provence; 1/2 ounceHoney; 1 tablespoonOlive Oil; 1 tablespoonButter; unitSalt; unitPepper
Balsamic Fig Chicken,Milk,Calories 560kcal,Fat 21g,Saturated Fat 7g,Carbohydrate 55g,Sugar 19g,Dietary Fiber 9g,Protein 39g,Cholesterol 135mg,Sodium 300mg,12 ounceYukon Gold Potatoes; 1 unitShallot; 1/4 ounceRosemary; 1 unitLemon; 12 ounceChicken Breasts; 5 teaspoonBalsamic Vinegar; 2 tablespoonFig Jam; 1 unitChicken Stock Concentrate; 2 ounceMixed Greens; 4 teaspoonOlive Oil; 1 tablespoonButter; Salt; Pepper
Balsamic Fig Chicken,Milk,Calories 560kcal,Fat 20g,Saturated Fat 6g,Carbohydrate 62g,Sugar 21g,Dietary Fiber 11g,Protein 37g,Cholesterol 120mg,Sodium 320mg,12 ounceYukon Gold Potatoes; 1 unitShallot; 1/4 ounceRosemary; 1 unitLemon; 10 ounceChicken Cutlets; 5 teaspoonBalsamic Vinegar; 2 tablespoonFig Jam; 1 unitChicken Stock Concentrate; 8 ounceBroccoli Florets; 1 tablespoonOlive Oil; 1 tablespoonButter; Salt; Pepper; 1 teaspoonVegetable Oil
Balsamic Fig Chicken,Milk,Calories 610kcal,Fat 27g,Saturated Fat 8g,Carbohydrate 61g,Sugar 26g,Dietary Fiber 8g,Protein 35g,Cholesterol 150mg,Sodium 420mg,2 unitSweet Potatoes; 1 unitZucchini; 1 unitShallot; 1/4 ounceRosemary; 12 ounceChicken Breast; 5 teaspoonBalsamic Vinegar; 2 tablespoonFig Jam; 1 unitChicken Stock Concentrate; 4 teaspoonOlive Oil; 1 teaspoonVegetable Oil; 1 tablespoonButter; Salt; Pepper
Balsamic Fig Sirloin,Milk,Calories 660kcal,Fat 29g,Saturated Fat 10g,Carbohydrate 52g,Sugar 18g,Dietary Fiber 7g,Protein 36g,Cholesterol 140mg,Sodium 790mg,12 ounceFingerling Potatoes; 1/4 ounceRosemary; 1 unitShallot; 2 cloveGarlic; 6 ounceGreen Beans; 14 ounceSirloin Steak; 5 teaspoonBalsamic Vinegar; 1 unitBeef Stock Concentrate; 2 tablespoonFig Jam; 1 tablespoonOlive Oil; 1 tablespoonVegetable Oil; 1 tablespoonButter; Salt; Pepper
Balsamic Nectarine Duck Breasts,Tree Nuts; Milk,Calories 830kcal,Fat 49g,Saturated Fat 15g,Carbohydrate 69g,Sugar 15g,Dietary Fiber 7g,Protein 39g,Cholesterol 265mg,Sodium 540mg,12 ounceDuck Breasts; 1 unitNectarine; 1 unitShallot; 2 unitScallions; 1/4 ounceMint; 1 unitLemon; 1 ounceAlmonds; 1/2 cupJasmine Rice; 5 teaspoonBalsamic Glaze; 1 unitChicken Stock Concentrate; 2 ounceWatercress; 1 teaspoonVegetable Oil; 2 teaspoonOlive Oil; 2 tablespoonButter; Salt; Pepper
Balsamic Onion Burgers,Wheat; Eggs,Calories 720kcal,Fat 39g,Saturated Fat 11g,Carbohydrate 60g,Sugar 12g,Dietary Fiber 6g,Protein 32g,Cholesterol 95mg,Sodium 530mg,16 ounceGround Beef; 20 ounceCauliflower Florets; 2 unitRed Onion; 2 cloveGarlic; 2 teaspoonDried Oregano; 1/2 cupPanko Breadcrumbs; 2 jarMayonnaise; 2 tablespoonBalsamic Vinegar; 4 unitBrioche Buns; 5 teaspoonVegetable Oil; unitSalt; unitPepper
Balsamic Onion Burgers,Wheat; Eggs,Calories 770kcal,Fat 46g,Saturated Fat 13g,Carbohydrate 54g,Sugar 12g,Dietary Fiber 5g,Protein 35g,Cholesterol 135mg,Sodium 790mg,10 ounceCauliflower Florets; 1/4 cupPanko Breadcrumbs; 1 unitRed Onion; 1 cloveGarlic; 3 teaspoonBalsamic Vinegar; 10 ounceGround Beef; 1 teaspoonDried Oregano; 2 tablespoonMayonnaise; 2 unitBrioche Buns; 4 teaspoonVegetable Oil; Salt; Pepper
Balsamic Rosemary Strip Steak,Soy; Wheat; Milk,Calories 1140kcal,Fat 74g,Saturated Fat 26g,Carbohydrate 83g,Sugar 27g,Dietary Fiber 8g,Protein 49g,Cholesterol 160mg,Sodium 1380mg,1 unitBartlett Pear; 2 unitDemi-Baguette; 2 unitShallot; 1/4 ounceRosemary; 2 tablespoonGarlic Herb Butter; 12 ounceNew York Strip Steak; 3 teaspoonBalsamic Vinegar; 1 unitChicken Demi-Glace; 2 ounceArugula; 2 ounceRicotta Salata Cheese; 1 tablespoonOlive Oil; 1 thumbVegetable Oil; Salt; Pepper
Balsamic Rosemary Turkey Meatloaves,Wheat; Milk; Tree Nuts,Calories 660kcal,Fat 32g,Saturated Fat 10g,Carbohydrate 60g,Sugar 17g,Dietary Fiber 8g,Protein 38g,Cholesterol 125mg,Sodium 1150mg,1 unitYellow Onion; 1 cloveGarlic; 1/4 ounceRosemary; 1/4 cupPanko Breadcrumbs; 10 ounceGround Turkey; 1 unitChicken Stock Concentrate; 12 ounceYukon Gold Potatoes; 4 tablespoonKetchup; 5 teaspoonBalsamic Vinegar; 6 ounceGreen Beans; 2 tablespoonSour Cream; 1/2 ounceAlmonds; Salt; Pepper; 1 teaspoonVegetable Oil; 1 teaspoonOlive Oil; 1 tablespoonButter
Balsamic Veggie Flatbreads,Milk; Wheat; Sesame,Calories 630kcal,Fat 28g,Saturated Fat 9g,Carbohydrate 72g,Sugar 14g,Dietary Fiber 7g,Protein 27g,Cholesterol 45mg,Sodium 790mg,1 unitZucchini; 1/2 ounceBasil; 1 unitLemon; 4 ounceRicotta Cheese; 2 unitFlatbreads; 1/2 cupItalian Cheese Blend; 1/2 ounceSunflower Seeds; 5 teaspoonBalsamic Glaze; 1 teaspoonVegetable Oil; 2.5 teaspoonOlive Oil; Salt; Pepper
Balsamic-and-Fig Beef Tenderloin,Milk; Wheat,Calories 740kcal,Fat 38g,Saturated Fat 17g,Carbohydrate 62g,Sugar 20g,Dietary Fiber 9g,Protein 40g,Cholesterol 145mg,Sodium 600mg,12 ounceYukon Gold Potatoes; 8 ounceBrussels Sprouts; 1 unitShallot; 1/4 ounceRosemary; 2 cloveGarlic; 2 tablespoonSour Cream; 1/4 cupPanko Breadcrumbs; 10 ounceBeef Tenderloin Filets; 1 unitBeef Stock Concentrate; 2 tablespoonFig Jam; 5 teaspoonBalsamic Vinegar; 3 tablespoonButter; 1 tablespoonOlive Oil; 2 teaspoonVegetable Oil; Salt; Pepper
Balsamic-Drizzled Skirt Steak,Soy; Wheat; Milk,Calories 1050kcal,Fat 61g,Saturated Fat 18g,Carbohydrate 75g,Sugar 26g,Dietary Fiber 7g,Protein 50g,Cholesterol 125mg,Sodium 1240mg,1 unitPear; 2 unitDemi-Baguette; 4 ounceButton Mushrooms; 12 ounceSkirt Steak; 2 tablespoonGarlic Herb Butter; 2 tablespoonBalsamic Vinegar; 1 unitChicken Demi-Glace; 2 ounceArugula; 1/2 cupRicotta Salata Cheese; 4 teaspoonVegetable Oil; 2.5 tablespoonOlive Oil; Salt; Pepper
Balsamic-Glazed Pork Chop Dinner,Wheat; Milk; Tree Nuts,Calories 720kcal,Fat 34g,Saturated Fat 7g,Carbohydrate 61g,Sugar 33g,Dietary Fiber 9g,Protein 41g,Cholesterol 100mg,Sodium 150mg,1 unitChicken Stock Concentrate; 1/2 cupCouscous; 2 unitSweet Potatoes; 12 ouncePork Chops; 8 teaspoonBalsamic Vinegar; 1 unitShallot; 1 unitApple; 1 unitLemon; 6 ounceGrilling Cheese; 2 ounceWalnuts; 2.32 ounceDried Cranberries; 4 ounceMixed Greens; 11 teaspoonOlive Oil; 1 tablespoonSugar; Salt; Pepper
Balsamic-Glazed Pork Chop Dinner,Wheat; Milk; Tree Nuts,Calories 730kcal,Fat 34g,Saturated Fat 7g,Carbohydrate 64g,Sugar 35g,Dietary Fiber 9g,Protein 41g,Cholesterol 100mg,Sodium 150mg,1 unitChicken Stock Concentrate; 1/2 cupCouscous; 2 unitSweet Potatoes; 12 ouncePork Chops; 8 teaspoonBalsamic Vinegar; 1 unitShallot; 1 unitApple; 1 unitLemon; 6 ounceGrilling Cheese; 2 ounceWalnuts; 2.32 ounceDried Cranberries; 4 ounceMixed Greens; 11 teaspoonOlive Oil; 1 tablespoonSugar; Salt; Pepper
Bangers and Mash,Milk,Calories 700kcal,Fat 38g,Saturated Fat 15g,Carbohydrate 44g,Sugar 10g,Dietary Fiber 7g,Protein 24g,Cholesterol 90mg,Sodium 1080mg,12 ounceWhite Potatoes; 1 unitZucchini; 9 ounceSweet Italian Pork Sausage; 4 ounceGrape Tomatoes; 1 unitChicken Demi-Glace; 1/4 ounceThyme; 2 unitScallions; 3 teaspoonVegetable Oil; 2 tablespoonButter; Salt; Pepper
BÃ¡nh MÃŒ Burgers,Eggs; Soy; Wheat,Calories 960kcal,Fat 57g,Saturated Fat 14g,Carbohydrate 84g,Sugar 23g,Dietary Fiber 11g,Protein 38g,Cholesterol 150mg,Sodium 1600mg,1 unitShallot; 1 unitLime; 1 unitLemongrass; 1/4 ounceMint; 1 unitPersian Cucumber; 4 unitCarrots; 4 tablespoonMayonnaise; 2 teaspoonSriracha; 10 ounceGround Pork; 1 tablespoonSoy Sauce; 1 teaspoonThai Seasoning Blend; 2 unitBrioche Buns; 2 teaspoonVegetable Oil; Salt; Pepper
Banh Mi Meatball Bowls,Wheat; Fish; Soy; Eggs; Milk,Calories 830kcal,Fat 42g,Saturated Fat 15g,Carbohydrate 81g,Sugar 24g,Dietary Fiber 4g,Protein 30g,Cholesterol 125mg,Sodium 1770mg,1 thumbGinger; 1 cloveGarlic; 1 unitPersian Cucumber; 1/4 ounceCilantro; 1 unitLime; 1/2 cupJasmine Rice; 10 ounceGround Beef; 1/4 cupPanko Breadcrumbs; 6 millilitersPonzu Sauce; 4 ounceShredded Carrots; 1 teaspoonSriracha; 2 tablespoonMayonnaise; 4 tablespoonSweet Soy Glaze; Salt; Pepper; 1 teaspoonVegetable Oil; 1 tablespoonButter
Banh Mi Pork Burgers,Eggs; Soy; Fish; Wheat; Milk,Calories 940kcal,Fat 48g,Saturated Fat 14g,Carbohydrate 94g,Sugar 19g,Dietary Fiber 9g,Protein 33g,Cholesterol 110mg,Sodium 1200mg,12 ounceYukon Gold Potatoes; 1 unitPersian Cucumber; 3 ounceCarrot; 1 unitShallot; 1 thumbGinger; 1/4 ounceCilantro; 1 unitLime; 10 ounceGround Pork; 1 teaspoonSriracha; 2 tablespoonMayonnaise; 1 teaspoonGarlic Powder; 18 millilitersPonzu Sauce; 2 unitPotato Buns; Salt; Pepper; 2 teaspoonSugar; 4 teaspoonVegetable Oil
Banh-Mi-Style Chicken Tacos,Eggs; Soy; Wheat,Calories 700kcal,Fat 33g,Saturated Fat 9g,Carbohydrate 89g,Sugar 28g,Dietary Fiber 4g,Protein 35g,Cholesterol 100mg,Sodium 2350mg,1 unitLime; 1 unitPersian Cucumber; 1/4 ounceCilantro; 10 ounceChicken Breast Strips; 5 teaspoonRice Wine Vinegar; 4 ounceShredded Carrots; 2 tablespoonMayonnaise; 1 teaspoonSriracha; 6 unitFlour Tortillas; 4 tablespoonSweet Soy Glaze; 2 teaspoonVegetable Oil; 1/2 teaspoonSugar; Salt; Pepper
Barbecue Beef Meatloaves,Milk; Eggs; Wheat,Calories 810kcal,Fat 48g,Saturated Fat 16g,Carbohydrate 58g,Sugar 10g,Dietary Fiber 7g,Protein 31g,Cholesterol 125mg,Sodium 1090mg,16 ounceYukon Gold Potatoes; 2 unitScallions; 6 tablespoonSour Cream; 2 tablespoonMayonnaise; 2 teaspoonDijon Mustard; 5 teaspoonWhite Wine Vinegar; 10 ounceGround Beef; 1/2 cupPanko Breadcrumbs; 1 unitBeef Stock Concentrate; 1 tablespoonSweet and Smoky BBQ Seasoning; 4 ounceShredded Red Cabbage; 1 teaspoonVegetable Oil; 2 teaspoonOlive Oil; Salt; Pepper
Barbecue Burger,Milk; Eggs; Soy; Wheat,Calories 746kcal,Fat 31g,Saturated Fat 11g,Carbohydrate 77g,Sugar 15g,Dietary Fiber 9g,Protein 41g,Cholesterol 105mg,Sodium 731mg,24 ounceYukon Gold Potatoes; 4 unitRoma Tomato; 2 teaspoonGarlic Powder; 16 ounceGround Beef; 2 jarBBQ Sauce; 1 cupCheddar Cheese; 4 unitPotato Buns; 4 ounceMixed Greens; 1 jarKetchup; 2 tablespoonOlive Oil; unitSalt; unitPepper
Barbecue Chicken Tenders,Wheat,Calories 580kcal,Fat 12g,Saturated Fat 2g,Carbohydrate 69g,Sugar 25g,Dietary Fiber 8g,Protein 45g,Cholesterol 120mg,Sodium 630mg,2 unitSweet Potatoes; 1/2 tablespoonFry Seasoning; 1/2 cupPanko Breadcrumbs; 6 ounceSugar Snap Peas; 12 ounceChicken Tenders; 1/4 cupBBQ Sauce; 2 teaspoonDijon Mustard; 1/2 ounceHoney; 4 teaspoonOlive Oil; Salt; Pepper
Barbecue Chicken,Wheat; Eggs,Calories 725kcal,Fat 21g,Saturated Fat 4g,Carbohydrate 92g,Sugar 18g,Dietary Fiber 7g,Protein 46g,Cholesterol 158mg,Sodium 418mg,24 ounceChicken Thighs; 2 teaspoonBBQ Seasoning; 12 ounceGemelli Pasta; 2 unitRed Bell Pepper; 4 unitScallions; 2 unitShallot; 4 tablespoonRed Wine Vinegar; 2 jarBBQ Sauce; 10 ounceColeslaw Mix; 2 jarMayonnaise; 2 teaspoonOlive Oil; unitSalt; unitPepper
Barbecue Pork Chops for Dinner,Wheat; Milk; Eggs,Calories 640kcal,Fat 31g,Saturated Fat 8g,Carbohydrate 48g,Sugar 17g,Dietary Fiber 6g,Protein 39g,Cholesterol 125mg,Sodium 510mg,12 ounceYukon Gold Potatoes; 4 unitScallions; 1 unitLemon; 2 unitRoma Tomato; 1 tablespoonFry Seasoning; 6 ouncePenne Pasta; 2 tablespoonSour Cream; 2 tablespoonMayonnaise; 4 ounceShredded Red Cabbage; 24 ouncePork Chops; 1 tablespoonSweet and Smoky BBQ Seasoning; 1/4 cupBBQ Sauce; 1 tablespoonFlour; 1 unitChicken Stock Concentrate; 1 cupMexican Cheese Blend; 4 teaspoonVegetable Oil; 1 teaspoonSugar; 2 tablespoonButter; Salt; Pepper
Barbecue Pork Meatloaves,Eggs; Wheat,Calories 700kcal,Fat 37g,Saturated Fat 9g,Carbohydrate 62g,Sugar 24g,Dietary Fiber 8g,Protein 31g,Cholesterol 190mg,Sodium 570mg,2 unitSweet Potatoes; 1 unitRed Onion; 1/4 ounceChives; 1 unitEggs; 10 ounceGround Pork; 1/5“ cupPanko Breadcrumbs; 1 tablespoonSweet and Smoky BBQ Seasoning; 1/4 cupBBQ Sauce; 4 ounceShredded Red Cabbage; 2 tablespoonMayonnaise; 1 teaspoonWhite Wine Vinegar; 1 teaspoonOlive Oil; 1/2 teaspoonSugar; Salt; Pepper
Barbecue Pork Meatloaves,Wheat; Eggs,Calories 780kcal,Fat 43g,Saturated Fat 13g,Carbohydrate 69g,Sugar 24g,Dietary Fiber 8g,Protein 30g,Cholesterol 195mg,Sodium 550mg,2 unitSweet Potatoes; 1 unitRed Onion; 1/4 ounceChives; 10 ounceGround Pork; 1/5“ cupPanko Breadcrumbs; 1 tablespoonSweet and Smoky BBQ Seasoning; 1 unitEggs; 1/4 cupBBQ Sauce; 4 ounceShredded Red Cabbage; 2 tablespoonMayonnaise; 1 teaspoonWhite Wine Vinegar; 1 teaspoonOlive Oil; 1/2 teaspoonSugar; Salt; Pepper
Barbecue Pulled Pork Flatbreads,Wheat; Sesame; Milk,Calories 1030kcal,Fat 63g,Saturated Fat 22g,Carbohydrate 71g,Sugar 14g,Dietary Fiber 4g,Protein 42g,Cholesterol 160mg,Sodium 1560mg,1 unitRoma Tomato; 2 unitScallions; 10 ouncePulled Pork; 1 tablespoonSweet and Smoky BBQ Seasoning; 2 unitFlatbreads; 1/2 cupMozzarella Cheese; 2 ounceBBQ Sauce; 1 tablespoonButter; 8 teaspoonOlive Oil; Salt; Pepper
Barbecue Pulled Pork Sandwiches,Milk; Wheat,Calories 660kcal,Fat 25g,Saturated Fat 9g,Carbohydrate 73g,Sugar 30g,Dietary Fiber 7g,Protein 32g,Cholesterol 145mg,Sodium 1110mg,2 unitScallions; 1 unitCarrots; 4 ounceShredded Red Cabbage; 3 tablespoonSour Cream; 5 teaspoonWhite Wine Vinegar; 1 unitPersian Cucumber; 10 ouncePulled Pork; 1 tablespoonSweet and Smoky BBQ Seasoning; 4 tablespoonBBQ Sauce; 2 tablespoonKetchup; 2 unitBrioche Buns; 1 teaspoonSugar; 1 teaspoonVegetable Oil; Salt; Pepper
Barbecue Turkey Burgers,Milk; Wheat,Calories 960kcal,Fat 49g,Saturated Fat 24g,Carbohydrate 86g,Sugar 22g,Dietary Fiber 7g,Protein 45g,Cholesterol 185mg,Sodium 1930mg,12 ounceYukon Gold Potatoes; 1 unitRoma Tomato; 2 unitScallions; 1 unitDill Pickle; 1 unitChili Pepper; 4 tablespoonSour Cream; 1 tablespoonSweet and Smoky BBQ Seasoning; 10 ounceGround Turkey; 4 tablespoonKetchup; 2 unitBrioche Buns; 1/2 cupCheddar Cheese; 2 teaspoonVegetable Oil; 2 tablespoonButter; Salt; Pepper
Barley & Avocado Salad,Wheat,Calories 657kcal,Fat 25g,,Carbohydrate 97g,,Dietary Fiber 27g,Protein 19g,,Sodium 1022mg,3/4 ouncePearl Barley; 3 ounceGrape Tomatoes; 1 unitShallot; 1/2 ounceBasil; 1 unitAvocado; 1 canButter Beans; 1 unitVeggie Stock Concentrate; 2 tablespoonBalsamic Vinegar; 1 tablespoonDijon Mustard; 2 tablespoonOlive Oil
Barramundi and Scallion Sriracha Pesto,Soy; Wheat; Fish; Milk,Calories 670kcal,Fat 34g,Saturated Fat 12g,Carbohydrate 56g,Sugar 6g,Dietary Fiber 6g,Protein 38g,Cholesterol 95mg,Sodium 810mg,1 thumbGinger; 2 unitScallions; 1 unitLime; 8 ounceBrussels Sprouts; 2 tablespoonSoy Sauce; 1/2 cupJasmine Rice; 1 tablespoonSesame Oil; 1 teaspoonSriracha; 10 ounceAustralis Barramundi; 4 teaspoonVegetable Oil; 1 teaspoonSugar; 2 tablespoonButter; Salt; Pepper
Barramundi over Corn & Poblano Hash,Milk; Fish,Calories 640kcal,Fat 26g,Saturated Fat 8g,Carbohydrate 67g,Sugar 17g,Dietary Fiber 11g,Protein 37g,Cholesterol 95mg,Sodium 360mg,12 ounceYukon Gold Potatoes; 1 unitPoblano Pepper; 1 unitYellow Onion; 13.4 ounceCorn; 1 tablespoonSouthwest Spice Blend; 1 unitRoma Tomato; 1 unitLime; 4 tablespoonSour Cream; 10 ounceAustralis Barramundi; Salt; Pepper; 1 tablespoonOlive Oil; 2 teaspoonVegetable Oil
Barramundi,Fish,Calories 160kcal,Fat 6g,Saturated Fat 2g,,,,Protein 28g,Cholesterol 75mg,Sodium 55mg,Ingredients/ serving 2 people10Barramundi; 10Barramundi
Barramundi with Creamy Salsa Verde,Milk; Fish,Calories 560kcal,Fat 25g,Saturated Fat 6g,Carbohydrate 52g,Sugar 13g,Dietary Fiber 10g,Protein 33g,Cholesterol 85mg,Sodium 190mg,2 unitSweet Potatoes; 1 unitPoblano Pepper; 1 unitRed Onion; 1 unitRoma Tomato; 1 teaspoonCumin; 1 unitLime; 1/4 ounceCilantro; 2 cloveGarlic; 1 unitJalapeÃ±o; 2 tablespoonSour Cream; 10 ounceAustralis Barramundi; 5 teaspoonOlive Oil; 2 teaspoonVegetable Oil; Salt; Pepper
Basil-Oil-Topped Parmesan Risotto,Milk,Calories 550kcal,Fat 26g,Saturated Fat 9g,Carbohydrate 68g,Sugar 6g,Dietary Fiber 3g,Protein 13g,Cholesterol 30mg,Sodium 550mg,2 unitVeggie Stock Concentrate; 2 unitScallions; 3/4 cupArborio Rice; 1 tablespoonTuscan Heat Spice; 4 ounceGrape Tomatoes; 1 unitZucchini; 5 teaspoonBasil Oil; 5 teaspoonBalsamic Vinegar; 1/4 cupParmesan Cheese; 1 teaspoonVegetable Oil; 1 tablespoonButter; Salt; Pepper
Bavette Steak & Burst Tomato Sauce,Milk,Calories 1010kcal,Fat 56g,Saturated Fat 24g,Carbohydrate 82g,Sugar 8g,Dietary Fiber 4g,Protein 42g,Cholesterol 170mg,Sodium 980mg,2 cloveGarlic; 1 unitShallot; 2 unitChicken Stock Concentrate; 3/4 cupArborio Rice; 10 ounceBavette Steak; 4 ounceGrape Tomatoes; 5 teaspoonBalsamic Vinegar; 1/4 cupParmesan Cheese; 2 tablespoonCrÃ¨me FraÃ®che; 1 tablespoonOlive Oil; 3 tablespoonButter; Salt; Pepper
Bavette Steak & Sherry Shallot Sauce,Milk,Calories 900kcal,Fat 60g,Saturated Fat 20g,Carbohydrate 39g,Sugar 7g,Dietary Fiber 7g,Protein 52g,Cholesterol 135mg,Sodium 930mg,1 unitShallot; 12 ounceYukon Gold Potatoes; 6 ounceGreen Beans; 1 teaspoonGarlic Powder; 1/4 cupParmesan Cheese; 10 ounceBavette Steak; 5 teaspoonSherry Vinegar; 1 unitBeef Stock Concentrate; 2 tablespoonSour Cream; 4 teaspoonVegetable Oil; 7 teaspoonOlive Oil; 1 tablespoonButter; Salt; Pepper
Bavette Steak,,Calories 380kcal,Fat 22g,Saturated Fat 8g,,,,Protein 42g,Cholesterol 95mg,Sodium 100mg,Ingredients/ serving 2 people10 ounceBavette Steak; 10 ounceBavette Steak
Bayou Blackened Chicken Legs,Milk,Calories 910kcal,Fat 38g,Saturated Fat 14g,Carbohydrate 79g,Sugar 7g,Dietary Fiber 9g,Protein 57g,Cholesterol 250mg,Sodium 870mg,1 unitLong Green Pepper; 2 unitScallions; 1 cloveGarlic; 13.4 ounceKidney Beans; 16 ounceChicken Legs; 1 tablespoonBlackening Spice; 1/2 cupJasmine Rice; 1 unitChicken Stock Concentrate; 1 teaspoonSmoked Paprika; 4 tablespoonSour Cream; 1 teaspoonHot Sauce; 2 teaspoonVegetable Oil; 2 teaspoonOlive Oil; 2 tablespoonButter; Salt; Pepper
Bayou Shrimp,,,,,,,,,,,More delicious recipes with similar ingredientsChicken with yogurt dressing and wild ricePork Chops with Fennel SaladBeef and noodlesGrilled Vegetable TostadasSalmon Steaks with Hoisin GlazePortobello Mushroom BurgerParmesan Chicken with Roasted Parsnips and CarrotsLean and Green PastaBurger with Caramelized Onions and BaconWonton Shrimp and Noodle SoupWild Rice Stuffed SquashSquash and Chickpea StewPork Kimchee with NoodlesScallop and Bacon FettucineCoconut Chicken SoupFresh Tomato Pasta SaladSeared Steak with Sweet Potato Puree and BroccoliniTofu Potato ScrambleVegetable GumbooLamb Tacos; Chicken with yogurt dressing and wild ricePork Chops with Fennel SaladBeef and noodlesGrilled Vegetable TostadasSalmon Steaks with Hoisin GlazePortobello Mushroom BurgerParmesan Chicken with Roasted Parsnips and CarrotsLean and Green PastaBurger with Caramelized Onions and BaconWonton Shrimp and Noodle SoupWild Rice Stuffed SquashSquash and Chickpea StewPork Kimchee with NoodlesScallop and Bacon FettucineCoconut Chicken SoupFresh Tomato Pasta SaladSeared Steak with Sweet Potato Puree and BroccoliniTofu Potato ScrambleVegetable GumbooLamb Tacos; Chicken with yogurt dressing and wild rice; Pork Chops with Fennel Salad; Beef and noodles; Grilled Vegetable Tostadas; Salmon Steaks with Hoisin Glaze; Portobello Mushroom Burger; Parmesan Chicken with Roasted Parsnips and Carrots; Lean and Green Pasta; Burger with Caramelized Onions and Bacon; Wonton Shrimp and Noodle Soup; Wild Rice Stuffed Squash; Squash and Chickpea Stew; Pork Kimchee with Noodles; Scallop and Bacon Fettucine; Coconut Chicken Soup; Fresh Tomato Pasta Salad; Seared Steak with Sweet Potato Puree and Broccolini; Tofu Potato Scramble; Vegetable Gumboo; Lamb Tacos
BBQ Baby Back Ribs & Cheesy Buffalo Mac,Eggs; Milk; Wheat,Calories 1380kcal,Fat 77g,Saturated Fat 33g,Carbohydrate 112g,Sugar 63g,Dietary Fiber 3g,Protein 60g,Cholesterol 265mg,Sodium 2440mg,2 unitScallions; 1.5 ounceRanch Dressing; 2 tablespoonSour Cream; 1 teaspoonHot Sauce; 8 ounceColeslaw Mix; 2 unitBBQ Baby Back Ribs; 6 ounceCavatappi Pasta; 1/4 cupPanko Breadcrumbs; 14.4 gFrank's RedHot® Original Seasoning Blend; 8 ounceCream Sauce Base; 2 tablespoonCream Cheese; 1/2 cupPepper Jack Cheese; 1/2 cupWhite Cheddar Cheese; Salt; Pepper; 1 tablespoonButter
BBQ Chicken and Sweet Potato Salad for Dinner,Milk,Calories 580kcal,Fat 19g,Saturated Fat 7g,Carbohydrate 72g,Sugar 40g,Dietary Fiber 8g,Protein 30g,Cholesterol 125mg,Sodium 470mg,2 unitSweet Potatoes; 1/2 cupJasmine Rice; 13.4 ounceCorn; 1 unitLong Green Pepper; 1 unitRoma Tomato; 1/4 ounceCilantro; 1 unitRed Onion; 1 unitLime; 4 tablespoonBBQ Sauce; 1.5 ounceHot Honey; 20 ounceChicken Cutlets; 3 tablespoonButter; 4 teaspoonVegetable Oil; Salt; Pepper
BBQ Chicken Tacos,Milk; Soy; Wheat,Calories 690kcal,Fat 30g,Saturated Fat 12g,Carbohydrate 59g,Sugar 22g,Dietary Fiber 4g,Protein 37g,Cholesterol 140mg,Sodium 1190mg,1 unitFirstFruits Opal Apple; 1 unitLime; 2 unitScallions; 2 tablespoonSour Cream; 4 ounceShredded Red Cabbage; 10 ounceChicken Breast Strips; 4 tablespoonBBQ Sauce; 6 unitFlour Tortillas; 1/2 teaspoonSugar; 2 teaspoonVegetable Oil; 1 tablespoonButter; Salt; Pepper
BBQ Pork & Apple Meatloaves,Wheat; Milk,Calories 730kcal,Fat 42g,Saturated Fat 17g,Carbohydrate 59g,Sugar 20g,Dietary Fiber 8g,Protein 29g,Cholesterol 135mg,Sodium 430mg,1/4 cupPanko Breadcrumbs; 1 tablespoonFry Seasoning; 12 ounceYukon Gold Potatoes; 1 teaspoonAncho Chili Powder; 2 tablespoonSour Cream; 4 tablespoonBBQ Sauce; 1 unitApple; 10 ounceGround Pork; 6 ounceGreen Beans; 1 cloveGarlic; Salt; Pepper; 2 teaspoonOlive Oil; 2 tablespoonButter
BBQ Pulled Chicken Sandwiches,Wheat; Milk; Eggs,Calories 770kcal,Fat 38g,Saturated Fat 10g,Carbohydrate 85g,Sugar 43g,Dietary Fiber 2g,Protein 27g,Cholesterol 140mg,Sodium 2190mg,1 unitDill Pickle; 2 unitBrioche Buns; 5 teaspoonRed Wine Vinegar; 4 ounceShredded Red Cabbage; 2 tablespoonSour Cream; 1 tablespoonBold & Savory Steak Spice; 4 tablespoonMayonnaise; 2 teaspoonHot Sauce; 10 ounceBBQ Pulled Chicken; 1 teaspoonSugar; Salt; Pepper
BBQ Ranch Chicken Flatbreads,Wheat; Sesame; Milk; Eggs,Calories 950kcal,Fat 52g,Saturated Fat 15g,Carbohydrate 72g,Sugar 14g,Dietary Fiber 3g,Protein 52g,Cholesterol 145mg,Sodium 1350mg,1 unitLong Green Pepper; 2 unitFlatbreads; 10 ounceChicken Breast Strips; 4 tablespoonBBQ Sauce; 1/2 cupMozzarella Cheese; 1.5 ounceRanch Dressing; 1/2 cupCheddar Cheese; 1/2 cupWhite Cheddar Cheese; 3 teaspoonVegetable Oil; 4 teaspoonOlive Oil; Salt; Pepper
BBQ Tofu,Soy; Milk,Calories 624kcal,Fat 25g,,Carbohydrate 68g,,Dietary Fiber 11g,Protein 30g,,Sodium 1027mg,1/2 cupPolenta; 14 ounceFirm tofu; 1 unitRed Onion; 1 unitJalapeÃ±o; 1 unitCorn on the Cob; 2 ounceCheddar Cheese; 4 ounceGreen Beans; 2 cloveGarlic; 1 teaspoonBBQ Spice Rub; 2 tablespoonKetchup; 2 tablespoonRed Wine Vinegar; 2 tablespoonHot Sauce; 1 unitVeggie Stock Concentrate; 2 teaspoonOlive Oil
BBQ-Glazed Chicken Legs,Milk; Soy,Calories 600kcal,Fat 25g,Saturated Fat 8g,Carbohydrate 44g,Sugar 14g,Dietary Fiber 6g,Protein 50g,Cholesterol 220mg,Sodium 610mg,16 ounceChicken Legs; 12 ounceFingerling Potatoes; 6 ounceGreen Beans; 4 tablespoonBBQ Sauce; 1/4 cupMonterey Jack Cheese; 2 tablespoonSmoky Red Pepper Crema; Salt; Pepper; 4 teaspoonOlive Oil
BBQ-Rubbed Chicken,Milk,Calories 720kcal,Fat 34g,Saturated Fat 14g,Carbohydrate 65g,Sugar 27g,Dietary Fiber 11g,Protein 41g,Cholesterol 170mg,Sodium 480mg,2 unitSweet Potatoes; 3 ounceCarrot; 1 unitLemon; 4 tablespoonSour Cream; 12 ounceChicken Breasts; 1 tablespoonSweet and Smoky BBQ Seasoning; 6 ounceGreen Beans; 1 unitChicken Stock Concentrate; 4 teaspoonHoney; 1 teaspoonChili Flakes; 5 teaspoonVegetable Oil; 2 tablespoonButter; Salt; Pepper
Beany Zucchini Quesadillas,Milk; Soy; Wheat,Calories 820kcal,Fat 30g,Saturated Fat 13g,Carbohydrate 89g,Sugar 9g,Dietary Fiber 24g,Protein 38g,Cholesterol 40mg,Sodium 1020mg,1 unitYellow Onion; 1 unitZucchini; 1 unitLime; 1 unitRomaine Lettuce; 1 unitRoma Tomato; 1 unitJalapeÃ±o; 1 boxBlack Beans; 1/2 tablespoonSouthwest Spice Blend; 1 teaspoonChipotle Powder; 2 tablespoonSour Cream; 6 unitFlour Tortillas; 1 cupMozzarella Cheese; 1 tablespoonOlive Oil; Salt; Pepper
Beef and Pepper Skewers,Wheat,Calories 479kcal,Fat 16g,Saturated Fat 4g,Carbohydrate 52g,Sugar 9g,Dietary Fiber 7g,Protein 34g,Cholesterol 75mg,Sodium 100mg,16 ounceBeef Sirloin Tips; 2 unitRed Bell Pepper; 2 unitShallot; 1/2 ounceParsley; 2 unitZucchini; 1 cupIsraeli Couscous; 1 tablespoonSouthwest Spice Blend; 1 unitLemon; 8 unitWooden Skewers; 2 tablespoonOlive Oil; unitSalt; unitPepper
Beef Bulgogi Bowls,Soy; Wheat; Sesame; Milk,Calories 800kcal,Fat 39g,Saturated Fat 17g,Carbohydrate 86g,Sugar 38g,Dietary Fiber 3g,Protein 31g,Cholesterol 135mg,Sodium 440mg,1/2 cupJasmine Rice; 2 unitScallions; 5 teaspoonWhite Wine Vinegar; 1 unitCucumber; 4 ounceShredded Carrots; 10 ounceGround Beef; 1 tablespoonSesame Seeds; 4 ounceBulgogi Sauce; 4 tablespoonSour Cream; 1 teaspoonSriracha; 1/2 teaspoonSugar; 2 teaspoonVegetable Oil; 1 tablespoonButter; Salt; Pepper
Beef Bulgogi Bowls,Soy; Wheat; Sesame; Milk,Calories 830kcal,Fat 40g,Saturated Fat 17g,Carbohydrate 86g,Sugar 39g,Dietary Fiber 3g,Protein 32g,Cholesterol 130mg,Sodium 440mg,1/2 cupJasmine Rice; 2 unitScallions; 5 teaspoonWhite Wine Vinegar; 1 unitCucumber; 4 ounceShredded Carrots; 10 ounceGround Beef; 1 tablespoonSesame Seeds; 4 ounceBulgogi Sauce; 4 tablespoonSour Cream; 1 teaspoonSriracha; 1/2 teaspoonSugar; 2 teaspoonVegetable Oil; 1 tablespoonButter; Salt; Pepper
Beef Bulgogi Bowls,Soy; Wheat; Sesame; Milk,Calories 800kcal,Fat 39g,Saturated Fat 17g,Carbohydrate 86g,Sugar 38g,Dietary Fiber 3g,Protein 31g,Cholesterol 135mg,Sodium 440mg,1/2 cupJasmine Rice; 1 unitScallions; 5 teaspoonWhite Wine Vinegar; 1 unitCucumber; 4 ounceShredded Carrots; 10 ounceGround Beef; 1 tablespoonSesame Seeds; 4 ounceBulgogi Sauce; 4 tablespoonSour Cream; 1 teaspoonSriracha; 1/2 teaspoonSugar; 2 teaspoonVegetable Oil; 1 tablespoonButter; Salt; Pepper
Beef Bulgogi Bowls,Soy; Wheat; Sesame; Milk,Calories 830kcal,Fat 41g,Saturated Fat 17g,Carbohydrate 90g,Sugar 38g,Dietary Fiber 3g,Protein 29g,Cholesterol 130mg,Sodium 410mg,1/2 cupJasmine Rice; 2 unitScallions; 5 teaspoonWhite Wine Vinegar; 1 unitCucumber; 4 ounceShredded Carrots; 10 ounceGround Beef; 1 tablespoonSesame Seeds; 4 ounceBulgogi Sauce; 4 tablespoonSour Cream; 1 teaspoonSriracha; 1/2 teaspoonSugar; 2 teaspoonVegetable Oil; 1 tablespoonButter; Salt; Pepper
Beef Bulgogi Meatballs,Wheat; Soy; Sesame; Milk,Calories 860kcal,Fat 31g,Saturated Fat 11g,Carbohydrate 117g,Sugar 42g,Dietary Fiber 5g,Protein 33g,Cholesterol 110mg,Sodium 990mg,12 ounceCarrots; 2 unitScallions; 1 thumbGinger; 3/4 cupJasmine Rice; 10 ounceGround Beef; 1/4 cupPanko Breadcrumbs; 8 tablespoonBulgogi Sauce; 2 tablespoonSour Cream; 1 teaspoonSriracha; 1 tablespoonSesame Seeds; 2 teaspoonVegetable Oil; Salt; Pepper
Beef Burrito Night,Wheat; Milk,Calories 690kcal,Fat 32g,Saturated Fat 12g,Carbohydrate 62g,Sugar 4g,Dietary Fiber 10g,Protein 40g,Cholesterol 100mg,Sodium 840mg,1 unitRomaine Lettuce; 3 unitRadishes; 2 unitScallions; 1 unitYellow Onion; 2 unitPoblano Pepper; 4 ounceGrape Tomatoes; 1/4 ounceCilantro; 1 unitLime; 16 ounceGround Beef; 1 tablespoonSouthwest Spice Blend; 1 tablespoonMexican Spice Blend; 4 unitFlour Tortilla; 1 boxRefried Beans; 1 cupCheddar Cheese; 1 tablespoonVegetable Oil; Salt; Pepper
Beef Flautas Supreme,Soy; Wheat; Milk,Calories 960kcal,Fat 59g,Saturated Fat 24g,Carbohydrate 71g,Sugar 10g,Dietary Fiber 4g,Protein 42g,Cholesterol 145mg,Sodium 2030mg,1 unitYellow Onion; 10 ounceGround Beef; 1 unitTex-Mex Paste; 1 tablespoonSouthwest Spice Blend; 6 unitFlour Tortillas; 1/2 cupMexican Cheese Blend; 1 unitLime; 1 unitRoma Tomato; 4 tablespoonSour Cream; 2 teaspoonVegetable Oil; 1 tablespoonOlive Oil; Salt
Beef Flautas Supreme,Soy; Wheat; Milk,Calories 1000kcal,Fat 64g,Saturated Fat 24g,Carbohydrate 70g,Sugar 10g,Dietary Fiber 5g,Protein 42g,Cholesterol 145mg,Sodium 2110mg,1 unitRed Onion; 1 unitTex-Mex Paste; 6 unitFlour Tortillas; 1 unitLime; 4 tablespoonSour Cream; 10 ounceGround Beef; 1/2 cupMexican Cheese Blend; 1 unitRoma Tomato; 4 tablespoonGuacamole; 2 teaspoonVegetable Oil; 1 tablespoonOlive Oil; Salt
Beef Gyozas,Wheat; Soy,Calories 815kcal,Fat 28g,,Carbohydrate 108g,,Dietary Fiber 8g,Protein 36g,,,8 ounceGround Beef; 1 packWonton Wrappers; 1 thumbGinger; 2 unitScallions; 1 teaspoonChili Flakes; 3 tablespoonSoy Sauce; 2 cloveGarlic; 1 tablespoonSesame Seeds; 6 ounceGreen Beans; 2 tablespoonSugar; 2 tablespoonVegetable Oil; unitSalt; unitPepper
Beef Ragu and Cavatappi for Dinner,Wheat; Milk,Calories 880kcal,Fat 42g,Saturated Fat 20g,Carbohydrate 85g,Sugar 13g,Dietary Fiber 7g,Protein 43g,Cholesterol 140mg,Sodium 680mg,2 unitRusset Potato; 1 unitYellow Onion; 2 unitZucchini; 2 cloveGarlic; 20 ounceGround Beef; 3 tablespoonTomato Paste; 1 tablespoonItalian Seasoning; 13.76 ounceCrushed Tomatoes; 1 unitBeef Stock Concentrate; 6 ounceCavatappi Pasta; 1/4 cupParmesan Cheese; 1 teaspoonChili Flakes; 4 tablespoonSour Cream; 1/2 cupMonterey Jack Cheese; 2 teaspoonHot Sauce; 1 tablespoonVegetable Oil; 2 tablespoonButter; Salt; Pepper
Beef RagÃ¹ Spaghetti,Wheat; Milk,Calories 990kcal,Fat 50g,Saturated Fat 24g,Carbohydrate 95g,Sugar 16g,Dietary Fiber 7g,Protein 46g,Cholesterol 160mg,Sodium 1160mg,1 unitZucchini; 1 unitYellow Onion; 2 cloveGarlic; 10 ounceGround Beef; 1 tablespoonItalian Seasoning; 6 ounceSpaghetti; 13.76 ounceCrushed Tomatoes; 1 unitBeef Stock Concentrate; 2 tablespoonGarlic Herb Butter; 1/4 cupParmesan Cheese; 1 teaspoonChili Flakes; 1 teaspoonVegetable Oil; 1 tablespoonButter; Salt; Pepper; 1 teaspoonOlive Oil
Beef RagÃ¹ Spaghetti,Wheat; Soy; Milk,Calories 830kcal,Fat 32g,Saturated Fat 12g,Carbohydrate 92g,Sugar 18g,Dietary Fiber 8g,Protein 45g,Cholesterol 110mg,Sodium 1180mg,1 unitZucchini; 1 unitYellow Onion; 2 cloveGarlic; 1/4 ounceThyme; 10 ounceGround Beef; 6 ounceSpaghetti; 2 tablespoonSoy Sauce; 1/2 tablespoonItalian Seasoning; 1 boxCrushed Tomatoes; 1/4 cupParmesan Cheese; 1 teaspoonPepperolio; 1 teaspoonOlive Oil; Salt; Pepper
Beef Rice Noodle Bowls,Soy; Wheat; Peanuts,Calories 770kcal,Fat 35g,Saturated Fat 9g,Carbohydrate 78g,Sugar 16g,Dietary Fiber 6g,Protein 41g,Cholesterol 85mg,Sodium 560mg,1 unitPersian Cucumber; 2 tablespoonWhite Wine Vinegar; 2 cloveGarlic; 1 unitScallions; 1 unitLime; 10 ounceBeef Stir-Fry; 1/2 teaspoonThai Seasoning Blend; 1 tablespoonSoy Sauce; 2.3 ouncePeanut Butter; 4 ounceRice Noodles; 2 ounceShredded Carrots; 1/4 ounceCilantro; 1 teaspoonSriracha; 4 teaspoonSugar; 1 tablespoonVegetable Oil; Salt; Pepper
Beef Sizzle Stir Fry,Soy; Wheat,Calories 613kcal,Fat 20g,Saturated Fat 6g,Carbohydrate 63g,Sugar 15g,Dietary Fiber 5g,Protein 45g,Cholesterol 113mg,Sodium 830mg,1/2 cupJasmine Rice; 1 thumbGinger; 2 cloveGarlic; 1 unitRed Onion; 1 unitRed Bell Pepper; 2 unitBaby Bok Choy; 12 ounceBeef Tenderloin Tips; 1 jarSoy Sauce Jar; unitSalt; 1 tablespoonSugar; 1 tablespoonOlive Oil; unitPepper
Beef Sizzle Stir-Fry,Soy; Wheat,Calories 560kcal,Fat 17g,Saturated Fat 6g,Carbohydrate 64g,Sugar 14g,Dietary Fiber 4g,Protein 35g,Cholesterol 85mg,Sodium 740mg,1 unitRed Onion; 1 unitRed Bell Pepper; 2 unitBaby Bok Choy; 2 cloveGarlic; 1 thumbGinger; 1/2 cupJasmine Rice; 2 tablespoonSoy Sauce; 10 ounceBeef Stir-Fry; 2 teaspoonSugar; 1 tablespoonVegetable Oil; Salt; Pepper
Beef Spaghetti Ragu for Dinner,Milk; Wheat; Sesame,Calories 910kcal,Fat 40g,Saturated Fat 19g,Carbohydrate 91g,Sugar 14g,Dietary Fiber 8g,Protein 48g,Cholesterol 140mg,Sodium 850mg,1 unitRed Onion; 2 cloveGarlic; 1/2 cupFeta Cheese; 4 ounceCremini Mushrooms; 1 unitCarrots; 1 unitPersian Cucumber; 20 ounceGround Beef; 1/4 cupPanko Breadcrumbs; 1 tablespoonZa'atar Spice; 1 tablespoonTuscan Heat Spice; 13.76 ounceCrushed Tomatoes; 6 ounceSpaghetti; 1/2 cupParmesan Cheese; 2 unitWhole Wheat Pitas; 2 ounceSour Cream; 2 teaspoonOlive Oil; 1 teaspoonVegetable Oil; 1 tablespoonButter; Salt; Pepper
Beef Taco Flatbreads,Wheat; Sesame; Milk,Calories 930kcal,Fat 53g,Saturated Fat 22g,Carbohydrate 62g,Sugar 6g,Dietary Fiber 6g,Protein 44g,Cholesterol 155mg,Sodium 1010mg,1 unitRoma Tomato; 1 unitPoblano Pepper; 1/4 ounceCilantro; 1 unitJalapeÃ±o; 10 ounceGround Beef; 1 tablespoonSouthwest Spice Blend; 2 unitFlatbreads; 1/2 cupMexican Cheese Blend; 1/4 cupMonterey Jack Cheese; 4 tablespoonSour Cream; 1 teaspoonHot Sauce; 2 teaspoonVegetable Oil; 2 teaspoonOlive Oil; Salt; Pepper
Beef Taco Loaded Potatoes,Milk,Calories 740kcal,Fat 42g,Saturated Fat 19g,Carbohydrate 50g,Sugar 6g,Dietary Fiber 6g,Protein 37g,Cholesterol 145mg,Sodium 480mg,1 unitLong Green Pepper; 2 unitScallions; 1 unitRoma Tomato; 1 unitRusset Potato; 10 ounceGround Beef; 1 tablespoonSouthwest Spice Blend; 1 teaspoonChili Powder; 1/2 cupMexican Cheese Blend; 2 tablespoonSour Cream; 1 teaspoonHot Sauce; 1 teaspoonOlive Oil; 1 teaspoonVegetable Oil; 1 tablespoonButter; Salt; Pepper
Beef Taco Pizzas,Wheat; Sesame; Milk,Calories 910kcal,Fat 49g,Saturated Fat 20g,Carbohydrate 68g,Sugar 5g,Dietary Fiber 5g,Protein 44g,Cholesterol 155mg,Sodium 1020mg,2 unitRoma Tomato; 1/2 ounceCilantro; 1 unitJalapeÃ±o; 2 unitPoblano Pepper; 20 ounceGround Beef; 2 tablespoonSouthwest Spice Blend; 4 unitFlatbreads; 1 cupMexican Cheese Blend; 1/2 cupMonterey Jack Cheese; 8 tablespoonSour Cream; 2 teaspoonHot Sauce; 4 teaspoonVegetable Oil; 2 teaspoonOlive Oil; Salt; Pepper
Beef Tenderloin and Balsamic Steak Sauce,Milk,Calories 590kcal,Fat 29g,Saturated Fat 14g,Carbohydrate 45g,Sugar 9g,Dietary Fiber 7g,Protein 39g,Cholesterol 135mg,Sodium 550mg,12 ounceYukon Gold Potatoes; 8 ounceBroccoli Florets; 1/4 ounceChives; 2 tablespoonSour Cream; 10 ounceBeef Tenderloin Filets; 1 unitBeef Demi-Glace; 5 teaspoonBalsamic Vinegar; 2 teaspoonOlive Oil; 1 teaspoonVegetable Oil; 2 tablespoonButter; Salt; Pepper
Beef Tenderloin and Burst Balsamic Tomatoes,Milk,Calories 670kcal,Fat 33g,Saturated Fat 11g,Carbohydrate 48g,Sugar 10g,Dietary Fiber 11g,Protein 44g,Cholesterol 120mg,Sodium 720mg,8 ounceBrussels Sprouts; 1 unitShallot; 12 ounceYukon Gold Potatoes; 4 ounceGrape Tomatoes; 1 tablespoonTuscan Heat Spice; 1/4 cupParmesan Cheese; 10 ounceBeef Tenderloin Filets; 5 teaspoonBalsamic Vinegar; 1 unitBeef Stock Concentrate; 1 tablespoonButter; 7 teaspoonOlive Oil; Salt; Pepper
Beef Tenderloin and Shallot Pan Sauce,Milk,Calories 720kcal,Fat 41g,Saturated Fat 21g,Carbohydrate 47g,Sugar 12g,Dietary Fiber 7g,Protein 40g,Cholesterol 170mg,Sodium 680mg,12 ounceYukon Gold Potatoes; 4 ounceKale; 1 unitShallot; 1/4 ounceChives; 10 ounceBeef Tenderloin Filets; 1 unitBeef Demi-Glace; 2 tablespoonGarlic Herb Butter; 6 tablespoonSour Cream; 1 tablespoonVegetable Oil; 1 tablespoonButter; Salt; Pepper
Beef Tenderloin Au Poivre,Milk,Calories 600kcal,Fat 29g,Saturated Fat 12g,Carbohydrate 49g,Sugar 10g,Dietary Fiber 7g,Protein 38g,Cholesterol 125mg,Sodium 580mg,12 ounceYukon Gold Potatoes; 6 ounceGreen Beans; 1 unitShallot; 1 tablespoonBlack Peppercorns; 1/4 ounceChives; 10 ounceBeef Tenderloin Filets; 1 unitBeef Demi-Glace; 4 teaspoonVegetable Oil; 2 tablespoonButter; Salt; Pepper
Beef Tenderloin in a Mushroom Sauce,Milk,Calories 820kcal,Fat 43g,Saturated Fat 21g,Carbohydrate 64g,Sugar 4g,Dietary Fiber 2g,Protein 43g,Cholesterol 135mg,Sodium 860mg,1 unitChicken Stock Concentrate; 4 ounceButton Mushrooms; 1 unitShallot; 2 unitScallions; 3/4 cupArborio Rice; 10 ounceBeef Tenderloin Filets; 1 unitBeef Stock Concentrate; 1/4 cupParmesan Cheese; 1 ounceTruffle Butter; 1 teaspoonOlive Oil; 2 teaspoonVegetable Oil; 2 tablespoonButter; Pepper; Salt
Beef Tenderloin in a Mustard Sauce,Wheat; Milk,Calories 640kcal,Fat 33g,Saturated Fat 15g,Carbohydrate 37g,Sugar 5g,Dietary Fiber 4g,Protein 41g,Cholesterol 115mg,Sodium 830mg,2 unitScallions; 6 ounceGreen Beans; 10 ounceBeef Tenderloin Filets; 1/2 cupIsraeli Couscous; 2 tablespoonTruffle Butter; 1/4 cupParmesan Cheese; 1 tablespoonBold & Savory Steak Spice; 1 unitBeef Stock Concentrate; 2 teaspoonDijon Mustard; 2 tablespoonSour Cream; 2 teaspoonVegetable Oil; 1 teaspoonOlive Oil; Salt; Pepper
Beef Tenderloin,,Calories 190kcal,Fat 6g,Saturated Fat2.5 g,,,,Protein 31g,Cholesterol 90mg,Sodium 80mg,Ingredients/ serving 2 people10 ounceBeef Tenderloin Filets; 10 ounceBeef Tenderloin Filets
Beef Tenderloin Skewers,Milk,Calories 531kcal,Fat 27g,Saturated Fat 11g,Carbohydrate 32g,Sugar 11g,Dietary Fiber 7g,Protein 43g,Cholesterol 137mg,Sodium 121mg,1 unitRed Bell Pepper; 1 unitShallot; 1/4 ounceOregano; 4 unitWooden Skewers; 12 ounceBeef Tenderloin Tips; 1 teaspoonChipotle Powder; 2 unitCorn on the Cob; 1 unitLime; 1.5 tablespoonButter; 2 teaspoonOlive Oil; unitSalt; unitPepper
Beef Tenderloin with Brown Butter Roasted Veggies,Milk,Calories 880kcal,Fat 49g,Saturated Fat 26g,Carbohydrate 70g,Sugar 19g,Dietary Fiber 13g,Protein 44g,Cholesterol 185mg,Sodium 700mg,12 ounceYukon Gold Potatoes; 3 unitCarrots; 1 unitParsnip; 1 unitShallot; 1/4 ounceParsley; 6.75 ounceMilk; 1/4 cupParmesan Cheese; 10 ounceBeef Tenderloin Filets; 1 unitBeef Demi-Glace; 2 teaspoonOlive Oil; 1 teaspoonVegetable Oil; 5 tablespoonButter; Salt; Pepper
Beefed-Up Bolognese,Milk; Wheat,Calories 810kcal,Fat 31g,Saturated Fat 11g,Carbohydrate 93g,Sugar 15g,Dietary Fiber 10g,Protein 42g,Cholesterol 104mg,Sodium 351mg,8 ounceGround Beef; 1 unitCarrots; 1 unitYellow Onion; 1 canDiced Tomatoes; 1/4 ounceThyme; 2 cloveGarlic; 1 unitPoblano Pepper; 2 tablespoonSour Cream; 1/4 cupParmesan Cheese; 6 ounceLinguine; unitSalt; unitPepper; 2 teaspoonOlive Oil
Beefy Taco Casserole,Milk; Wheat,Calories 597kcal,Fat 33g,Saturated Fat 13g,Carbohydrate 40g,Sugar 9g,Dietary Fiber 5g,Protein 30g,Cholesterol 105mg,Sodium 592mg,12 ounceGround Beef; 2 canDiced Tomatoes; 1 unitYellow Onion; 4 cloveGarlic; 1 tablespoonSouthwest Spice Blend; 1 tablespoonMexican Spice Blend; 4 unitScallions; 1 cupMonterey Jack Cheese; 6 unitFlour Tortilla; 4 ounceGrape Tomatoes; 1 unitLime; 8 tablespoonSour Cream; 6 ounceMixed Greens; unitSalt; unitPepper; 2 teaspoonVegetable Oil; 1 teaspoonOlive Oil
Bell Pepper and Black Bean Quesadillas,Wheat; Milk,Calories 700kcal,Fat 24g,Saturated Fat 11g,Carbohydrate 78g,Sugar 10g,Dietary Fiber 22g,Protein 36g,Cholesterol 40mg,Sodium 980mg,1 unitYellow Onion; 2 cloveGarlic; 1 unitBell Pepper; 1 boxBlack Beans; 4 ounceHeirloom Grape Tomatoes; 1 unitLime; 1 tablespoonMexican Spice Blend; 2 unitFlour Tortilla; 1 cupMozzarella Cheese; 1 teaspoonHoney; 2 ounceArugula; 2 tablespoonSour Cream; 2 teaspoonOlive Oil; Salt; Pepper
Berbere Chicken and Zucchini,Milk,Calories 610kcal,Fat 11g,Saturated Fat 2g,Carbohydrate 78g,Sugar 11g,Dietary Fiber 7g,Protein 56g,Cholesterol 100mg,Sodium 400mg,12Chicken Breasts; 1Berbere; 5.3Yogurt; 1Yellow Onion; 1Zucchini; 2Garlic; 1/4Cilantro; 3/4Basmati Rice; 1Lemon; 1Chicken Stock Concentrate; 3Olive Oil; Salt; Pepper
Berbere-Spiced Salmon,Fish; Wheat,Calories 642kcal,Fat 30g,Saturated Fat 4g,Carbohydrate 52g,Sugar 10g,Dietary Fiber 6g,Protein 46g,Cholesterol 80mg,Sodium 32mg,12 ounceSalmon; 1 unitZucchini; 4 ounceGrape Tomatoes; 1 unitShallot; 1 unitCorn on the Cob; 1/4 ounceParsley; 1 teaspoonBerbere; 6 ounceOrzo Pasta; 1 tablespoonOlive Oil; unitSalt; unitPepper
Better Than Takeout Hoisin Chicken,Soy; Wheat; Milk,Calories 620kcal,Fat 21g,Saturated Fat 7g,Carbohydrate 72g,Sugar 27g,Dietary Fiber 4g,Protein 35g,Cholesterol 130mg,Sodium 740mg,1/2 cupJasmine Rice; 2 unitScallions; 1 thumbGinger; 1 unitChili Pepper; 4 tablespoonHoisin Sauce; 1 teaspoonSriracha; 2 teaspoonHoney; 10 ounceChicken Breast Strips; 6 ounceGreen Beans; 1 tablespoonSesame Seeds; 1 tablespoonButter; 2 teaspoonVegetable Oil; Salt; Pepper
Big League Blue Cheese Crunch Burgers,Wheat; Eggs; Milk,Calories 1160kcal,Fat 77g,Saturated Fat 27g,Carbohydrate 80g,Sugar 13g,Dietary Fiber 5g,Protein 42g,Cholesterol 195mg,Sodium 1370mg,12 ounceYukon Gold Potatoes; 1 teaspoonGarlic Powder; 1 unitRoma Tomato; 2 unitBrioche Buns; 3 ounceBlue Cheese Dressing; 4 tablespoonSour Cream; 10 ounceGround Beef; 1/4 cupMonterey Jack Cheese; 1 unitCrispy Fried Onions; 4 teaspoonOlive Oil; Salt; Pepper
Bisteccha con Fichi (Steak with Fig Sauce),Tree Nuts; Milk,Calories 700kcal,Fat 32g,Saturated Fat 10g,Carbohydrate 52g,Sugar 20g,Dietary Fiber 8g,Protein 50g,Cholesterol 140mg,Sodium 540mg,12 ounceYukon Gold Potatoes; 1 unitShallot; 6 ounceGreen Beans; 1/2 ounceSliced Almonds; 14 ounceSirloin Steak; 5 teaspoonBalsamic Vinegar; 2 tablespoonFig Jam; 1 unitBeef Stock Concentrate; Salt; Pepper; 1 tablespoonOlive Oil; 1 tablespoonVegetable Oil; 1 tablespoonButter
Black Bean & Blue Corn Crunch Burritos,Milk; Soy; Wheat,Calories 980kcal,Fat 34g,Saturated Fat 15g,Carbohydrate 131g,Sugar 9g,Dietary Fiber 12g,Protein 28g,Cholesterol 50mg,Sodium 1590mg,1/2 cupJasmine Rice; 1 unitRoma Tomato; 1/4 ounceCilantro; 1 unitRed Onion; 1 unitJalapeÃ±o; 1 unitLime; 13.4 ounceBlack Beans; 1 tablespoonSouthwest Spice Blend; 2 tablespoonSour Cream; 2 unitFlour Tortillas; 1/2 cupMexican Cheese Blend; 1.5 ounceFood Should Taste Goodâ„¢ Blue Corn Tortilla Chips; 1 teaspoonHot Sauce; 1 unitVeggie Stock Concentrate; 1 teaspoonVegetable Oil; 1 tablespoonButter; Salt; Pepper
Black Bean & Poblano Burritos,Soy; Wheat; Milk,Calories 870kcal,Fat 28g,Saturated Fat 10g,Carbohydrate 124g,Sugar 10g,Dietary Fiber 13g,Protein 25g,Cholesterol 30mg,Sodium 1590mg,1/2 cupJasmine Rice; 1 unitYellow Onion; 1 unitPoblano Pepper; 1 unitRoma Tomato; 1/4 ounceCilantro; 1 unitLime; 13.4 ounceBlack Beans; 1 unitVeggie Stock Concentrate; 1 tablespoonSouthwest Spice Blend; 2 unitFlour Tortillas; 1/4 cupMonterey Jack Cheese; 4 tablespoonSmoky Red Pepper Crema; 4 tablespoonGuacamole; Salt; Pepper; 1 teaspoonVegetable Oil
Black Bean & Poblano Quesadillas,Milk; Soy; Wheat,Calories 800kcal,Fat 40g,Saturated Fat 18g,Carbohydrate 78g,Sugar 7g,Dietary Fiber 12g,Protein 28g,Cholesterol 75mg,Sodium 1160mg,1 unitPoblano Pepper; 2 unitScallions; 1 unitRoma Tomato; 1 unitLime; 13.4 ounceBlack Beans; 1 tablespoonSouthwest Spice Blend; 4 tablespoonSour Cream; 2 unitFlour Tortillas; 1/2 cupMexican Cheese Blend; 1/4 cupMonterey Jack Cheese; 1 tablespoonVegetable Oil; 1 tablespoonButter; Salt; Pepper
Black Bean & Sweet Potato Bake,Milk,Calories 547kcal,Fat 14g,Saturated Fat 5g,Carbohydrate 75g,Sugar 12g,Dietary Fiber 28g,Protein 25g,,Sodium 564mg,1 boxBlack Beans; 1/2 cupFeta Cheese; 1/4 ounceCilantro; 2 unitScallions; 1 unitLime; 1 unitRed Onion; 1 teaspoonSmoked Paprika; 1 unitJalapeÃ±o; 12 ounceSweet Potatoes; 4 ounceGrape Tomatoes; unitSalt; unitPepper; 1 tablespoonOlive Oil
Black Bean & Sweet Potato Tacos,Milk; Wheat,Calories 901kcal,Fat 29g,Saturated Fat 9g,Carbohydrate 136g,Sugar 37g,Dietary Fiber 22g,Protein 21g,,Sodium 619mg,12 ounceSweet Potatoes; 1 unitYellow Onion; 1 unitAvocado; 1 unitCorn on the Cob; 1 unitLime; 1/4 ounceCilantro; 2 cloveGarlic; 1 boxBlack Beans; 1 teaspoonCumin; 1 jarHoney; 4 tablespoonSour Cream; 6 unitFlour Tortilla; 2 teaspoonOlive Oil; unitSalt; unitPepper
Black Bean and Charred Bell Pepper Quesadillas,Wheat; Milk,Calories 713kcal,Fat 24g,Saturated Fat 11g,Carbohydrate 79g,Sugar 11g,Dietary Fiber 23g,Protein 38g,Cholesterol 40mg,Sodium 840mg,1 unitYellow Onion; 2 cloveGarlic; 1 boxBlack Beans; 1 unitRed Bell Pepper; 4 ounceHeirloom Grape Tomatoes; 1 unitLime; 4 unitFlour Tortilla; 1 cupMozzarella Cheese; 2 ounceArugula; 1 jarHoney; 2 tablespoonSour Cream; 2 teaspoonOlive Oil; unitSalt; unitPepper
Black Bean Burgers,Wheat; Eggs; Milk,Calories 940kcal,Fat 32g,Saturated Fat 13g,Carbohydrate 124g,Sugar 26g,Dietary Fiber 25g,Protein 37g,Cholesterol 155mg,Sodium 790mg,2 unitCarrots; 1 unitShallot; 1 unitRoma Tomato; 1 unitJalapeÃ±o; 1 unitLime; 15 ounceCorn; 1/2 boxBlack Beans; 1/2 cupPanko Breadcrumbs; 1 tablespoonSouthwest Spice Blend; 1 unitEggs; 1/2 cupMozzarella Cheese; 6 tablespoonSour Cream; 2 unitBrioche Buns; 1 tablespoonOlive Oil; unitSalt; unitPepper
Black Bean Chili,Milk,Calories 710kcal,Fat 24g,Saturated Fat 7g,Carbohydrate 90g,Sugar 14g,Dietary Fiber 29g,Protein 27g,Cholesterol 35mg,Sodium 750mg,1 unitLong Green Pepper; 1 unitPoblano Pepper; 1 unitYellow Onion; 6 unitCorn Tortillas; 1 unitLime; 14 ounceWhole Peeled Tomatoes; 1 tablespoonSouthwest Spice Blend; 1 teaspoonCumin; 1 teaspoonChili Powder; 13.4 ounceBlack Beans; 4 tablespoonSour Cream; 1 teaspoonHot Sauce; 1/4 cupMonterey Jack Cheese; 4 teaspoonVegetable Oil; 1/2 teaspoonSugar; Salt; Pepper
Black Bean Enchiladas Rojas,Soy; Wheat; Milk,Calories 880kcal,Fat 37g,Saturated Fat 17g,Carbohydrate 81g,Sugar 11g,Dietary Fiber 10g,Protein 25g,Cholesterol 50mg,Sodium 2290mg,2 unitScallions; 1 unitLong Green Pepper; 1 unitLime; 13.4 ounceBlack Beans; 1 tablespoonSouthwest Spice Blend; 6 unitFlour Tortillas; 7.06 ounceEnchilada sauce; 1/2 cupMexican Cheese Blend; 2 tablespoonSour Cream; 1 tablespoonVegetable Oil; 1 tablespoonButter; Salt; Pepper
Black Bean Fritter Fun,Milk; Soy; Eggs; Wheat,Calories 840kcal,Fat 27g,Saturated Fat 9g,Carbohydrate 125g,Sugar 17g,Dietary Fiber 12g,Protein 20g,Cholesterol 35mg,Sodium 1590mg,13.4 ounceBlack Beans; 4 ouncePineapple; 1/4 ounceCilantro; 4 ounceGrape Tomatoes; 1 unitShallot; 1 unitJalapeÃ±o; 1 unitLime; 1/2 cupJasmine Rice; 4 tablespoonSmoky Red Pepper Crema; 82 gTempura Mix; 1 tablespoonSouthwest Spice Blend; 1 teaspoonGarlic Powder; Salt; Pepper; 1 tablespoonButter; Vegetable Oil
Black Bean Quesadillas,Milk; Soy; Wheat,Calories 860kcal,Fat 44g,Saturated Fat 18g,Carbohydrate 82g,Sugar 7g,Dietary Fiber 13g,Protein 28g,Cholesterol 65mg,Sodium 1290mg,1 unitPoblano Pepper; 2 unitScallions; 1 unitRoma Tomato; 1 unitLime; 1 tablespoonSouthwest Spice Blend; 13.4 ounceBlack Beans; 4 tablespoonGuacamole; 2 tablespoonSour Cream; 2 unitFlour Tortillas; 1/2 cupMexican Cheese Blend; 1/4 cupMonterey Jack Cheese; 1 tablespoonVegetable Oil; 1 tablespoonButter; Salt; Pepper
Black Beans,,Calories 200kcal,Fat1.5 g,,Carbohydrate 29g,Sugar 1g,Dietary Fiber 7g,Protein 10g,,Sodium 200mg,Ingredients/ serving 2 people13.4 ounceBlack Beans; 13.4 ounceBlack Beans
Blackened Barramundi and Pineapple Salsa,Fish; Milk,Calories 550kcal,Fat 21g,Saturated Fat 7g,Carbohydrate 59g,Sugar 11g,Dietary Fiber 4g,Protein 34g,Cholesterol 80mg,Sodium 170mg,2 unitScallions; 1/2 cupJasmine Rice; 4 ouncePineapple; 6 ounceGreen Beans; 1 unitLime; 10 ounceBarramundi; 1 teaspoonSouthwest Spice Blend; 4 teaspoonVegetable Oil; 1 tablespoonButter; Salt; Pepper
Blackened Catfish,Fish,Calories 500kcal,Fat 21g,Saturated Fat 5g,Carbohydrate 51g,Sugar 11g,Dietary Fiber 12g,Protein 31g,Cholesterol 115mg,Sodium 130mg,1 unitRed Bell Pepper; 6 ounceGreen Beans; 6 ounceYukon Gold Potatoes; 1 unitLemon; 1 tablespoonBlackening Spice; 12 ounceCatfish; 1 unitYellow Onion; 2 unitGarlic; 1/4 ounceCilantro; unitOlive Oil; unitSalt; unitPepper
Blackened Catfish,Fish,Calories 547kcal,Fat 27g,,Carbohydrate 50g,,Dietary Fiber 10g,Protein 37g,,Sodium 435mg,12 ounceCatfish; 1 unitRed Bell Pepper; 4 ounceGreen Beans; 1 unitYellow Onion; 12 ounceYukon Gold Potatoes; 1 unitLemon; 8 gCilantro; 1 teaspoonBlackening Spice; 2 cloveGarlic; 3 tablespoonOlive Oil
Blackened Chicken Penne,Wheat; Milk,Calories 860kcal,Fat 42g,Saturated Fat 20g,Carbohydrate 81g,Sugar 8g,Dietary Fiber 6g,Protein 46g,Cholesterol 155mg,Sodium 800mg,1 unitPoblano Pepper; 2 unitScallions; 1 cloveGarlic; 1 unitRoma Tomato; 10 ounceChicken Breast Strips; 1 tablespoonBlackening Spice; 6 ouncePenne Pasta; 4 tablespoonCream Cheese; 1/4 cupMonterey Jack Cheese; 1 unitChicken Stock Concentrate; 1 teaspoonHot Sauce; 1 tablespoonOlive Oil; 2 tablespoonButter; Salt; Pepper
Blackened Fish Tacos,Fish; Eggs; Wheat; Milk,Calories 770kcal,Fat 41g,Saturated Fat 10g,Carbohydrate 67g,Sugar 16g,Dietary Fiber 6g,Protein 29g,Cholesterol 125mg,Sodium 710mg,4 ouncePineapple; 1 unitLime; 11 ounceCatfish; 1 tablespoonCajun Spice Blend; 1 unitCarrots; 4 ounceShredded Red Cabbage; 2 tablespoonMayonnaise; 6 unitFlour Tortilla; 2 tablespoonSour Cream; 1/4 ounceCilantro; 1/2 teaspoonSugar; 1 tablespoonVegetable Oil; Salt; Pepper
Blackened Steak and Roasted Cauliflower Salad,Tree Nuts; Wheat,Calories 804kcal,Fat 35g,,Carbohydrate 70g,,Dietary Fiber 11g,Protein 56g,,Sodium 157mg,10 ounceSirloin Steak; 1 headCauliflower; 1 ounceAlmonds; 1 ounceGolden Raisins; 1 unitShallot; 2 cloveGarlic; 1/2 cupCouscous; 1 teaspoonSmoked Paprika; 25 millilitersRed Wine Vinegar; 1 unitRed Bell Pepper; 5 teaspoonOlive Oil
Blackened Tilapia Tacos,Fish; Milk; Eggs; Soy; Wheat,Calories 720kcal,Fat 29g,Saturated Fat 9g,Carbohydrate 81g,Sugar 21g,Dietary Fiber 3g,Protein 36g,Cholesterol 80mg,Sodium 1040mg,8 ouncePineapple; 1/4 ounceCilantro; 1 unitLime; 1 unitShallot; 2 cloveGarlic; 11 ounceTilapia; 1 tablespoonSouthwest Spice Blend; 2 tablespoonSour Cream; 2 tablespoonMayonnaise; 4 ounceShredded Red Cabbage; 6 unitFlour Tortillas; 1 teaspoonOlive Oil; 1 teaspoonVegetable Oil; 1/2 teaspoonSugar; Salt; Pepper
Blackened Tilapia,Fish,Calories 399kcal,Fat 10g,Saturated Fat 2g,Carbohydrate 46g,Sugar 10g,Dietary Fiber 11g,Protein 38g,,Sodium 83mg,1 unitRed Bell Pepper; 4 ounceGreen Beans; 12 ounceYukon Gold Potatoes; 1 unitLemon; 1 tablespoonBlackening Spice; 12 ounceTilapia; 1 unitYellow Onion; 1/4 ounceCilantro; 2 cloveGarlic; unitSalt; unitPepper; 1 tablespoonOlive Oil
Blazinâ€™ Baja Shrimp Tacos,Milk; Eggs; Wheat; Shellfish; Soy,Calories 820kcal,Fat 33g,Saturated Fat 12g,Carbohydrate 97g,Sugar 11g,Dietary Fiber 4g,Protein 29g,Cholesterol 245mg,Sodium 2820mg,1 unitJalapeÃ±o; 1 unitLime; 4 ounceColeslaw Mix; 1/4 ounceCilantro; 2 unitScallions; 6 tablespoonSour Cream; 1 tablespoonSouthwest Spice Blend; 82 gTempura Mix; 10 ounceShrimp; 6 unitFlour Tortillas; Salt; Pepper; Vegetable Oil; 1 teaspoonSugar
Blistered Corn and Salmon Salad,Fish; Milk,Calories 634kcal,Fat 39g,,Carbohydrate 28g,,Dietary Fiber 5g,Protein 45g,,Sodium 290mg,2 unitCorn; 1 unitPeach; 1 bunchCilantro; 2 unitSkin-on Salmon; 1 ounceFeta Cheese; 2 unitScallions; 2 ounceArugula; 1/4 teaspoonCoriander; 1/2 teaspoonCumin; 2 tablespoonWhite Wine Vinegar; 2.5 tablespoonOlive Oil
Bloody Mary Chicken,,Calories 597kcal,Fat 36g,,Carbohydrate 18g,,Dietary Fiber 3g,Protein 52g,,,Ingredientsserving amount242 unitChicken Breasts1 teaspoonBlackening Spice2 tablespoonWhite Wine Vinegar2 tablespoonTomato Paste1/2 teaspoonHot Sauce1 unitRed Onion1 stalkCelery1 unitCarrots1 ounceBlack Olives2 cloveGarlic1 unitRomaine Lettuce4 ouncePancetta1 teaspoonHorseradish Powder; 2 unitChicken Breasts; 1 teaspoonBlackening Spice; 2 tablespoonWhite Wine Vinegar; 2 tablespoonTomato Paste; 1/2 teaspoonHot Sauce; 1 unitRed Onion; 1 stalkCelery; 1 unitCarrots; 1 ounceBlack Olives; 2 cloveGarlic; 1 unitRomaine Lettuce; 4 ouncePancetta; 1 teaspoonHorseradish Powder
BLTR Avocado Toasts,Soy; Wheat,Calories 810kcal,Fat 52g,Saturated Fat 12g,Carbohydrate 67g,Sugar 6g,Dietary Fiber 11g,Protein 17g,Cholesterol 40mg,Sodium 1540mg,4 ounceBacon; 1 unitRoma Tomato; 3 unitRadishes; 1 unitLemon; 2 ounceArugula; 4 sliceSourdough Bread; 1 cupGuacamole; Salt; Pepper; Olive Oil
Blush Bay Scallop Penne,Wheat; Shellfish; Fish; Milk,Calories 690kcal,Fat 25g,Saturated Fat 14g,Carbohydrate 95g,Sugar 12g,Dietary Fiber 8g,Protein 36g,Cholesterol 85mg,Sodium 1270mg,1 unitLemon; 2 unitScallions; 1 unitRoma Tomato; 1 cloveGarlic; 6 ouncePenne Pasta; 10 ounceBay Scallops; 1.5 ounceTomato Paste; 1 unitSeafood Stock Concentrate; 2 tablespoonCream Cheese; 1/4 cupParmesan Cheese; 1 unitChili Pepper; 1 teaspoonVegetable Oil; 2 tablespoonButter; Salt; Pepper
Bok Choy and Black Rice Veggie Bowl,Soy; Wheat; Tree Nuts,Calories 500kcal,Fat 17g,Saturated Fat2.5 g,Carbohydrate 67g,Sugar 4g,Dietary Fiber 6g,Protein 12g,,Sodium 620mg,3/4 cupBlack Thai Rice; 2 unitBaby Bok Choy; 4 ounceButton Mushrooms; 3 unitRadishes; 1 thumbGinger; 1 ounceSoy Sauce; 2 cloveGarlic; 1 ounceCashew Pieces; 2 tablespoonWhite Wine Vinegar; 1 tablespoonSesame Oil; 1 teaspoonVegetable Oil; unitSalt; unitPepper
Bold â€˜nâ€™ Beefy Tacos,Soy; Wheat; Milk,Calories 830kcal,Fat 46g,Saturated Fat 17g,Carbohydrate 72g,Sugar 12g,Dietary Fiber 6g,Protein 34g,Cholesterol 110mg,Sodium 1930mg,10 ounceGround Beef; 1 unitTex-Mex Paste; 6 unitFlour Tortillas; 4 tablespoonGuacamole; 1 unitRoma Tomato; 4 ounceColeslaw Mix; 1 unitYellow Onion; 1 unitLime; 1/4 ounceCilantro; 2 tablespoonSour Cream; 1 teaspoonOlive Oil; 2 teaspoonVegetable Oil; 1 teaspoonSugar; Salt; Pepper
Bone-In Pork Chop Over Farro,Milk; Wheat,Calories 1030kcal,Fat 51g,Saturated Fat 15g,Carbohydrate 62g,Sugar 18g,Dietary Fiber 13g,Protein 61g,Cholesterol 170mg,Sodium 940mg,20 ounceBone-in Pork Chops; 2 ounceDried Chorizo; 8 ounceBrussels Sprouts; 1 unitShallot; 2 tablespoonBalsamic Glaze; 1 unitChicken Stock Concentrate; 1/2 cupFarro; 1 teaspoonDried Thyme; 2 unitCarrots; 4 teaspoonVegetable Oil; 1 tablespoonButter; unitSalt; unitPepper
Bone-In Pork Chops,Milk,Calories 580kcal,Fat 31g,Saturated Fat 10g,Carbohydrate 24g,,Dietary Fiber 6g,Protein 51g,,Sodium 345mg,16 ounceBone-in Pork Chops; 4 ounceCollard Greens; 2 ounceShallot; 1 unitPear; 1 ounceSour Cream; 1 teaspoonWhite Pepper; 1 unitChicken Stock Concentrate; unitOlive Oil; unitSalt; unitPepper
"Bone-In Pork Chops with Shallot-Peppercorn Sauce, Butter-Braised Cabbage, and Crispy Potatoes",Tree Nuts; Milk,Calories 769kcal,Fat 42g,,Carbohydrate 43g,,Dietary Fiber 6g,Protein 54g,,Sodium 372mg,2 unitBone-in Pork Chops; 1 teaspoonTricolor Peppercorns; 1 tablespoonSour Cream; 1 unitVeggie Stock Concentrate; 2 cloveGarlic; 1 unitShallot; 12 ounceYukon Gold Potatoes; 4 ounceGreen Cabbage; 2 tablespoonButter; 1 tablespoonOlive Oil
Bountiful Barley Bowl,Wheat; Milk,Calories 575kcal,Fat 30g,Saturated Fat 7g,Carbohydrate 65g,Sugar 19g,Dietary Fiber 14g,Protein 19g,Cholesterol 17mg,Sodium 400mg,8 ounceBrussels Sprouts; 3/4 cupPearl Barley; 1 ounceDried Cranberries; 1/2 cupFeta Cheese; 1 ouncePepitas; 2 tablespoonBalsamic Vinegar; 1/2 ounceHoney; 1 unitShallot; 2 ounceArugula; 7 teaspoonOlive Oil; unitSalt; unitPepper
Braised Chicken Thighs,Milk; Wheat,Calories 553kcal,Fat 18g,Saturated Fat 3g,Carbohydrate 54g,Sugar 8g,Dietary Fiber 7g,Protein 44g,Cholesterol 138mg,Sodium 388mg,24 ounceChicken Thighs; 12 ounceGreen Beans; 1 ounceBlack Olives; 1 canDiced Tomatoes; 1 unitGluten Free Chicken Demi Glace; 1/2 cupFlour; 1/4 ounceRosemary; 2 cloveGarlic; 1 cupCouscous; 1 unitLemon; 8 teaspoonOlive Oil; unitSalt; unitPepper
Braised Pork au Jus,Soy; Wheat,Calories 717kcal,Fat 19g,,Carbohydrate 84g,,Dietary Fiber 12g,Protein 49g,,,1 unitPork Tenderloin; 2 unitBaguette; 1 unitRed Onion; 2 unitGarlic; 2 unitVeggie Stock Concentrate; 1 unitRosemary; 1 unitParsnip; 1 unitBaby Broccoli; 1 unitDried Oregano; 2 unitOlive Oil; unitSalt; unitBlack Pepper
Bravo Balsamic Chicken,Soy; Wheat; Milk,Calories 650kcal,Fat 32g,Saturated Fat 14g,Carbohydrate 46g,Sugar 8g,Dietary Fiber 6g,Protein 42g,Cholesterol 165mg,Sodium 760mg,8 ounceBrussels Sprouts; 1 cloveGarlic; 1/4 ounceRosemary; 1 unitDemi-Baguette; 12 ounceChicken Breasts; 5 teaspoonBalsamic Vinegar; 2 unitChicken Stock Concentrate; 1 tablespoonVegetable Oil; 1/2 teaspoonSugar; 3 tablespoonButter; Salt; Pepper
Breakfast Bacon and Cheese Flatbreads,Wheat; Sesame; Milk,Calories 690kcal,Fat 36g,Saturated Fat 14g,Carbohydrate 64g,Sugar 14g,Dietary Fiber 6g,Protein 29g,Cholesterol 65mg,Sodium 970mg,3 ounceBacon; 1/2 canCorn; 1 unitPoblano Pepper; 2 unitScallions; 1 unitChili Pepper; 2 unitFlatbreads; 1 cupItalian Cheese Blend; 2 teaspoonHoney; 1 teaspoonVegetable Oil; Salt; Pepper
Breakfast Bacon Quesadilla Stacks,Wheat; Milk,Calories 750kcal,Fat 42g,Saturated Fat 13g,Carbohydrate 79g,Sugar 6g,Dietary Fiber 12g,Protein 19g,Cholesterol 30mg,Sodium 730mg,3 ounceBacon; 1 unitPoblano Pepper; 1 unitRed Onion; 12 ounceRusset Potato; 1 unitJalapeÃ±o; 2 teaspoonMexican Spice Blend; 4 unitFlour Tortilla; 1 unitRoma Tomato; 1 unitAvocado; 1 unitLime; 1/2 cupMonterey Jack Cheese; unitSalt; unitPepper; 5 teaspoonVegetable Oil
Breakfast Champion's Chilaquiles,Milk; Wheat; Eggs,Calories 790kcal,Fat 30g,Saturated Fat 12g,Carbohydrate 79g,Sugar 13g,Dietary Fiber 25g,Protein 40g,Cholesterol 225mg,Sodium 1010mg,1 unitYellow Onion; 1 unitPoblano Pepper; 1 unitChili Pepper; 1 unitLime; 1/4 ounceCilantro; 1 ounceRicotta Salata Cheese; 1/2 boxBlack Beans; 4 unitFlour Tortilla; 1 tablespoonMexican Spice Blend; 1 canDiced Tomatoes; 1/2 cupCheddar Cheese; 2 unitEggs; 2 tablespoonSour Cream; 2 teaspoonVegetable Oil; Salt; Pepper
Breakfast Chorizo Egg Polenta Pancakes,Eggs,Calories 480kcal,Fat 27g,Saturated Fat 10g,Carbohydrate 36g,Sugar 9g,Dietary Fiber 6g,Protein 21g,Cholesterol 235mg,Sodium 1170mg,1 unitRed Onion; 8 ouncePolenta; 1 tablespoonTuscan Heat Spice; 1 canDiced Tomatoes; 5 ounceSpinach; 1 unitFresh Pork Chorizo; 2 unitEggs; unitSalt; unitPepper; 2 teaspoonVegetable Oil
"Breakfast Chorizo, Kale, and Tomato Skillet",Milk,Calories 660kcal,Fat 39g,Saturated Fat 16g,Carbohydrate 52g,Sugar 9g,Dietary Fiber 8g,Protein 29g,Cholesterol 100mg,Sodium 760mg,4 ounceKale; 10 ounceGrape Tomatoes; 6 ounceFresh Pork Chorizo; 1 unitYellow Onion; 1 unitChicken Stock Concentrate; 1 teaspoonSmoked Paprika; 1/2 cupGrits; 1/2 cupCheddar Cheese; 2 teaspoonVegetable Oil; 2 tablespoonButter; Salt; Pepper
Breakfast Grilled Cheese Tacos,Wheat; Milk,Calories 590kcal,Fat 29g,Saturated Fat 12g,Carbohydrate 62g,Sugar 8g,Dietary Fiber 9g,Protein 20g,Cholesterol 35mg,Sodium 670mg,6 unitFlour Tortilla; 1 unitAvocado; 1/4 ounceCilantro; 1 unitRoma Tomato; 1 unitShallot; 1 unitLime; 1 unitSweet Potatoes; 6 ounceGrilling Cheese; 2 teaspoonVegetable Oil; unitSalt; unitPepper
Breakfast Lemon Ricotta Pancakes,Milk; Wheat; Eggs,Calories 540kcal,Fat 25g,Saturated Fat 10g,Carbohydrate 57g,Sugar 21g,Dietary Fiber 4g,Protein 24g,Cholesterol 195mg,Sodium 500mg,5Ricotta Cheese; 1Lemon; 1/5”Milk; 1Flour; 2Eggs; 1Baking Powder; 1/2Nutmeg; 1Orange; 4Breakfast Sausage; 3Sugar; 1Vegetable Oil; 1.5Butter; Salt
Brioche Shrimp Rolls,Shellfish; Wheat; Milk; Eggs,Calories 496kcal,Fat 29g,Saturated Fat 8g,Carbohydrate 43g,Sugar 7g,Dietary Fiber 5g,Protein 23g,Cholesterol 186mg,Sodium 1009mg,8 ounceShrimp; 1 unitLemon; 2 unitScallions; 2 unitBrioche Buns; 2 tablespoonSour Cream; 3 unitRadishes; 1 jarMayonnaise; 1/4 ounceTarragon; 2 ounceArugula; 1 tablespoonButter; 2 teaspoonOlive Oil; unitSalt; unitPepper
Brioche Shrimp Rolls,Shellfish; Wheat; Eggs; Milk,Calories 529kcal,Fat 27g,,Carbohydrate 47g,,Dietary Fiber 6g,Protein 27g,,,10 ounceShrimp; 2 unitBrioche Buns; 1 unitLemon; 2 unitScallions; 1 sprigTarragon; 1 tablespoonMayonnaise; 1 headBoston Lettuce; 3 unitRadishes; 2 tablespoonSour Cream; 2 tablespoonOlive Oil; unitSalt; unitPepper
Broccoli and Kale Stir Fry,,,,,,,,,,,Ingredientsserving amount244 unitIceberg Lettuce; 4 unitIceberg Lettuce
Broccoli Pesto Orecchiette,Wheat; Milk,Calories 739kcal,Fat 25g,Saturated Fat 11g,Carbohydrate 78g,Sugar 7g,Dietary Fiber 8g,Protein 55g,Cholesterol 181mg,Sodium 277mg,24 ounceChicken Thighs; 12 ounceOrecchiette Pasta; 2 teaspoonDried Oregano; 16 ounceBroccoli Florets; 1 unitLemon; 4 cloveGarlic; 8 tablespoonSour Cream; 1 teaspoonChili Flakes; 4 ounceFresh Mozzarella; 2 tablespoonOlive Oil; unitSalt; unitPepper
Broccoli-Carrot Donburi with a Fried Egg,Soy; Wheat; Eggs; Milk,Calories 680kcal,Fat 26g,Saturated Fat 7g,Carbohydrate 98g,Sugar 22g,Dietary Fiber 7g,Protein 14g,Cholesterol 200mg,Sodium 2100mg,3 unitRadishes; 1 unitLime; 4 ounceShredded Carrots; 2 unitScallions; 3/4 cupJasmine Rice; 8 ounceBroccoli Florets; 2 tablespoonSoy Sauce; 2 unitEggs; 4 tablespoonSweet Soy Glaze; 1 tablespoonSesame Seeds; 1 teaspoonSriracha; 1/2 teaspoonSugar; 5 teaspoonVegetable Oil; 1 tablespoonButter; Salt; Pepper
Brown Butter Gemelli,Wheat; Milk; Tree Nuts,Calories 810kcal,Fat 43g,Saturated Fat 18g,Carbohydrate 85g,Sugar 9g,Dietary Fiber 10g,Protein 29g,Cholesterol 80mg,Sodium 500mg,8 ounceAsparagus; 1 unitLemon; 2 cloveGarlic; 2 unitScallions; 6 ounceGemelli Pasta; 4 ounceRicotta Cheese; 1 teaspoonChili Flakes; 1/4 cupParmesan Cheese; 1 ounceWalnuts; 1 unitVeggie Stock Concentrate; 2 teaspoonOlive Oil; 3 tablespoonButter; Salt; Pepper
Brown Rice Bibimbap,Soy; Wheat,Calories 510kcal,Fat 13g,Saturated Fat1.5 g,Carbohydrate 64g,Sugar 12g,Dietary Fiber 11g,Protein 17g,,Sodium 1320mg,4 ounceButton Mushrooms; 3 teaspoonHot Sauce; 1 tablespoonSesame Seeds; 2 cloveGarlic; 6 ounceBaby Broccoli; 3/4 cupBrown Rice; 2 unitScallions; 1 unitZucchini; 1.5 ounceSoy Sauce; 1 thumbGinger; 1 unitCarrots; 2 tablespoonWhite Wine Vinegar; 1 teaspoonSugar; 1 tablespoonVegetable Oil; unitSalt; unitPepper
Brown Rice Bibimbap,Soy; Wheat,Calories 510kcal,Fat 12g,Saturated Fat 1g,Carbohydrate 88g,Sugar 13g,Dietary Fiber 11g,Protein 17g,,Sodium 1330mg,3/4 cupBrown Rice; 1 unitCarrots; 1 unitZucchini; 8 ounceBroccoli Florets; 4 ounceButton Mushrooms; 2 cloveGarlic; 1 thumbGinger; 2 unitScallions; 5 teaspoonWhite Wine Vinegar; 4 tablespoonSoy Sauce; 1 tablespoonSesame Seeds; 3 teaspoonSriracha; 1 teaspoonSugar; 1 tablespoonVegetable Oil; Salt; Pepper
Brown Sugar Bourbon Pork Chops,Milk,Calories 680kcal,Fat 35g,Saturated Fat 13g,Carbohydrate 56g,Sugar 18g,Dietary Fiber 11g,Protein 43g,Cholesterol 110mg,Sodium 1490mg,12 ounceYukon Gold Potatoes; 1 unitApple; 12 ouncePork Chops; 2 tablespoonSour Cream; 8 ounceBrussels Sprouts; 2 unitScallions; 1 unitChicken Stock Concentrate; 10.8 gMcCormick Grill Mates Brown Sugar Bourbon Seasoning; 2 teaspoonOlive Oil; 2 teaspoonVegetable Oil; 1/2 teaspoonSugar; 2 tablespoonButter; Salt; Pepper
Brown Sugar Bourbon Pork Chops,Milk,Calories 660kcal,Fat 35g,Saturated Fat 14g,Carbohydrate 52g,Sugar 18g,Dietary Fiber 9g,Protein 41g,Cholesterol 110mg,Sodium 1460mg,12 ounceYukon Gold Potatoes; 1 unitApple; 12 ouncePork Chops; 2 tablespoonSour Cream; 6 ounceGreen Beans; 2 unitScallions; 1 unitChicken Stock Concentrate; 10.8 gBrown Sugar Bourbon Seasoning; 2 teaspoonOlive Oil; 2 teaspoonVegetable Oil; 1/2 teaspoonSugar; 2 tablespoonButter; Salt; Pepper
Brown Sugar Bourbon Steak,Milk,Calories 610kcal,Fat 33g,Saturated Fat 14g,Carbohydrate 44g,Sugar 8g,Dietary Fiber 9g,Protein 35g,Cholesterol 120mg,Sodium 1890mg,12 ounceYukon Gold Potatoes; 8 ounceBrussels Sprouts; 10 ounceRanch Steak; 2 teaspoonDijon Mustard; 10.8 gMcCormick Grill Mates Brown Sugar Bourbon Seasoning; 2 unitScallions; 4 tablespoonSour Cream; 1 unitBeef Stock Concentrate; Salt; Pepper; 1 tablespoonVegetable Oil; 2 tablespoonButter
Brown Sugar Dijon Glazed Trout,Milk; Fish,Calories 780kcal,Fat 55g,Saturated Fat 20g,Carbohydrate 44g,Sugar 12g,Dietary Fiber 9g,Protein 32g,Cholesterol 125mg,Sodium 330mg,12 ounceYukon Gold Potatoes; 6 ounceAsparagus; 1/4 ounceChives; 1 unitLemon; 4 tablespoonCrÃ¨me FraÃ®che; 1 tablespoonBrown Sugar; 1 teaspoonPaprika; 2 teaspoonDijon Mustard; 10 ounceSteelhead Trout; 2 teaspoonOlive Oil; 2 tablespoonButter; Salt; Pepper; 1 teaspoonVegetable Oil
Brown Sugar-Glazed Pork Chops,Milk; Wheat,Calories 700kcal,Fat 38g,Saturated Fat 17g,Carbohydrate 49g,Sugar 12g,Dietary Fiber 4g,Protein 44g,Cholesterol 145mg,Sodium 690mg,1 unitZucchini; 1 unitLemon; 1 unitChicken Stock Concentrate; 1 tablespoonBrown Sugar; 2 teaspoonDijon Mustard; 2 tablespoonGarlic Herb Butter; 1/2 cupCouscous; 12 ounceBoneless Pork Chops; 2 teaspoonVegetable Oil; 1 tablespoonButter; Salt; Pepper
Brown-Sugar Glazed Pork Tenderloin,,Calories 566kcal,Fat 9g,Saturated Fat 2g,Carbohydrate 83g,Sugar 37g,Dietary Fiber 16g,Protein 44g,,Sodium 218mg,12 ouncePork Tenderloin; 12 ounceSweet Potatoes; 1 ounceDried Cranberries; 1 unitGranny Smith Apple; 2 tablespoonBrown Sugar; 1 tablespoonBlackening Spice; 1 unitLemon; 8 ounceBrussels Sprouts; boxSalt; boxPepper; 2 teaspoonOlive Oil
Bruschetta Chicken,Wheat; Milk,Calories 950kcal,Fat 59g,Saturated Fat 25g,Carbohydrate 51g,Sugar 8g,Dietary Fiber 10g,Protein 51g,Cholesterol 210mg,Sodium 850mg,12 ounceYukon Gold Potatoes; 8 ounceBroccoli Florets; 1/4 cupPanko Breadcrumbs; 1/2 cupMozzarella Cheese; 1 teaspoonItalian Seasoning; 10 ounceChicken Cutlets; 4 ounceBacon; 1 unitLemon; 1 unitRoma Tomato; 1 unitGreen Herb Blend; 1 teaspoonVegetable Oil; 2 teaspoonOlive Oil; 3 tablespoonButter; Salt; Pepper
Bruschetta Chicken,Wheat; Milk,Calories 770kcal,Fat 44g,Saturated Fat 19g,Carbohydrate 45g,Sugar 7g,Dietary Fiber 9g,Protein 51g,Cholesterol 215mg,Sodium 760mg,12 ounceYukon Gold Potatoes; 6 ounceAsparagus; 1/4 cupPanko Breadcrumbs; 1/2 cupMozzarella Cheese; 1 teaspoonItalian Seasoning; 12 ounceChicken Breasts; 4 ounceBacon; 1 unitLemon; 1 unitRoma Tomato; 1/2 ounceBasil; 1 teaspoonVegetable Oil; 2 teaspoonOlive Oil; 3 tablespoonButter; Salt; Pepper
Bruschetta Zucchini Boats,Wheat; Milk,Calories 730kcal,Fat 28g,Saturated Fat 9g,Carbohydrate 94g,Sugar 18g,Dietary Fiber 6g,Protein 24g,Cholesterol 35mg,Sodium 770mg,2 unitZucchini; 1 tablespoonItalian Seasoning; 1 cloveGarlic; 2 unitRoma Tomato; 5 ounceIsraeli Couscous; 1 unitVeggie Stock Concentrate; 1/4 cupParmesan Cheese; 5 teaspoonBalsamic Glaze; 1 teaspoonChili Flakes; 1/2 cupMozzarella Cheese; Salt; Pepper; 7 teaspoonOlive Oil
Bruschetta Zucchini Boats,Wheat; Milk,Calories 530kcal,Fat 24g,Saturated Fat 5g,Carbohydrate 66g,Sugar 15g,Dietary Fiber 6g,Protein 14g,Cholesterol 15mg,Sodium 480mg,2 unitZucchini; 1 tablespoonItalian Seasoning; 2 cloveGarlic; 2 unitRoma Tomato; 1/2 ounceBasil; 3/4 cupIsraeli Couscous; 1 unitVeggie Stock Concentrate; 5 teaspoonBalsamic Glaze; 1 teaspoonChili Flakes; 1/2 cupMozzarella Cheese; Salt; Pepper; 7 teaspoonOlive Oil
Brussels Sprout & Prosciutto Flatbread with Fresh Pesto and Mozzarella,Wheat; Milk,Calories 819kcal,Fat 36g,,Carbohydrate 78g,,Dietary Fiber 16g,Protein 45g,,Sodium 2138mg,10 ouncePizza Dough; 8 ounceBrussels Sprouts; 1 unitTomato; 4 ounceFresh Mozzarella; 1/4 cupPesto; 2 cloveGarlic; 4 ounceProsciutto; 2 teaspoonOlive Oil
Brussels Sprout and Mushroom Shepherdâ€™s Pie with Cheddar Mash,Milk; Wheat,Calories 503kcal,Fat 9g,Saturated Fat 13g,Carbohydrate 67g,Sugar 8g,Dietary Fiber 20g,Protein 19g,,Sodium 593mg,8 ounceBrussels Sprouts; 4 ounceCremini Mushrooms; 2 cloveGarlic; 1/4 ounceThyme; 2 pieceVeggie Stock Concentrate; 2 ounceCheddar Cheese; 16 ounceYukon Gold Potatoes; 1 tablespoonFlour; 1 unitYellow Onion; 1 tablespoonButter; 2 teaspoonOlive Oil
"Brussels Sprout Crumble with Mushrooms, Parmesan Breadcrumbs, and Hazelnuts",Milk; Wheat; Tree Nuts,Calories 664kcal,Fat 31g,Saturated Fat 10g,Carbohydrate 79g,Sugar 6g,Dietary Fiber 9g,Protein 21g,,Sodium 647mg,8 ounceBrussels Sprouts; 4 ounceButton Mushrooms; 1 ounceParmesan Cheese; 1/4 ounceThyme; 1/4 cupPanko Breadcrumbs; 1 tablespoonDijon Mustard; 3/4 cupBrown Rice; 1 unitVeggie Stock Concentrate; 1 ounceHazelnuts; 2 cloveGarlic; 1 tablespoonOlive Oil; 1 tablespoonButter
Buenos DÃ­as Black Bean Bowls,Milk; Eggs,Calories 960kcal,Fat 41g,Saturated Fat 15g,Carbohydrate 99g,Sugar 7g,Dietary Fiber 14g,Protein 30g,Cholesterol 235mg,Sodium 1300mg,2 unitScallions; 13.4 ounceBlack Beans; 1 unitRoma Tomato; 1 unitLime; 1 unitChili Pepper; 1 unitVeggie Stock Concentrate; 1 tablespoonSouthwest Spice Blend; 2 tablespoonSour Cream; 4 tablespoonGuacamole; 2 unitEggs; 1/2 cupMexican Cheese Blend; 3/4 cupJasmine Rice; 2 teaspoonVegetable Oil; 1 tablespoonButter; 1 tablespoonSalt; Pepper
Buffalo Chicken Flatbread,Wheat; Sesame; Milk; Fish,Calories 740kcal,Fat 32g,Saturated Fat 13g,Carbohydrate 73g,Sugar 14g,Dietary Fiber 4g,Protein 41g,Cholesterol 160mg,Sodium 1610mg,2 unitLong Green Pepper; 2 unitRoma Tomato; 20 ounceChicken Breast Strips; 2 teaspoonCelery Salt; 5 teaspoonRanch Spice; 4 unitFlatbreads; 1 cupMozzarella Cheese; 2 tablespoonHoney; 4 teaspoonHot Sauce; 2 teaspoonSriracha; 4 tablespoonSour Cream; 2 teaspoonOlive Oil; 3 tablespoonButter; Salt; Pepper
Buffalo Chicken Tacos,Milk; Eggs; Soy; Wheat,Calories 790kcal,Fat 44g,Saturated Fat 16g,Carbohydrate 62g,Sugar 7g,Dietary Fiber 2g,Protein 40g,Cholesterol 130mg,Sodium 1800mg,2.5 ounceCelery; 2 unitScallions; 10 ounceChicken Breast Strips; 4 ounceColeslaw Mix; 7.2 gFrank's RedHot® Original Seasoning Blend; 2 tablespoonSour Cream; 1.5 ounceRanch Dressing; 1/2 cupCheddar Cheese; 6 unitFlour Tortillas; 1 teaspoonHot Sauce; Salt; Pepper; 2 teaspoonVegetable Oil
Buffalo-Spiced Chicken with Blue Cheese,Milk; Wheat; Eggs,Calories 750kcal,Fat 41g,Saturated Fat 17g,Carbohydrate 57g,Sugar 13g,Dietary Fiber 10g,Protein 37g,Cholesterol 180mg,Sodium 990mg,12 ounceYukon Gold Potatoes; 1/4 ounceChives; 6 tablespoonSour Cream; 1/4 cupPanko Breadcrumbs; 1.5 ounceBlue Cheese Dressing; 12 ounceCarrots; 1 tablespoonFry Seasoning; 10 ounceChicken Cutlets; 1 teaspoonHot Sauce; 7.2 gFrank's RedHot® Original Seasoning Blend; 2 teaspoonOlive Oil; 1 teaspoonVegetable Oil; 2 tablespoonButter; Salt; Pepper
Buffalo-Spiced Chickpea Bowls,Eggs; Milk,Calories 1000kcal,Fat 59g,Saturated Fat 14g,Carbohydrate 95g,Sugar 16g,Dietary Fiber 16g,Protein 16g,Cholesterol 40mg,Sodium 1620mg,1 cloveGarlic; 13.4 ounceChickpeas; 9 ounceCarrots; 1 unitShallot; 1/2 cupJasmine Rice; 4 ounceGrape Tomatoes; 7.2 gFrank's RedHot® Original Seasoning Blend; 1 teaspoonCelery Salt; 5 teaspoonWhite Wine Vinegar; 1 unitAvocado; 3 ounceRanch Dressing; 4 teaspoonVegetable Oil; 2 tablespoonButter; Salt; Pepper; 1/4 teaspoonSugar
Buffalo-Spiced Crispy Chicken Cutlets,Milk; Wheat,Calories 740kcal,Fat 40g,Saturated Fat 20g,Carbohydrate 53g,Sugar 14g,Dietary Fiber 8g,Protein 40g,Cholesterol 185mg,Sodium 790mg,8 ounceBroccoli Florets; 4 tablespoonSour Cream; 1/4 cupPanko Breadcrumbs; 10 ounceChicken Cutlets; 2 teaspoonHoney; 2 unitScallions; 7.2 gFrank's RedHot® Original Seasoning Blend; 1/4 cupMonterey Jack Cheese; 12 ounceYukon Gold Potatoes; 2 teaspoonVegetable Oil; 2 teaspoonOlive Oil; 3 tablespoonButter; Salt; Pepper
Bulgogi Chicken Tacos,Soy; Wheat; Sesame; Milk,Calories 710kcal,Fat 26g,Saturated Fat 9g,Carbohydrate 93g,Sugar 38g,Dietary Fiber 1g,Protein 34g,Cholesterol 110mg,Sodium 1210mg,1 unitPersian Cucumber; 5 teaspoonWhite Wine Vinegar; 4 ounceShredded Red Cabbage; 10 ounceChicken Breast Strips; 4 ounceBulgogi Sauce; 2 tablespoonSour Cream; 1 teaspoonSriracha; 6 unitFlour Tortillas; Sugar; 1 tablespoonVegetable Oil; Salt; Pepper
Bulgogi Chicken Thigh Tacos,Soy; Wheat; Sesame; Milk,Calories 840kcal,Fat 18g,Saturated Fat 12g,Carbohydrate 85g,Sugar 37g,Dietary Fiber 2g,Protein 31g,Cholesterol 145mg,Sodium 860mg,4 unitScallions; 2 unitPersian Cucumber; 10 teaspoonWhite Wine Vinegar; 24 ounceChicken Thighs; 8 ounceShredded Red Cabbage; 8 ounceBulgogi Sauce; 4 tablespoonSour Cream; 2 teaspoonSriracha; 12 unitFlour Tortillas; 1 teaspoonSugar; 1 tablespoonVegetable Oil; Salt; Pepper
Bulgogi Lime Pork Tenderloin,Soy; Wheat; Sesame; Milk,Calories 580kcal,Fat 19g,Saturated Fat 7g,Carbohydrate 65g,Sugar 27g,Dietary Fiber 8g,Protein 36g,Cholesterol 30mg,Sodium 300mg,1 unitGreen Bell Pepper; 1 unitBell Pepper; 2 unitSweet Potatoes; 1 unitLime; 2 unitScallions; 1 cloveGarlic; 4 ounceBulgogi Sauce; 12 ouncePork Tenderloin; 2 teaspoonVegetable Oil; 1 teaspoonOlive Oil; 1 tablespoonButter; Salt; Pepper
Bulgogi Pork Tenderloin,Soy; Wheat; Sesame; Milk,Calories 760kcal,Fat 25g,Saturated Fat 10g,Carbohydrate 92g,Sugar 39g,Dietary Fiber 6g,Protein 36g,Cholesterol 150mg,Sodium 500mg,12 ounceCarrots; 1 unitLime; 2 unitScallions; 1/2 cupJasmine Rice; 12 ouncePork Tenderloin; 4 ounceBulgogi Sauce; 1 tablespoonSesame Seeds; 1 teaspoonOlive Oil; 2 tablespoonButter; Salt; Pepper; 1 teaspoonVegetable Oil
Bulgogi Tacos for Dinner,Soy; Wheat; Sesame; Milk,Calories 760kcal,Fat 33g,Saturated Fat 15g,Carbohydrate 83g,Sugar 39g,Dietary Fiber 3g,Protein 29g,Cholesterol 115mg,Sodium 1410mg,2 unitScallions; 1 thumbGinger; 1 unitLime; 4 ounceShredded Carrots; 5 teaspoonWhite Wine Vinegar; 3/4 cupJasmine Rice; 20 ounceGround Beef; 8 ounceBulgogi Sauce; 8 ounceShredded Red Cabbage; 4 tablespoonSour Cream; 3 teaspoonSriracha; 6 unitFlour Tortillas; 2 teaspoonSugar; 1 tablespoonVegetable Oil; 1 tablespoonButter; Salt; Pepper
Bulgogi-Glazed Pork over Veggie Stir-Fry,Soy; Wheat; Sesame; Peanuts; Milk,Calories 510kcal,Fat 24g,Saturated Fat 8g,Carbohydrate 44g,Sugar 28g,Dietary Fiber 8g,Protein 40g,Cholesterol 85mg,Sodium 700mg,1 unitLime; 6 ounceGreen Beans; 2 unitScallions; 6 ounceCarrots; 4 ounceBulgogi Sauce; 1/2 ouncePeanuts; 12 ouncePork Cutlets; 4 ounceShredded Red Cabbage; 1 teaspoonSriracha; Salt; Pepper; 1 teaspoonVegetable Oil; 1 teaspoonSugar; 1 tablespoonButter
Buon Appetito Bacon Chicken,Wheat; Milk,Calories 1140kcal,Fat 58g,Saturated Fat 26g,Carbohydrate 90g,Sugar 15g,Dietary Fiber 6g,Protein 55g,Cholesterol 215mg,Sodium 1390mg,1.5 ounceSun-Dried Tomatoes; 1 cloveGarlic; 4 ounceGrape Tomatoes; 1 unitGreen Herb Blend; 1/4 cupPanko Breadcrumbs; 1/4 cupParmesan Cheese; 1 tablespoonTuscan Heat Spice; 4 ounceBacon; 10 ounceChicken Cutlets; 2 tablespoonSour Cream; 6 ounceSpaghetti; 2 tablespoonCream Cheese; Salt; 2 teaspoonOlive Oil; 2 tablespoonButter; Pepper
Burrata and Lemon Zest Ravioli,Wheat; Shellfish; Eggs; Milk,Calories 680kcal,Fat 34g,Saturated Fat 18g,Carbohydrate 54g,Sugar 5g,Dietary Fiber 6g,Protein 45g,Cholesterol 305mg,Sodium 1220mg,1 unitZucchini; 1 unitLemon; 2 cloveGarlic; 1/2 ounceBasil; 1/2 cupPanko Breadcrumbs; 10 ounceShrimp; 9 ounceBurrata and Lemon Zest Ravioli; 2.5 tablespoonButter; Salt; Pepper
Burst Tomato & Squash Fusilli,Wheat; Milk,Calories 598kcal,Fat 26g,,Carbohydrate 74g,,Dietary Fiber 10g,Protein 19g,,,6 ounceFusilli Pasta; 1 unitYellow Squash; 1 bunchGrape Tomatoes; 1 unitGreen Bell Pepper; 1/4 cupParmesan Cheese; 1 unitRed Onion; 1 sprigThyme; 3 tablespoonOlive Oil; unitSalt
Butter-Basted Chicken Breasts,Milk,Calories 910kcal,Fat 47g,Saturated Fat 23g,Carbohydrate 67g,Sugar 28g,Dietary Fiber 10g,Protein 50g,Cholesterol 235mg,Sodium 1060mg,8 ounceBrussels Sprouts; 2 unitScallions; 1 unitShallot; 12 ounceYukon Gold Potatoes; 4 ounceBacon; 2 tablespoonBrown Sugar; 12 ounceChicken Breasts; 2 tablespoonGarlic Herb Butter; 1 unitChicken Demi-Glace; 6 tablespoonSour Cream; 1 teaspoonChili Flakes; 1 tablespoonButter; 1 tablespoonVegetable Oil; Salt; Pepper
Butter-Basted Chicken Breasts,Milk,Calories 910kcal,Fat 42g,Saturated Fat 20g,Carbohydrate 73g,Sugar 28g,Dietary Fiber 11g,Protein 57g,Cholesterol 235mg,Sodium 770mg,8 ounceBrussels Sprouts; 2 unitScallions; 1 unitShallot; 2 unitSweet Potatoes; 4 ounceBacon; 2 tablespoonBrown Sugar; 12 ounceChicken Breasts; 2 tablespoonGarlic Herb Butter; 1 unitChicken Demi-Glace; 6 tablespoonSour Cream; 1 teaspoonChili Flakes; 1 tablespoonButter; 1 tablespoonVegetable Oil; Salt; Pepper
Butter-Basted Rib-Eye Steak,Milk,Calories 630kcal,Fat 37g,Saturated Fat 16g,Carbohydrate 43g,Sugar 10g,Dietary Fiber 9g,Protein 37g,Cholesterol 100mg,Sodium 200mg,12 ounceYukon Gold Potatoes; 6 ounceAsparagus; 1/4 ounceThyme; 1/4 ounceChives; 1 unitLemon; 10 ounceRib-Eye Steak; 1 cupMilk; 1 ounceGarlic Herb Butter; 1 tablespoonOlive Oil; Salt; Pepper
Butter-Basted Sirloin Steak,Milk,Calories 520kcal,Fat 23g,Saturated Fat 11g,Carbohydrate 40g,Sugar 9g,Dietary Fiber 10g,Protein 43g,Cholesterol 135mg,Sodium 190mg,12 ounceSirloin Steak; 1/4 ounceRosemary; 12 ounceParsnip; 5 ounceSpinach; 2 tablespoonSour Cream; 2 cloveGarlic; 2 teaspoonVegetable Oil; 2 tablespoonButter; unitSalt; unitPepper
Buttered-Up Butternut Squash Risotto,Milk,Calories 600kcal,Fat 25g,Saturated Fat 9g,Carbohydrate 81g,Sugar 5g,Dietary Fiber 7g,Protein 18g,Cholesterol 30mg,Sodium 540mg,8 ounceButternut Squash; 2 unitVeggie Stock Concentrate; 2 cloveGarlic; 1 unitShallot; 3/4 cupArborio Rice; 1/4 ounceSage; 1/4 cupParmesan Cheese; 1 ouncePepitas; 1 tablespoonOlive Oil; 1 tablespoonButter; Salt; Pepper
Buttered-Up Steak,Milk,Calories 470kcal,Fat 22g,Saturated Fat 7g,Carbohydrate 34g,Sugar 5g,Dietary Fiber 7g,Protein 34g,Cholesterol 95mg,Sodium 180mg,12 ounceYukon Gold Potatoes; 2 cloveGarlic; 1/4 ounceParsley; 6 ounceGreen Beans; 10 ounceRanch Steak; 2 teaspoonDijon Mustard; 1 tablespoonVegetable Oil; 1 tablespoonButter; Salt; Pepper
Butternut and Brussels Sprout Risotto,Milk,Calories 749kcal,Fat 31g,Saturated Fat 10g,Carbohydrate 100g,Sugar 17g,Dietary Fiber 12g,Protein 25g,Cholesterol 42mg,Sodium 850mg,3/4 cupArborio Rice; 8 ounceButternut Squash; 8 ounceBrussels Sprouts; 1/4 cupParmesan Cheese; 1 unitLemon; 1 unitYellow Onion; 2 cloveGarlic; 1 unitVeggie Stock Concentrate; 1/2 ounceHoney; 1 ouncePepitas; 4 ouncePancetta; unitPepper; unitSalt; 1 tablespoonOlive Oil; 1/2 tablespoonButter
Butternut Squash Agnolotti,Eggs; Milk; Wheat; Tree Nuts,Calories 640kcal,Fat 41g,Saturated Fat 20g,Carbohydrate 55g,Sugar 9g,Dietary Fiber 7g,Protein 20g,Cholesterol 100mg,Sodium 500mg,1 unitShallot; 4 ounceKale; 2 cloveGarlic; 1/4 ounceSage; 9 ounceButternut Squash Agnolotti; 1 ounceWalnuts; 2 tablespoonGarlic Herb Butter; 1/4 cupParmesan Cheese; 1 tablespoonButter; Salt; Pepper; 1 tablespoonOlive Oil
Butternut Squash Agnolotti,Eggs; Milk; Wheat; Tree Nuts,Calories 620kcal,Fat 40g,Saturated Fat 19g,Carbohydrate 50g,Sugar 7g,Dietary Fiber 6g,Protein 19g,Cholesterol 100mg,Sodium 930mg,1 unitYellow Onion; 4 ounceKale; 1 cloveGarlic; 1/4 ounceSage; 9 ounceButternut Squash Agnolotti; 1/2 ounceWalnuts; 2 tablespoonGarlic Herb Butter; 1/4 cupParmesan Cheese; 1 tablespoonButter; Salt; Pepper; 1 tablespoonOlive Oil
"Butternut Squash and Kale Flatbread with Mozzarella, Thyme, and Balsamic",Wheat; Soy; Milk,Calories 692kcal,Fat 23g,Saturated Fat 8g,Carbohydrate 91g,Sugar 8g,Dietary Fiber 16g,Protein 29g,,Sodium 894mg,10 ounceWhole Wheat Pizza Dough; 8 ounceButternut Squash; 2 cloveGarlic; 4 ounceKale; 1 unitRed Onion; 1/4 ounceThyme; 4 ounceMozzarella Cheese; 2 tablespoonBalsamic Vinegar; 1 tablespoonOlive Oil
Butternut Squash and Sage Orecchiette,Wheat; Milk,Calories 670kcal,Fat 29g,Saturated Fat 15g,Carbohydrate 90g,Sugar 10g,Dietary Fiber 9g,Protein 19g,Cholesterol 60mg,Sodium 180mg,6 ounceOrecchiette Pasta; 1 unitShallot; 1/4 ounceSage; 2 cloveGarlic; 8 ounceButternut Squash; 4 ounceButton Mushrooms; 1 teaspoonChili Flakes; 1/4 cupParmesan Cheese; 2 teaspoonOlive Oil; 1/4 teaspoonSugar; 3 tablespoonButter; Salt; Pepper
Butternut Squash and Sage Risotto with Feta and Pepitas,Milk,Calories 610kcal,Fat 24g,Saturated Fat 10g,Carbohydrate 89g,Sugar 7g,Dietary Fiber 8g,Protein 18g,,Sodium 546mg,12 ounceButternut Squash; 1/4 ounceSage; 2 cloveGarlic; 1 unitYellow Onion; 3/4 cupArborio Rice; 1 unitVeggie Stock Concentrate; 2 ounceFeta Cheese; 1 ouncePepitas; 1 tablespoonButter; 2 teaspoonOlive Oil; boxSalt; boxPepper
Butternut Squash and Sage Risotto,Milk,Calories 670kcal,Fat 29g,Saturated Fat 13g,Carbohydrate 86g,Sugar 6g,Dietary Fiber 7g,Protein 21g,Cholesterol 45mg,Sodium 530mg,1 unitYellow Onion; 1/4 ounceSage; 2 cloveGarlic; 12 ounceButternut Squash; 1 unitVeggie Stock Concentrate; 3/4 cupArborio Rice; 1/2 cupParmesan Cheese; 1 ouncePepitas; 2 teaspoonOlive Oil; 1 tablespoonButter; Salt; Pepper
"Butternut Squash Curry with Chickpeas, Spinach, and Cashews",Tree Nuts,Calories 753kcal,Fat 40g,,Carbohydrate 23g,,Dietary Fiber 21g,Protein 23g,,Sodium 394mg,8 ounceButternut Squash; 1 tablespoonCurry Powder; 1 boxChickpeas; 1 unitLime; 1/4 ounceCilantro; 1 unitYellow Onion; 1 canCoconut Milk; 1 teaspoonCinnamon; 1 ounceCashews; 5 ounceSpinach; 2 tablespoonOlive Oil
Butternut Squash Power Bowl,Wheat; Tree Nuts; Milk,Calories 570kcal,Fat 26g,Saturated Fat 9g,Carbohydrate 72g,Sugar 10g,Dietary Fiber 10g,Protein 19g,Cholesterol 30mg,Sodium 360mg,3/4 cupFarro; 1 unitVeggie Stock Concentrate; 12 ounceButternut Squash; 1 unitYellow Onion; 2 cloveGarlic; 1 unitShallot; 1/4 ounceParsley; 5 teaspoonWhite Wine Vinegar; 1 ouncePistachios; 1/4 cupParmesan Cheese; 1/2 teaspoonSugar; 2 teaspoonVegetable Oil; 2 teaspoonOlive Oil; 1 tablespoonButter; Salt; Black Pepper
Butternut Squash Protein Bowl,Tree Nuts; Milk,Calories 543kcal,Fat 24g,Saturated Fat 6g,Carbohydrate 50g,Sugar 6g,Dietary Fiber 20g,Protein 28g,,Sodium 636mg,5 ounceSpinach; 1/2 ounceBasil; 8 ounceButternut Squash; 1 unitRed Onion; 1 ounceWalnuts; 2 ounceFeta Cheese; 5.3 ounceYogurt; 13.4 ounceKidney Beans; 1 unitDijon Mustard; 1 teaspoonDried Oregano; boxSalt; boxPepper; boxOlive Oil
Butternut Squash-Filled Pasta,Eggs; Milk; Wheat,Calories 700kcal,Fat 38g,Saturated Fat 18g,Carbohydrate 57g,Sugar 17g,Dietary Fiber 3g,Protein 19g,Cholesterol 155mg,Sodium 960mg,1 unitBell Pepper; 2 unitScallions; 2 cloveGarlic; 9 ounceButternut Squash Pasta; 1 unitVeggie Stock Concentrate; 2 tablespoonSour Cream; 2 tablespoonCream Cheese; 1/4 cupParmesan Cheese; 3 teaspoonOlive Oil; 1 tablespoonButter; Salt; Pepper; 2 teaspoonVegetable Oil
