Title,Allergens,Calories,Fat,Saturated Fat,Carbohydrate,Sugar,Dietary Fiber,Protein,Cholesterol,Sodium,Ingredients
Walnut-Crusted Chicken,Tree Nuts; Eggs; Soy; Wheat; Milk,Calories 710kcal,Fat 41g,Saturated Fat 14g,Carbohydrate 43g,Sugar 7g,Dietary Fiber 4g,Protein 40g,Cholesterol 155mg,Sodium 620mg,1/2 ounceWalnuts; 10 ounceChicken Cutlets; 1.5 ounceHoney Dijon Dressing; 1 unitCiabatta Bread; 2 unitOven-Ready Aluminum Trays; 1/4 cupPanko Breadcrumbs; 1 tablespoonFry Seasoning; 8 ounceBroccoli Florets; 1/4 cupMonterey Jack Cheese; 1 tablespoonOlive Oil; 2 tablespoonButter; Salt; Pepper
Walnut-Crusted Salmon with Crispy Broccoli and Pilaf-Style Couscous,Fish; Wheat; Milk; Tree Nuts,Calories 868kcal,Fat 42g,Saturated Fat 5g,Carbohydrate 68g,Sugar 5g,Dietary Fiber 8g,Protein 51g,,Sodium 555mg,12 ounceSkin-on Salmon; 6 ounceBroccoli Florets; 2 ounceShallot; 1/4 cupPanko Breadcrumbs; 1 unitVeggie Stock Concentrate; 1 jarDijon Mustard; 3/4 cupCouscous; 1 ounceWalnuts; 2 teaspoonOlive Oil; 1 tablespoonButter
Warm Barley Salad,Wheat,Calories 620kcal,Fat 25g,Saturated Fat 3g,Carbohydrate 81g,Sugar 6g,Dietary Fiber 21g,Protein 19g,,Sodium 780mg,1 unitShallot; 1/2 ounceBasil; 1 unitAvocado; 1 canGreat Northern Beans; 1 unitVeggie Stock Concentrate; 1 jarDijon Mustard; 3/4 cupPearl Barley; 2 tablespoonBalsamic Vinegar; 4 ounceGrape Tomatoes; unitSalt; unitPepper; 2 tablespoonOlive Oil
Warm Farro & Shrimp Bowl,Shellfish; Wheat,Calories 606kcal,Fat 22g,,Carbohydrate 68g,,Dietary Fiber 11g,Protein 34g,,,Ingredientsserving amount2410 ounceShrimp3/4 cupFarro1 unitShallot1 unitGreen Bell Pepper4 ounceWax Beans1 unitLemon1 sprigMint2 cloveGarlic2 ounceArugula; 10 ounceShrimp; 3/4 cupFarro; 1 unitShallot; 1 unitGreen Bell Pepper; 4 ounceWax Beans; 1 unitLemon; 1 sprigMint; 2 cloveGarlic; 2 ounceArugula
Warm Grain Salad,Wheat,Calories 753kcal,Fat 26g,,Carbohydrate 117g,,Dietary Fiber 31g,Protein 24g,,,3/4 cupPearl Barley; 1 bunchGrape Tomatoes; 1 unitShallot; 1 bunchBasil; 1 unitAvocado; 1 canButter Beans; 1 unitVeggie Stock Concentrate; 2 tablespoonBalsamic Vinegar; 1 tablespoonDijon Mustard; 2 tablespoonOlive Oil; unitSalt; unitPepper
Warm Shrimp and Farro Salad,Shellfish; Wheat,Calories 431kcal,Fat 20g,Saturated Fat 3g,Carbohydrate 41g,Sugar 9g,Dietary Fiber 9g,Protein 26g,,Sodium 460mg,10 ounceShrimp; 1/2 cupFarro; 2 ounceArugula; 4 ounceGreen Beans; 1 unitRed Bell Pepper; 1 unitShallot; 2 cloveGarlic; 1 unitLemon; 1/4 ounceMint; unitSalt; unitPepper; 8 teaspoonOlive Oil
Warm Spinach & Spicy Chorizo Salad,Milk; Eggs,Calories 656kcal,Fat 49g,,Carbohydrate 29g,,Dietary Fiber 6g,Protein 30g,,,2 unitCorn; 6 ounceFresh Pork Chorizo; 1 ounceFeta Cheese; 2 tablespoonMayonnaise; 1 teaspoonChipotle Powder; 1 bunchCilantro; 1 unitLime; 3 unitGrape Tomatoes; 8 ounceSpinach; 1 tablespoonOlive Oil
Warming Cauliflower and Lentil Dal,Milk; Wheat,Calories 530kcal,Fat 13g,Saturated Fat 4g,Carbohydrate 83g,Sugar 15g,Dietary Fiber 15g,Protein 25g,Cholesterol 20mg,Sodium 540mg,1 unitYellow Onion; 10 ounceCauliflower Florets; 6 ounceGreen Beans; 1/2 cupRed Lentils; 2 cloveGarlic; 1/4 ounceCilantro; 1 tablespoonCurry Powder; 1 canDiced Tomatoes; 4 tablespoonSour Cream; 2 pieceNaan Bread; 1 unitVeggie Stock Concentrate; 2 teaspoonOlive Oil; unitSalt; unitPepper
Warmly Spiced Chicken Thighs,Milk,Calories 780kcal,Fat 37g,Saturated Fat 9g,Carbohydrate 79g,Sugar 10g,Dietary Fiber 7g,Protein 42g,Cholesterol 160mg,Sodium 380mg,6 ounceSugar Snap Peas; 2 cloveGarlic; 1 unitLemon; 1 teaspoonCumin; 1 teaspoonPaprika; 12 ounceChicken Thighs; 3/4 cupBasmati Rice; 1 unitChicken Stock Concentrate; 1/2 ounceHoney; 3 tablespoonOlive Oil; 1 tablespoonButter; Salt; Pepper
Wasabi Lime Salmon,Fish; Soy; Wheat; Eggs,Calories 660kcal,Fat 27g,Saturated Fat4.5 g,Carbohydrate 55g,Sugar 4g,Dietary Fiber 4g,Protein 44g,Cholesterol 85mg,Sodium 860mg,12 ounceSkin-on Salmon; 2 unitBaby Bok Choy; 1 unitVeggie Stock Concentrate; 1/2 cupJasmine Rice; 1 teaspoonSoy Sauce; 1 thumbGinger; 2 cloveGarlic; 1 teaspoonWasabi Paste; 2 tablespoonMayonnaise; 2 unitScallions; 1 unitLime; 2 teaspoonVegetable Oil; unitSalt; unitPepper
Wasabi Soy Chicken,Soy; Wheat; Fish; Milk,Calories 580kcal,Fat 16g,Saturated Fat 5g,Carbohydrate 72g,Sugar 18g,Dietary Fiber 5g,Protein 37g,Cholesterol 115mg,Sodium 1140mg,1 thumbGinger; 2 unitScallions; 1 unitLime; 8 ounceBroccoli Florets; 1/2 cupJasmine Rice; 4 tablespoonSweet Soy Glaze; 1 teaspoonWasabi Paste; 10 ounceChicken Cutlets; 6 millilitersPonzu Sauce; Salt; Pepper; 2 teaspoonVegetable Oil; 1 tablespoonButter
Wasabi Zinger Salmon,Milk; Fish,Calories 710kcal,Fat 40g,Saturated Fat 11g,Carbohydrate 55g,Sugar 4g,Dietary Fiber 4g,Protein 36g,Cholesterol 110mg,Sodium 400mg,1 unitVeggie Stock Concentrate; 1/2 cupJasmine Rice; 1 unitLime; 4 tablespoonSour Cream; 1 teaspoonWasabi Paste; 10 ounceSkin-on Salmon; 6 ounceGreen Beans; 1 tablespoonSesame Seeds; 1 tablespoonVegetable Oil; 1 tablespoonButter; Salt; Pepper
Wasabi-Glazed Steak,Soy; Wheat,Calories 658kcal,Fat 34g,,Carbohydrate 45g,,Dietary Fiber 9g,Protein 47g,,,12 ounceSteak; 4 ounceSoba Noodles; 1 unitLime; 1 unitCarrots; 1 teaspoonWasabi Paste; 1 unitAvocado; 2 cloveGarlic; 2 unitScallions; 1 tablespoonSesame Seeds; 1 unitGreen Bell Pepper; 1 tablespoonSoy Sauce; 1 unitVeggie Stock Concentrate; 1 tablespoonVegetable Oil; unitSalt; unitPepper
Watermelon and Farro Salad,Wheat; Milk; Tree Nuts,Calories 713kcal,Fat 28g,,Carbohydrate 75g,,Dietary Fiber 10g,Protein 25g,,,6 ounceWatermelon; 3/4 cupFarro; 4 ounceFresh Mozzarella; 1 unitEnglish Cucumber; 1 unitShallot; 2 tablespoonBalsamic Vinegar; 1 bunchBasil; 1 ouncePecans; 1 tablespoonHoney; 2 tablespoonOlive Oil
When Steak Met Potatoes,Milk,Calories 525kcal,Fat 19g,Saturated Fat 9g,Carbohydrate 44g,Sugar 6g,Dietary Fiber 7g,Protein 45g,Cholesterol 131mg,Sodium 598mg,12 ounceSirloin Steak; 4 ounceKale; 12 ounceYukon Gold Potatoes; 1 unitShallot; 4 tablespoonSour Cream; 1/2 ounceBlack Peppercorns; 1 unitBeef Stock Concentrate; unitSalt; unitPepper; 1 tablespoonVegetable Oil; 1 tablespoonButter
White Bean Chicken Chili Dinner,Milk; Wheat,Calories 700kcal,Fat 20g,Saturated Fat 7g,Carbohydrate 74g,Sugar 6g,Dietary Fiber 9g,Protein 47g,Cholesterol 165mg,Sodium 810mg,3/4 cupJasmine Rice; 1 unitLong Green Pepper; 2 unitScallions; 1 unitRoma Tomato; 1/4 ounceCilantro; 20 ounceChicken Cutlets; 1 tablespoonEnchilada Spice Blend; 1 unitLime; 2 tablespoonSour Cream; 1 teaspoonChili Powder; 13.4 ounceCannellini Beans; 3 unitChicken Stock Concentrate; 3 teaspoonHot Sauce; 1/2 cupMonterey Jack Cheese; 2 unitFlour Tortilla; 1 tablespoonVegetable Oil; Salt; Pepper
Wholesome Hoisin Veggie Stir-Fry,Soy,Calories 480kcal,Fat 8g,Saturated Fat 1g,Carbohydrate 95g,Sugar 19g,Dietary Fiber 10g,Protein 12g,,Sodium 330mg,3/4 cupBrown Rice; 1 unitRed Onion; 2 cloveGarlic; 1 thumbGinger; 6 ounceSugar Snap Peas; 1 unitLime; 2 jarHoisin Sauce Jar; 2 unitScallions; 1 unitYellow Bell Peppers; 2 teaspoonVegetable Oil; unitSalt; unitPepper
Wild (Apri)Caught Salmon,Fish; Shellfish; Tree Nuts; Milk,Calories 810kcal,Fat 32g,Saturated Fat 10g,Carbohydrate 87g,Sugar 31g,Dietary Fiber 9g,Protein 38g,Cholesterol 100mg,Sodium 620mg,12 ounceCarrots; 2 unitScallions; 1 unitLemon; 1/2 cupJasmine Rice; 10 ounceWild Sockeye Salmon; 1 unitSeafood Stock Concentrate; 2 tablespoonApricot Jam; 1 ounceDried Apricots; 1 teaspoonAncho Chili Powder; 1/2 ouncePistachios; 2 teaspoonOlive Oil; 2 teaspoonVegetable Oil; 2 tablespoonButter; Salt; Pepper
Wild Mushroom & Thyme Risotto,Milk,Calories 516kcal,Fat 17g,Saturated Fat 8g,Carbohydrate 76g,Sugar 7g,Dietary Fiber 8g,Protein 16g,,Sodium 378mg,3/4 cupArborio Rice; 2 cloveGarlic; 1 unitYellow Onion; 1 unitCelery; 1/4 ounceThyme; 1 unitVeggie Stock Concentrate; 4 ounceMixed Wild Mushrooms; 4 ouncePeas; 1 ounceParmesan Cheese; boxSalt; boxPepper; 1 tablespoonOlive Oil; 1 tablespoonButter
Wild Mushroom Fettuccine,Wheat; Milk,Calories 599kcal,Fat 18g,,Carbohydrate 88g,,Dietary Fiber 9g,Protein 28g,,,6 ounceFettuccine; 4 ounceMixed Wild Mushrooms; 1 unitLemon; 2 cloveGarlic; 1 unitRed Onion; 1 bunchParsley; 1 sprigTarragon; 2 tablespoonSour Cream; 1/4 cupParmesan Cheese; 1 unitVeggie Stock Concentrate; 1 tablespoonOlive Oil; 1 pinchSalt; unitPepper
Winner Winner Chicken Orzo Dinner,Milk; Wheat,Calories 727kcal,Fat 30g,Saturated Fat 13g,Carbohydrate 53g,Sugar 8g,Dietary Fiber 7g,Protein 67g,Cholesterol 174mg,Sodium 522mg,12 ounceChicken Breasts; 1/4 cupParmesan Cheese; 1 unitRoma Tomato; 1/4 cupPanko Breadcrumbs; 1 tablespoonItalian Seasoning; 4 ounceFresh Mozzarella; 1 unitZucchini; 1 unitLemon; 6 ounceOrzo Pasta; unitPepper; unitSalt; 4 teaspoonOlive Oil
Winner Winner Chicken Orzo Dinner,Wheat; Milk,Calories 730kcal,Fat 33g,Saturated Fat 15g,Carbohydrate 54g,Sugar 8g,Dietary Fiber 7g,Protein 61g,Cholesterol 160mg,Sodium 520mg,1 unitZucchini; 1 unitRoma Tomato; 1 tablespoonItalian Seasoning; 3 ounceOrzo Pasta; 12 ounceChicken Breasts; 4 ounceFresh Mozzarella; 1 unitLemon; 1/4 ounceParsley; 1/4 cupPanko Breadcrumbs; 1/4 cupParmesan Cheese; 4 teaspoonOlive Oil; Salt; Pepper
Winning Pork Medallions,Milk,Calories 510kcal,Fat 19g,Saturated Fat 6g,Carbohydrate 42g,Sugar 5g,Dietary Fiber 9g,Protein 44g,Cholesterol 130mg,Sodium 380mg,12 ouncePork Tenderloin; 8 ounceBrussels Sprouts; 12 ounceYukon Gold Potatoes; 1/4 ounceTarragon; 4 tablespoonSour Cream; 1 unitChicken Stock Concentrate; 2 teaspoonOlive Oil; unitSalt; unitPepper
"Winter Risotto with Kale, Fennel Seed, and Parmesan",Milk; Tree Nuts,Calories 660kcal,Fat 35g,Saturated Fat 14g,Carbohydrate 73g,Sugar 4g,Dietary Fiber 5g,Protein 18g,,Sodium 584mg,1 unitYellow Onion; 4 ounceKale; 1/4 ounceParsley; 2 cloveGarlic; 1 ounceSour Cream; 1 ounceParmesan Cheese; 1 ounceWalnuts; 1 ounceAlmonds; 2 unitVeggie Stock Concentrate; 3/4 cupArborio Rice; 2 tablespoonButter; 1 tablespoonOlive Oil
Wonder-ful Pasta in Tomato Cream Sauce,Wheat; Milk,Calories 630kcal,Fat 21g,Saturated Fat 10g,Carbohydrate 87g,Sugar 12g,Dietary Fiber 5g,Protein 27g,Cholesterol 50mg,Sodium 910mg,4 cloveGarlic; 1/4 ounceParsley; 12 ounceCavatappi Pasta; 1/2 cupPanko Breadcrumbs; 4 ouncePancetta; 2 tablespoonFlour; 2 cupMilk; 1/2 cupParmesan Cheese; 1 boxCrushed Tomatoes; 5 ounceSpinach; 1 tablespoonButter; 1 teaspoonVegetable Oil; Salt; Pepper
