Title,Allergens,Calories,Fat,Saturated Fat,Carbohydrate,Sugar,Dietary Fiber,Protein,Cholesterol,Sodium,Ingredients
Game Day BBQ Ribs,Milk; Eggs; Wheat,Calories 1590kcal,Fat 88g,Saturated Fat 28g,Carbohydrate 143g,Sugar 67g,Dietary Fiber 9g,Protein 62g,Cholesterol 230mg,Sodium 3100mg,1 unitBBQ Baby Back Ribs; 1 tablespoonSouthwest Spice Blend; 1 teaspoonAncho Chili Powder; 12 ounceYukon Gold Potatoes; 1 unitYellow Onion; 1 unitRoma Tomato; 1 unitJalapeño; 1 unitLime; 4 tablespoonSour Cream; 82 gTempura Mix; 7.2 gFrank's Seasoning Blend; 1/2 cupPepper Jack Cheese; 1.5 ounceBlue Cheese Dressing; 1 teaspoonHot Sauce; Salt; Pepper; 2 teaspoonVegetable Oil
Game Day Black Bean Chili,Milk,Calories 501kcal,Fat 20g,Saturated Fat3.5 g,Carbohydrate 54g,Sugar 11g,Dietary Fiber 29g,Protein 21g,Cholesterol 10mg,Sodium 239mg,1 unitYellow Onion; 1 unitRed Bell Pepper; 2 cloveGarlic; 1/4 ounceOregano; 1/4 ounceCilantro; 1 unitAvocado; 1 boxBlack Beans; 1 canDiced Tomatoes; 1 teaspoonChili Powder; 1 teaspoonCumin; 2 tablespoonSour Cream; 2 unitScallions; unitSalt; unitPepper; 1 teaspoonOlive Oil
Game-Day Beef Chili,Milk,Calories 750kcal,Fat 38g,Saturated Fat 16g,Carbohydrate 53g,Sugar 11g,Dietary Fiber 18g,Protein 50g,Cholesterol 130mg,Sodium 1010mg,4 unitScallions; 4 cloveGarlic; 2 unitPoblano Pepper; 26.8 ounceBorlotti Beans; 22 ounceGround Beef; 2 tablespoonMexican Spice Blend; 2 unitVeggie Stock Concentrate; 27.52 ounceCrushed Tomatoes; 1 cupCheddar Cheese; 8 tablespoonSour Cream; 2 teaspoonVegetable Oil; Salt; Pepper
Game-Day Beef Chili,Milk,Calories 730kcal,Fat 37g,Saturated Fat 16g,Carbohydrate 50g,Sugar 10g,Dietary Fiber 16g,Protein 49g,Cholesterol 130mg,Sodium 1050mg,2 unitScallions; 2 cloveGarlic; 1 unitPoblano Pepper; 13.4 ounceCannellini Beans; 10 ounceGround Beef; 1 tablespoonMexican Spice Blend; 1 unitVeggie Stock Concentrate; 13.76 ounceCrushed Tomatoes; 1/2 cupCheddar Cheese; 4 tablespoonSour Cream; 1 teaspoonOlive Oil; Salt; Pepper
Garden Quesadillas,Eggs; Soy; Wheat; Milk,Calories 850kcal,Fat 53g,Saturated Fat 15g,Carbohydrate 63g,Sugar 15g,Dietary Fiber 7g,Protein 21g,Cholesterol 40mg,Sodium 1310mg,2 unitShallot; 1 unitBell Pepper; 1 unitZucchini; 1 teaspoonDried Oregano; 1 unitRoma Tomato; 1/4 ounceCilantro; 1 unitLime; 2 tablespoonMayonnaise; 1 teaspoonChipotle Powder; 6 unitFlour Tortillas; 1 cupMozzarella Cheese; 2 ounceArugula; 8 teaspoonOlive Oil; Salt; Pepper
Garden Spinach Ricotta Ravioli,Milk; Eggs; Wheat,Calories 540kcal,Fat 30g,Saturated Fat 16g,Carbohydrate 51g,Sugar 9g,Dietary Fiber 7g,Protein 21g,Cholesterol 100mg,Sodium 1160mg,1 unitZucchini; 2 unitScallions; 9 ounceSpinach and Ricotta Ravioli; 1 unitVeggie Stock Concentrate; 1/4 cupParmesan Cheese; 1 unitRoma Tomato; 1 unitLemon; 1 teaspoonItalian Seasoning; 4 tablespoonSour Cream; 2 teaspoonOlive Oil; 1 tablespoonButter; Salt; Pepper
Garlic Bread & Crunchy Sesame Salad Combo,Soy; Tree Nuts; Wheat; Milk,Calories 550kcal,Fat 29g,Saturated Fat 9g,Carbohydrate 64g,Sugar 14g,Dietary Fiber 7g,Protein 13g,Cholesterol 20mg,Sodium 1070mg,Ingredients/ serving 2 people12 ounceCrunchy Sesame Salad Kit6 ounceGarlic Bread; 12 ounceCrunchy Sesame Salad Kit; 6 ounceGarlic Bread
Garlic Bread & Sweet Kale Salad,Eggs; Milk; Wheat,Calories 530kcal,Fat 27g,Saturated Fat 8g,Carbohydrate 66g,Sugar 22g,Dietary Fiber 7g,Protein 11g,Cholesterol 20mg,Sodium 760mg,Ingredients/ serving 2 people12 ounceEat Smart® Sweet Kale Chopped Salad Kit6 ounceGarlic Bread; 12 ounceEat Smart® Sweet Kale Chopped Salad Kit; 6 ounceGarlic Bread
Garlic Herb Butter Steak & Lobster Tail,Shellfish; Milk,Calories 870kcal,Fat 51g,Saturated Fat 27g,Carbohydrate 48g,Sugar 6g,Dietary Fiber 10g,Protein 60g,Cholesterol 260mg,Sodium 920mg,1/4 ounceChives; 7 ounceLobster Tails; 4 tablespoonCrème Fraîche; 1 tablespoonBold & Savory Steak Spice; 1 unitLemon; 12 ounceYukon Gold Potatoes; 8 ounceBroccoli Florets; 10 ounceRanch Steak; 4 tablespoonGarlic Herb Butter; 1 teaspoonVegetable Oil; 1 tablespoonButter; Salt; Pepper; 1 teaspoonOlive Oil
Garlic Herb Butter Steak,Milk,Calories 970kcal,Fat 57g,Saturated Fat 23g,Carbohydrate 46g,Sugar 16g,Dietary Fiber 7g,Protein 38g,Cholesterol 170mg,Sodium 660mg,16 ounceYukon Gold Potatoes; 2 unitSweet Potatoes; 1 unitShallot; 1/4 ounceParsley; 4 ounceHeirloom Grape Tomatoes; 6 ounceMini Bell Peppers; 24 ounceSirloin Steak; 1 unitBeef Demi-Glace; 1 ounceGarlic Herb Butter; 7 teaspoonVegetable Oil; 1 tablespoonButter; Salt; Pepper
Garlic Herb Buttered Sirloin Steak,Milk,Calories 710kcal,Fat 46g,Saturated Fat 19g,Carbohydrate 36g,Sugar 4g,Dietary Fiber 7g,Protein 36g,Cholesterol 145mg,Sodium 400mg,6 ounceBaby Broccoli; 12 ounceBaby Red Potatoes; 1/4 cupParmesan Cheese; 2 cloveGarlic; 10 ounceSirloin Steak; 2 tablespoonGarlic Herb Butter; 4 teaspoonVegetable Oil; Salt; Pepper
Garlic Herb Chicken,Milk; Wheat; Eggs,Calories 990kcal,Fat 52g,Saturated Fat 29g,Carbohydrate 57g,Sugar 9g,Dietary Fiber 6g,Protein 73g,Cholesterol 275mg,Sodium 1610mg,1 unitShallot; 10 ounceHeirloom Grape Tomatoes; 1 unitLemon; 4 ounceFresh Mozzarella; 1/4 ounceChives; 1/2 cupPanko Breadcrumbs; 24 ounceChicken Breasts; 4 tablespoonGarlic Herb Butter; 6.75 ounceMilk; 2 unitChicken Stock Concentrate; 1 cupItalian Cheese Blend; 18 ounceSpinach and Artichoke Ravioli; 4 ouncePeas; 1/4 ounceThyme; 1/2 cupParmesan Cheese; 1 teaspoonChili Flakes; 2 teaspoonOlive Oil; 2 teaspoonVegetable Oil; Salt; Pepper
Garlic Herb Pork Chops,Milk,Calories 660kcal,Fat 37g,Saturated Fat 17g,Carbohydrate 47g,Sugar 13g,Dietary Fiber 9g,Protein 39g,Cholesterol 155mg,Sodium 540mg,2 unitSweet Potatoes; 1 unitZucchini; 1 unitLemon; 2 tablespoonSour Cream; 12 ouncePork Chops; 1 teaspoonGarlic Powder; 1 unitChicken Stock Concentrate; 2 tablespoonGarlic Herb Butter; 2 teaspoonOlive Oil; 1 tablespoonButter; Salt; Pepper
Garlic Herb Tortelloni,Wheat; Eggs; Milk,Calories 690kcal,Fat 36g,Saturated Fat 19g,Carbohydrate 70g,Sugar 10g,Dietary Fiber 8g,Protein 25g,Cholesterol 115mg,Sodium 1190mg,1 unitZucchini; 2 unitRoma Tomato; 1 unitShallot; 2 cloveGarlic; 1 tablespoonItalian Seasoning; 1 teaspoonChili Flakes; 1/4 cupPanko Breadcrumbs; 9 ounceCheese Tortelloni; 1/4 cupParmesan Cheese; 2.5 tablespoonButter; 1 teaspoonVegetable Oil; 1 teaspoonOlive Oil; Salt; Pepper
Garlic Lime Chicken,Milk,Calories 640kcal,Fat 34g,Saturated Fat 11g,Carbohydrate 47g,Sugar 21g,Dietary Fiber 11g,Protein 46g,Cholesterol 130mg,Sodium 140mg,8 ounceTomatillos; 2 unitCorn on the Cob; 1 unitLime; 2 cloveGarlic; 1 unitShallot; 1 unitJalapeño; 12 ounceChicken Breasts; 1/2 ounceHoney; 1 unitAvocado; 2 tablespoonButter; 1 tablespoonOlive Oil; 1 teaspoonSugar; Salt; Pepper
Garlicky Shrimp Scampi,Shellfish; Wheat; Milk,Calories 591kcal,Fat 15g,Saturated Fat 5g,Carbohydrate 83g,Sugar 9g,Dietary Fiber 8g,Protein 36g,Cholesterol 229mg,Sodium 411mg,20 ounceShrimp; 12 ounceLinguine; 4 cloveGarlic; 2 unitLemon; 1/2 ounceParsley; 2 unitRed Bell Pepper; 2 unitShallot; 1 teaspoonChili Flakes; unitSalt; unitPepper; 4 teaspoonOlive Oil; 2 tablespoonButter
Get Your Greens Rice Bowl,Soy; Milk; Wheat; Tree Nuts,Calories 590kcal,Fat 33g,Saturated Fat 5g,Carbohydrate 62g,Sugar 7g,Dietary Fiber 10g,Protein 18g,Cholesterol 10mg,Sodium 350mg,1/2 cupBrown Rice; 1 thumbGinger; 6 ounceAsparagus; 2 unitScallions; 2 unitBaby Bok Choy; 1 unitLime; 4 ounceEdamame; 2 tablespoonSour Cream; 1 teaspoonWasabi Paste; 1 tablespoonSesame Oil; 1 tablespoonSoy Sauce; 1 ounceCashews; 1 tablespoonSesame Seeds; 4 teaspoonVegetable Oil; unitSalt; unitPepper
Gettin’ Figgy With It Chicken,Milk,Calories 730kcal,Fat 37g,Saturated Fat 17g,Carbohydrate 55g,Sugar 19g,Dietary Fiber 8g,Protein 43g,Cholesterol 185mg,Sodium 400mg,12 ounceYukon Gold Potatoes; 8 ounceBrussels Sprouts; 2 tablespoonFig Jam; 1 unitChicken Stock Concentrate; 4 tablespoonSour Cream; 12 ounceChicken Breasts; 5 teaspoonBalsamic Vinegar; 4 teaspoonOlive Oil; 3 tablespoonButter; Salt; Pepper
Ginger Apricot Pork Chops,Milk,Calories 730kcal,Fat 38g,Saturated Fat 14g,Carbohydrate 61g,Sugar 17g,Dietary Fiber 3g,Protein 37g,Cholesterol 130mg,Sodium 740mg,1 thumbGinger; 1 unitChili Pepper; 1/2 cupJasmine Rice; 6 ounceGreen Beans; 12 ouncePork Chops; 2 tablespoonApricot Jam; 1 unitChicken Stock Concentrate; 2 tablespoonButter; 5 teaspoonVegetable Oil; Salt; Pepper
Ginger Beef Stir-Fry,Soy; Wheat,Calories 570kcal,Fat 16g,Saturated Fat 6g,Carbohydrate 64g,Sugar 7g,Dietary Fiber 4g,Protein 43g,,Sodium 715mg,12 ounceFlatiron Steak; 3/4 cupBasmati Rice; 6 ounceAsparagus; 2 cloveGarlic; 1 thumbGinger; 6 teaspoonHoisin Sauce; 1 teaspoonSesame Seeds; 2 unitScallions; 6 teaspoonSoy Sauce; unitSalt; unitPepper; 1 teaspoonOlive Oil
Ginger Beef Stir-Fry,Soy; Wheat,Calories 610kcal,Fat 16g,Saturated Fat4.5 g,Carbohydrate 72g,Sugar 9g,Dietary Fiber 4g,Protein 48g,Cholesterol 100mg,Sodium 690mg,12 ounceBeef Sirloin Tips; 3/4 cupBasmati Rice; 6 ounceAsparagus; 2 cloveGarlic; 1 thumbGinger; 1 jarHoisin Sauce Jar; 1 tablespoonSesame Seeds; 2 unitScallions; 1/2 ounceSoy Sauce; 1 teaspoonVegetable Oil; unitSalt; unitPepper
Ginger Beef Stir-Fry,Soy; Wheat,Calories 516kcal,Fat 12g,Saturated Fat 3g,Carbohydrate 69g,Sugar 7g,Dietary Fiber 2g,Protein 35g,Cholesterol 68mg,Sodium 1237mg,16 ounceBeef Sirloin Tips; 1.5 cupBasmati Rice; 12 ounceSugar Snap Peas; 4 cloveGarlic; 1 thumbGinger; 2 jarHoisin Sauce Jar; 2 tablespoonSesame Seeds; 4 unitScallions; 2 ounceSoy Sauce; 2 teaspoonVegetable Oil; unitSalt; unitPepper
Ginger Plum Chicken,Fish; Soy; Wheat; Milk,Calories 680kcal,Fat 28g,Saturated Fat 10g,Carbohydrate 74g,Sugar 21g,Dietary Fiber 4g,Protein 36g,Cholesterol 135mg,Sodium 530mg,2 unitScallions; 1 unitBell Pepper; 3 ounceCarrot; 1 cloveGarlic; 1 thumbGinger; 1 unitLime; 1/2 cupJasmine Rice; 10 ounceChicken Cutlets; Plum Jam; 1 unitChicken Stock Concentrate; 12 millilitersPonzu Sauce; Salt; Pepper; 5 teaspoonVegetable Oil; 2 tablespoonButter
Ginger Soy Chicken and Bell Pepper,Soy; Wheat; Milk,Calories 630kcal,Fat 26g,Saturated Fat 10g,Carbohydrate 55g,Sugar 6g,Dietary Fiber 2g,Protein 40g,Cholesterol 150mg,Sodium 600mg,1 unitBell Pepper; 2 unitScallions; 2 cloveGarlic; 1 thumbGinger; 1 unitChili Pepper; 2 tablespoonSoy Sauce; 5 teaspoonWhite Wine Vinegar; 12 ounceChicken Breasts; 1/2 cupJasmine Rice; 1 teaspoonSugar; 4 teaspoonVegetable Oil; 2 tablespoonButter; Salt; Pepper
Ginger Soy Noodle Stir-Fry,Soy; Wheat,Calories 600kcal,Fat 10g,Saturated Fat 2g,Carbohydrate 111g,Sugar 29g,Dietary Fiber 10g,Protein 19g,,Sodium 2610mg,1 unitBell Pepper; 8 ounceSnow Peas; 1 thumbGinger; 1 tablespoonCornstarch; 2 tablespoonSoy Sauce; 6 ounceRamen Noodles; 3 ounceCarrot; 2 unitScallions; 1 cloveGarlic; 4 tablespoonSweet Soy Glaze; 5 teaspoonRice Wine Vinegar; 1 tablespoonSesame Seeds; 1 tablespoonVegetable Oil; Salt; Pepper
Ginger-Turmeric Tilapia,Tree Nuts; Fish; Milk,Calories 720kcal,Fat 39g,Saturated Fat 11g,Carbohydrate 61g,Sugar 10g,Dietary Fiber 5g,Protein 34g,Cholesterol 125mg,Sodium 560mg,1 thumbGinger; 1 unitLime; 1/4 ounceCilantro; 1 unitShallot; 2 cloveGarlic; 1/2 cupJasmine Rice; 1 tablespoonBrown Sugar; 1/4 cupShredded Coconut; 6 ounceGreen Beans; 11 ounceTilapia; 1 teaspoonTurmeric; 1 unitVeggie Stock Concentrate; 1 tablespoonVegetable Oil; 4 tablespoonButter; Salt; Pepper
Glazed Chicken,Tree Nuts; Soy; Wheat,Calories 621kcal,Fat 14g,Saturated Fat 8g,Carbohydrate 74g,Sugar 10g,Dietary Fiber 2g,Protein 47g,Cholesterol 105mg,Sodium 924mg,24 ounceChicken Breasts; 1.5 cupBasmati Rice; 12 ounceGreen Beans; 2 cloveGarlic; 1 thumbGinger; 1 canCoconut Milk; 2 unitHoney; 4 tablespoonSoy Sauce; 4 teaspoonOlive Oil; unitSalt; unitPepper
Glazed Pork Tenderloin,Soy; Wheat,Calories 602kcal,Fat 8g,Saturated Fat 1g,Carbohydrate 80g,Sugar 17g,Dietary Fiber 5g,Protein 49g,Cholesterol 105mg,Sodium 1182mg,24 ouncePork Tenderloin; 1.5 cupBasmati Rice; 8 ounceSnow Peas; 2 unitRed Bell Pepper; 2 unitCarrots; 4 unitScallions; 12 teaspoonSoy Sauce; 2 jarHoney; 1 jarDijon Mustard; 4 teaspoonOlive Oil; unitSalt; unitPepper
Glazed Pork Tenderloin with Caramelized Sweet Potato and Crispy Green Beans,Milk,Calories 538kcal,Fat 19g,Saturated Fat 6g,Carbohydrate 50g,Sugar 17g,Dietary Fiber 8g,Protein 41g,,Sodium 371mg,12 ouncePork Tenderloin; 1/4 ounceThyme; 12 ounceSweet Potatoes; 6 ounceGreen Beans; 2 cloveGarlic; 1 tablespoonMaple Syrup; 1 unitChicken Stock Concentrate; 4 teaspoonOlive Oil; 1 tablespoonButter
Glazed Teriyaki Chicken,Tree Nuts; Soy; Wheat,Calories 676kcal,Fat 20g,Saturated Fat 8g,Carbohydrate 72g,Sugar 9g,Dietary Fiber 4g,Protein 52g,,Sodium 810mg,24 ounceChicken Breasts; 1.5 cupBasmati Rice; 4 unitBaby Bok Choy; 2 ounceCashew Pieces; 4 cloveGarlic; 2 thumbGinger; 14 ounceCoconut Milk; 1 jarHoney; 2 jarSoy Sauce Jar; 2 tablespoonSesame Seeds; 4 teaspoonOlive Oil; unitSalt; unitPepper
Gnocchi Bolognese,Wheat; Milk,Calories 585kcal,Fat 19g,Saturated Fat 8g,Carbohydrate 66g,Sugar 15g,Dietary Fiber 7g,Protein 41g,Cholesterol 94mg,Sodium 1113mg,18 ounceGnocchi; 16 ounceGround Beef; 4 unitRoma Tomato; 1 unitYellow Onion; 2 cloveGarlic; 6 ounceTomato Paste; 1 teaspoonDried Oregano; 2 unitChicken Stock Concentrate; 2 tablespoonChorizo Spice Blend; 1/2 cupParmesan Cheese; 2 unitCarrots; 4 teaspoonSugar; 2 teaspoonOlive Oil; unitSalt; unitPepper
Gnocchi with Spinach & Grape Tomatoes,Milk; Wheat,Calories 620kcal,Fat 26g,Saturated Fat 17g,Carbohydrate 82g,Sugar 9g,Dietary Fiber 4g,Protein 14g,Cholesterol 65mg,Sodium 1330mg,4 ounceGrape Tomatoes; 1 teaspoonGarlic Powder; 4 tablespoonCream Cheese; 5 ounceBaby Spinach; 1 teaspoonChili Flakes; 1/4 cupPanko Breadcrumbs; 8.8 ounceGnocchi; 1 unitVeggie Stock Concentrate; 1/4 cupParmesan Cheese; 1 unitShallot; 2 tablespoonButter; Salt; Pepper
Gnocchi with Spinach & Tomatoes,Milk; Wheat,Calories 520kcal,Fat 26g,Saturated Fat 17g,Carbohydrate 61g,Sugar 5g,Dietary Fiber 4g,Protein 13g,Cholesterol 70mg,Sodium 1240mg,4 ounceHeirloom Grape Tomatoes; 1 teaspoonGarlic Powder; 4 tablespoonCream Cheese; 5 ounceSpinach; 1 teaspoonChili Flakes; 1/4 cupPanko Breadcrumbs; 8.8 ounceGnocchi; 1 unitVeggie Stock Concentrate; 1/4 cupParmesan Cheese; 2 tablespoonButter; Salt; Pepper
Goat Cheese-Stuffed Chicken Roulades,Wheat; Milk; Tree Nuts,Calories 916kcal,Fat 33g,,Carbohydrate 97g,,Dietary Fiber 10g,Protein 63g,,,2 unitChicken Breasts; 3/4 cupCouscous; 2 ounceGoat Cheese; 1 ounceAlmonds; 1.5 ounceSun-Dried Tomatoes; 1 tablespoonWhite Wine Vinegar; 1 bunchTuscan Kale; 1 ounceGolden Raisins; 1 unitVeggie Stock Concentrate; 2 tablespoonOlive Oil; unitSalt; unitPepper
Golden Barbecue Chicken Thighs,Wheat; Milk,Calories 980kcal,Fat 26g,Saturated Fat 17g,Carbohydrate 93g,Sugar 20g,Dietary Fiber 7g,Protein 45g,Cholesterol 185mg,Sodium 560mg,2 tablespoonKetchup; 1.5 tablespoonYellow Mustard; 1/2 teaspoonGarlic Powder; 1/2 ounceHoney; 1/2 teaspoonPaprika; 1 teaspoonCayenne Pepper; 1 unitShallot; 12 ounceChicken Thighs; 1 cupGemelli Pasta; 6 ounceGreen Beans; 2 tablespoonCream Cheese; 1/2 cupCheddar Cheese; 1/2 teaspoonSugar; 2 teaspoonOlive Oil; 1 tablespoonButter; Salt; Pepper
Golden Chicken Schnitzel,Wheat; Milk; Eggs,Calories 740kcal,Fat 40g,Saturated Fat 9g,Carbohydrate 59g,Sugar 14g,Dietary Fiber 9g,Protein 36g,Cholesterol 135mg,Sodium 1020mg,12 ounceYukon Gold Potatoes; 1 tablespoonFry Seasoning; 1 unitLemon; 1/2 cupPanko Breadcrumbs; 1 teaspoonGarlic Powder; 10 ounceChicken Cutlets; 6 ounceGreen Beans; 4 tablespoonSour Cream; 1.5 ounceHoney Dijon Dressing; Salt; Pepper; 2 teaspoonVegetable Oil
Golden Grain-Stuffed Peppers,Milk; Wheat,Calories 730kcal,Fat 24g,Saturated Fat 10g,Carbohydrate 103g,Sugar 22g,Dietary Fiber 11g,Protein 31g,Cholesterol 40mg,Sodium 890mg,1 unitRed Bell Pepper; 1 unitYellow Bell Peppers; 1 unitShallot; 2 cloveGarlic; 4 ounceFresh Mozzarella; 1 tablespoonHerbes de Provence; 1/4 ounceParsley; 1 unitVeggie Stock Concentrate; 1.5 ounceSun-Dried Tomatoes; 1 unitZucchini; 1 cupGolden Grain Blend; 1 tablespoonOlive Oil; unitSalt; unitPepper
Good Gravy Pork Chops,Wheat; Milk,Calories 720kcal,Fat 32g,Saturated Fat 14g,Carbohydrate 55g,Sugar 14g,Dietary Fiber 9g,Protein 51g,Cholesterol 145mg,Sodium 570mg,1 unitShallot; 2 unitScallions; 4 unitSweet Potatoes; 24 ouncePork Chops; 1/2 tablespoonItalian Seasoning; 2 tablespoonFlour; 1 cupMilk; 1 unitChicken Demi-Glace; 16 ounceBroccoli Florets; 1 cupCheddar Cheese; 1 tablespoonVegetable Oil; 2 tablespoonButter; Salt; Pepper
Good Gravy! Pork Chops,Milk,Calories 630kcal,Fat 34g,Saturated Fat 16g,Carbohydrate 41g,Sugar 15g,Dietary Fiber 9g,Protein 41g,Cholesterol 160mg,Sodium 590mg,2 unitScallions; 6 unitCarrots; 2 unitSweet Potatoes; 16 ounceBroccoli Florets; 24 ouncePork Chops; 1 teaspoonSmoked Paprika; 1 unitChicken Stock Concentrate; 2 teaspoonDijon Mustard; 1/2 ounceHoney; 6 tablespoonSour Cream; 2 teaspoonOlive Oil; 1 teaspoonVegetable Oil; 5 tablespoonButter; Salt; Pepper
Gooey Broccoli Cheddar Melts,Milk; Soy; Wheat,Calories 970kcal,Fat 54g,Saturated Fat 30g,Carbohydrate 98g,Sugar 13g,Dietary Fiber 10g,Protein 28g,Cholesterol 130mg,Sodium 1230mg,2 unitSweet Potatoes; 1 tablespoonFry Seasoning; 1/2 cupCheddar Cheese; 4 sliceSourdough Bread; 8 ounceBroccoli Florets; 4 tablespoonCream Cheese; 1/2 cupWhite Cheddar Cheese; 4 tablespoonSmoky Red Pepper Crema; 2 teaspoonVegetable Oil; 1 teaspoonOlive Oil; 2 tablespoonButter; Salt; Pepper
Gorgeous Green Farro Bowl,Wheat; Tree Nuts; Milk,Calories 520kcal,Fat 27g,Saturated Fat 9g,Carbohydrate 60g,Sugar 8g,Dietary Fiber 11g,Protein 20g,Cholesterol 30mg,Sodium 580mg,1 unitYellow Onion; 2 cloveGarlic; 6 ounceAsparagus; 1 unitZucchini; 3/4 cupFarro; 2 unitVeggie Stock Concentrate; 1 unitLemon; 1 ounceWalnuts; 1/4 cupParmesan Cheese; 1 tablespoonOlive Oil; 1 tablespoonButter; unitSalt; unitPepper
Gorgeous Greens Farro Bowl,Wheat; Tree Nuts; Milk,Calories 520kcal,Fat 27g,Saturated Fat 9g,Carbohydrate 60g,Sugar 8g,Dietary Fiber 11g,Protein 21g,Cholesterol 30mg,Sodium 400mg,1 unitYellow Onion; 2 cloveGarlic; 6 ounceAsparagus; 1 unitZucchini; 3/4 cupFarro; 2 unitVeggie Stock Concentrate; 1 unitLemon; 1 ounceWalnuts; 1/4 cupParmesan Cheese; 1 tablespoonOlive Oil; 1 tablespoonButter; unitSalt; unitPepper
Gorgeous Greens Farro Bowl,Wheat; Milk; Tree Nuts,Calories 470kcal,Fat 28g,Saturated Fat 9g,Carbohydrate 48g,Sugar 11g,Dietary Fiber 11g,Protein 19g,Cholesterol 30mg,Sodium 480mg,3/4 cupFarro; 2 unitVeggie Stock Concentrate; 6 ounceAsparagus; 1 unitZucchini; 2 cloveGarlic; 1 unitYellow Onion; 1 unitLemon; 1/4 cupParmesan Cheese; 1 ounceWalnuts; 1 tablespoonOlive Oil; 1 tablespoonButter; Salt; Pepper
Gorgeous Greens Farro Bowl,Wheat; Milk; Tree Nuts,Calories 490kcal,Fat 24g,Saturated Fat 8g,Carbohydrate 61g,Sugar 13g,Dietary Fiber 11g,Protein 18g,Cholesterol 30mg,Sodium 580mg,3/4 cupFarro; 2 unitVeggie Stock Concentrate; 8 ounceAsparagus; 1 unitZucchini; 1 cloveGarlic; 1 unitYellow Onion; 1 unitLemon; 1/4 cupParmesan Cheese; 1/2 ounceWalnuts; 1 tablespoonOlive Oil; 1 tablespoonButter; Salt; Pepper
Gouda Pork Burgers,Milk; Eggs; Soy; Wheat,Calories 1100kcal,Fat 68g,Saturated Fat 25g,Carbohydrate 84g,Sugar 13g,Dietary Fiber 7g,Protein 37g,Cholesterol 175mg,Sodium 900mg,12 ounceYukon Gold Potatoes; 1 unitYellow Onion; 1 unitLime; 2 cloveGarlic; 2 unitPotato Buns; 1 teaspoonSmoked Paprika; 1 teaspoonSriracha; 10 ounceGround Pork; 2 sliceGouda Cheese; 2 tablespoonMayonnaise; 2 tablespoonSour Cream; 4 teaspoonOlive Oil; 2 tablespoonButter; 3/4 teaspoonSugar; Salt; Pepper
Gouda Pork Burgers,Milk; Eggs; Soy; Wheat,Calories 990kcal,Fat 66g,Saturated Fat 25g,Carbohydrate 61g,Sugar 13g,Dietary Fiber 5g,Protein 37g,Cholesterol 175mg,Sodium 910mg,8 ounceBroccoli Florets; 1 unitYellow Onion; 1 cloveGarlic; 2 unitPotato Buns; 1 teaspoonSmoked Paprika; 1 teaspoonSriracha; 10 ounceGround Pork; 2 sliceGouda Cheese; 2 tablespoonMayonnaise; 2 tablespoonSour Cream; 2 teaspoonOlive Oil; 2 tablespoonButter; 3/4 teaspoonSugar; Salt; Pepper; 1 teaspoonVegetable Oil
Gouda Vibes Burgers,Eggs; Milk; Soy; Wheat,Calories 990kcal,Fat 56g,Saturated Fat 19g,Carbohydrate 83g,Sugar 15g,Dietary Fiber 7g,Protein 41g,Cholesterol 150mg,Sodium 930mg,1 unitYellow Onion; 1 unitRoma Tomato; 12 ounceYukon Gold Potatoes; 2 tablespoonMayonnaise; 2 tablespoonSour Cream; 1 teaspoonSmoked Paprika; 1 unitChicken Stock Concentrate; 10 ounceGround Beef; 2 sliceGouda Cheese; 2 unitPotato Buns; 1 teaspoonSugar; Salt; Pepper; 4 teaspoonVegetable Oil
Goudalicious Beyond Burgers™,Eggs; Milk; Wheat,Calories 1010kcal,Fat 56g,Saturated Fat 16g,Carbohydrate 90g,Sugar 26g,Dietary Fiber 9g,Protein 35g,Cholesterol 75mg,Sodium 2390mg,12 ounceYukon Gold Potatoes; 1 unitDill Pickle; 1 unitRed Onion; 1 tablespoonFry Seasoning; 5 teaspoonBalsamic Vinegar; 2 cloveGarlic; 2 tablespoonMayonnaise; 2 tablespoonSour Cream; 2 teaspoonDijon Mustard; 2 unitBrioche Buns; 2 sliceGouda Cheese; 4 tablespoonKetchup; 8 ounceBeyond Burgers™; 1 teaspoonSugar; 1 tablespoonVegetable Oil; Salt; Pepper
Gravy-Smothered Meatballs,Milk; Wheat,Calories 800kcal,Fat 51g,Saturated Fat 24g,Carbohydrate 51g,Sugar 9g,Dietary Fiber 8g,Protein 34g,Cholesterol 165mg,Sodium 920mg,1 unitYellow Onion; 1/4 ounceChives; 12 ounceYukon Gold Potatoes; 6 ounceGreen Beans; 4 tablespoonSour Cream; 10 ounceGround Beef; 1/4 cupPanko Breadcrumbs; 1 tablespoonFry Seasoning; 1 tablespoonFlour; 1 unitBeef Stock Concentrate; 1 tablespoonVegetable Oil; 3 tablespoonButter; Salt; Pepper
Great Grape Pork Chops,,Calories 580kcal,Fat 21g,Saturated Fat 5g,Carbohydrate 56g,Sugar 20g,Dietary Fiber 9g,Protein 44g,Cholesterol 95mg,Sodium 210mg,24 ounceBoneless Pork Chops; 8 ounceRed Grapes; 1/4 ounceRosemary; 2 unitShallot; 24 ounceSweet Potatoes; 12 ounceBaby Broccoli; 8 teaspoonOlive Oil; unitSalt; unitPepper
Greek Diner Burgers on the Grill,Milk; Wheat,Calories 890kcal,Fat 55g,Saturated Fat 23g,Carbohydrate 60g,Sugar 16g,Dietary Fiber 6g,Protein 41g,Cholesterol 175mg,Sodium 1150mg,10 ounceGround Beef; 1 tablespoonMediterranean Spice Blend; 1/2 cupFeta Cheese; 1 teaspoonHot Sauce; 1 unitLemon; 1 unitShallot; 2 tablespoonSour Cream; 2 unitPersian Cucumber; 2 unitRoma Tomato; 1 tablespoonDijon Mustard; 2 unitBrioche Buns; 1 teaspoonSugar; 2 teaspoonVegetable Oil; 1 tablespoonOlive Oil; 1 tablespoonButter; Salt; Pepper
Greek Eggplant Ragu,Wheat; Tree Nuts; Milk,Calories 529kcal,Fat 24g,Saturated Fat 5g,Carbohydrate 65g,Sugar 17g,Dietary Fiber 12g,Protein 19g,Cholesterol 17mg,Sodium 1082mg,1 unitVeggie Stock Concentrate; 1 unitRed Onion; 2 cloveGarlic; 1/2 cupCouscous; 1 unitEggplant; 6 ounceTomato Paste; 1 boxCrushed Tomatoes; 1 ounceGreen Olives; 1 ounceAlmonds; 1/4 ounceParsley; 1/2 cupFeta Cheese; 1 tablespoonMediterranean Spice Blend; unitSalt; unitPepper; 4 teaspoonOlive Oil
Greek Flatbread,Wheat; Sesame; Soy; Milk,Calories 524kcal,Fat 25g,Saturated Fat 9g,Carbohydrate 56g,Sugar 7g,Dietary Fiber 6g,Protein 22g,Cholesterol 49mg,Sodium 1079mg,1 unitRed Onion; 2 unitFlatbreads; 4 ounceGrape Tomatoes; 1 ounceMixed Olives; 1 jarArtichokes; 2 cloveGarlic; 2 tablespoonBalsamic Vinegar; 1/4 cupFeta Cheese; 1 unitBaby Gem Lettuce; 4 ounceFresh Mozzarella; 2 teaspoonOlive Oil; unitSalt; unitPepper
Greek Flatbread,Wheat; Milk,Calories 739kcal,Fat 30g,,Carbohydrate 95g,,Dietary Fiber 10g,Protein 29g,,,1 unitPizza Dough; 1 bunchGrape Tomatoes; 1 ounceMixed Olives; 1 jarArtichoke Hearts; 2 cloveGarlic; 1/4 cupFeta Cheese; 1/2 cupMozzarella Cheese; 1 unitRed Onion; 1 headRomaine Lettuce; 1 tablespoonBalsamic Vinegar; 1 tablespoonOlive Oil; unitSalt; unitPepper
Greek Goddess Bulgur Bowls,Milk; Wheat; Eggs; Sesame,Calories 860kcal,Fat 41g,Saturated Fat 9g,Carbohydrate 90g,Sugar 11g,Dietary Fiber 18g,Protein 26g,Cholesterol 30mg,Sodium 1370mg,13.4 ounceChickpeas; 1 tablespoonHarissa Powder; 1 unitPersian Cucumber; 1/4 ounceDill; 1/2 cupFeta Cheese; 1 unitRed Onion; 1/2 cupBulgur Wheat; 4 ounceGrape Tomatoes; 1.5 ounceGreek Vinaigrette; 1/2 cupHummus; Salt; Pepper; 2 teaspoonOlive Oil
Greek Gyro Skewers,Wheat; Milk,Calories 669kcal,Fat 21g,Saturated Fat 7g,Carbohydrate 75g,Sugar 14g,Dietary Fiber 11g,Protein 47g,Cholesterol 105mg,Sodium 336mg,1 unitShallot; 2 cloveGarlic; 1/4 ounceMint; 1 unitZucchini; 1 unitCucumber; 1 unitLemon; 10 ounceGround Beef; 1 teaspoonDried Oregano; 1/4 cupPanko Breadcrumbs; 1 unitYogurt; 4 unitWooden Skewers; 2 unitWhole Wheat Pitas; 1 tablespoonOlive Oil; unitSalt; unitPepper
"Greek Salad Flatbread with Olives, Artichokes, and Feta",Wheat; Soy; Milk,Calories 735kcal,Fat 26g,Saturated Fat 10g,Carbohydrate 99g,Sugar 8g,Dietary Fiber 15g,Protein 30g,,Sodium 1394mg,1 unitRed Onion; 10 ouncePizza Dough; 4 ounceGrape Tomatoes; 1 unitMixed Olives; 1 jarArtichokes; 2 cloveGarlic; 2 tablespoonBalsamic Vinegar; 2 ounceFeta Cheese; 1 unitRomaine Lettuce; 2 ounceMozzarella Cheese; 4 teaspoonOlive Oil; boxSalt; boxPepper
Greek Salad Flatbreads,Wheat; Sesame; Soy; Milk,Calories 630kcal,Fat 36g,Saturated Fat 14g,Carbohydrate 60g,Sugar 7g,Dietary Fiber 7g,Protein 29g,Cholesterol 55mg,Sodium 1540mg,1 unitRed Onion; 2 unitFlatbreads; 4 ounceGrape Tomatoes; 1 ounceGreen Olives; 1 jarArtichokes; 2 cloveGarlic; 1/2 cupFeta Cheese; 2 ounceArugula; 4 ounceFresh Mozzarella; 1 tablespoonBalsamic Vinegar; 2 teaspoonOlive Oil; unitSalt; unitPepper
Green Olive Pasta Puttanesca,Wheat; Milk,Calories 680kcal,Fat 30g,Saturated Fat 11g,Carbohydrate 90g,Sugar 13g,Dietary Fiber 10g,Protein 19g,Cholesterol 45mg,Sodium 990mg,1 unitShallot; 2 cloveGarlic; 1 unitLemon; 1 ounceGreen Olives; 1 unitChili Pepper; 6 ounceSpaghetti; 14 ounceMarinara Cup; 1/4 cupParmesan Cheese; 2 ounceArugula; 1 tablespoonOlive Oil; 2 tablespoonButter; Salt; Pepper
Green Pepper and Black Olive Flatbread,Milk; Wheat; Sesame,Calories 800kcal,Fat 49g,Saturated Fat 20g,Carbohydrate 73g,Sugar 12g,Dietary Fiber 7g,Protein 19g,Cholesterol 85mg,Sodium 880mg,1 unitGreen Bell Pepper; 1 unitShallot; 2 cloveGarlic; 1 ounceBlack Olives; 4 ounceFresh Mozzarella; 1 teaspoonItalian Seasoning; 3 tablespoonTomato Paste; 2 unitFlatbreads; 1 teaspoonChili Flakes; 1 teaspoonOlive Oil; 1 teaspoonSugar; 4 teaspoonVegetable Oil; 3 tablespoonButter; Salt; Pepper
Gremolata Skirt Steak,Tree Nuts; Milk,Calories 880kcal,Fat 59g,Saturated Fat 19g,Carbohydrate 50g,Sugar 11g,Dietary Fiber 13g,Protein 46g,Cholesterol 145mg,Sodium 210mg,12 ounceYukon Gold Potatoes; 10 ounceCauliflower Florets; 1/4 ounceParsley; 2 cloveGarlic; 10 ounceHeirloom Grape Tomatoes; 1 unitLemon; 1 ounceAlmonds; 12 ounceSkirt Steak; 4 tablespoonSour Cream; 8 teaspoonOlive Oil; 1 tablespoonButter; Salt; Pepper
Griddled Onion Cheeseburgers,Milk; Eggs; Soy; Wheat,Calories 940kcal,Fat 46g,Saturated Fat 19g,Carbohydrate 90g,Sugar 21g,Dietary Fiber 7g,Protein 43g,Cholesterol 145mg,Sodium 930mg,1 unitYellow Onion; 12 ounceYukon Gold Potatoes; 1 unitRoma Tomato; 1 unitShallot; 2 unitPotato Buns; 1 teaspoonGarlic Powder; 5 teaspoonWhite Wine Vinegar; 2 tablespoonKetchup; 2 teaspoonDijon Mustard; 2 tablespoonSour Cream; 10 ounceGround Beef; 1/2 cupCheddar Cheese; 1 tablespoonVegetable Oil; 2 teaspoonSugar; Salt; Pepper
Grill Mates Pork Meatloaves,Milk; Wheat,Calories 710kcal,Fat 39g,Saturated Fat 16g,Carbohydrate 63g,Sugar 21g,Dietary Fiber 10g,Protein 29g,Cholesterol 125mg,Sodium 1580mg,12 ounceYukon Gold Potatoes; 1 unitApple; 1 unitLemon; 2 unitScallions; 4 tablespoonKetchup; 10.8 gMcCormick Grill Mates Brown Sugar Bourbon Seasoning; 10 ounceGround Pork; 6 ounceGreen Beans; 1/4 cupPanko Breadcrumbs; Salt; Pepper; 2 teaspoonVegetable Oil; 2 tablespoonButter
Grilled Caprese Burgers,Soy; Wheat; Milk,Calories 750kcal,Fat 40g,Saturated Fat 15g,Carbohydrate 52g,Sugar 8g,Dietary Fiber 4g,Protein 40g,Cholesterol 120mg,Sodium 900mg,2 unitZucchini; 4 unitCiabatta Bread; 20 ounceGround Beef; 1 teaspoonItalian Seasoning; 1/4 cupParmesan Cheese; 1 teaspoonChili Flakes; 4 ounceFresh Mozzarella; 1 unitTomato; 1/2 ounceBasil; 4 tablespoonKetchup; 5 teaspoonBalsamic Glaze; 1 tablespoonOlive Oil; 1 tablespoonVegetable Oil; Salt; Pepper
Grilled Cheddar Burgers,Milk; Eggs; Soy; Wheat,Calories 740kcal,Fat 41g,Saturated Fat 16g,Carbohydrate 57g,Sugar 14g,Dietary Fiber 4g,Protein 37g,Cholesterol 120mg,Sodium 1370mg,1 unitDill Pickle; 1 unitRoma Tomato; 1 unitLime; 1 unitRed Onion; 10 ounceGround Beef; 1/2 cupCheddar Cheese; 2 unitPotato Buns; 2 ounceMixed Greens; 2 tablespoonKetchup; 1 teaspoonChipotle Powder; 1 teaspoonVegetable Oil; 2 teaspoonOlive Oil; Salt; Pepper
Grilled Cheese & Veggie Jumble,Milk,Calories 620kcal,Fat 36g,Saturated Fat 13g,Carbohydrate 56g,Sugar 14g,Dietary Fiber 14g,Protein 20g,Cholesterol 50mg,Sodium 470mg,2 unitSweet Potatoes; 1 unitRed Onion; 4 ounceGrape Tomatoes; 1/4 ounceCilantro; 2 cloveGarlic; 1 unitLemon; 1 unitAvocado; 1 unitChili Pepper; 1 teaspoonCumin; 8 ounceGrilling Cheese; 4 teaspoonOlive Oil; Salt; Pepper
Grilled Cheese Tacos,Milk; Soy; Wheat,Calories 760kcal,Fat 36g,Saturated Fat 17g,Carbohydrate 84g,Sugar 11g,Dietary Fiber 12g,Protein 24g,Cholesterol 55mg,Sodium 990mg,4 unitSweet Potatoes; 2 unitRoma Tomato; 1/2 ounceCilantro; 6 unitRadishes; 1 unitShallot; 10.66 ounceGrilling Cheese; 2 unitAvocado; 2 unitLime; 12 unitFlour Tortillas; 4 teaspoonVegetable Oil; Salt; Pepper
Grilled Chipotle Chicken Legs,Milk,Calories 860kcal,Fat 51g,Saturated Fat 13g,Carbohydrate 62g,Sugar 17g,Dietary Fiber 9g,Protein 40g,Cholesterol 215mg,Sodium 760mg,1/4 cupBBQ Sauce; 4 teaspoonWhite Wine Vinegar; 2 teaspoonDijon Mustard; 1 teaspoonChipotle Powder; 16 ounceChicken Legs; 16 ounceYukon Gold Potatoes; 1 tablespoonSouthwest Spice Blend; 1 unitShallot; 2 cloveGarlic; 1/4 ounceCilantro; 6 ounceGreen Beans; 4 teaspoonOlive Oil; 1 teaspoonVegetable Oil; 1 tablespoonButter; Salt; Pepper
Grilled Lemon Pepper Steak,Tree Nuts; Milk,Calories 740kcal,Fat 46g,Saturated Fat 18g,Carbohydrate 56g,Sugar 5g,Dietary Fiber 13g,Protein 31g,Cholesterol 145mg,Sodium 140mg,16 ounceYukon Gold Potatoes; 1 tablespoonFry Seasoning; 1 unitLemon; 1 tablespoonTricolor Peppercorns; 2 unitPoblano Pepper; 2 unitScallions; 10 ounceRanch Steak; 4 teaspoonOlive Oil; 2 tablespoonButter; Salt; Pepper
Grilled Mediterranean Steak,Wheat; Milk,Calories 560kcal,Fat 30g,Saturated Fat 11g,Carbohydrate 36g,Sugar 5g,Dietary Fiber 9g,Protein 41g,Cholesterol 120mg,Sodium 105mg,1 unitZucchini; 2 unitScallions; 1 unitRoma Tomato; 2 cloveGarlic; 1/2 cupBulgur Wheat; 1 tablespoonMediterranean Spice Blend; 2 packLemon Juice; 10 ounceMinute Steak; 1 tablespoonVegetable Oil; 2 teaspoonOlive Oil; 2 tablespoonButter; Salt; Pepper
Grilled Parmesan Burgers,Eggs; Milk; Wheat,Calories 840kcal,Fat 55g,Saturated Fat 19g,Carbohydrate 51g,Sugar 11g,Dietary Fiber 4g,Protein 36g,Cholesterol 165mg,Sodium 900mg,1 unitLemon; 1/4 ounceRosemary; 2 cloveGarlic; 6 tablespoonMayonnaise; 1 unitTomato; 1 unitRed Onion; 2 unitCorn on the Cob; 20 ounceGround Beef; 1/4 cupParmesan Cheese; 4 unitBrioche Buns; 2 tablespoonButter; 1/4 teaspoonSugar; 1 teaspoonOlive Oil; Salt; Pepper
Grilled Sirloin Steak,Milk,Calories 650kcal,Fat 37g,Saturated Fat 14g,Carbohydrate 42g,Sugar 9g,Dietary Fiber 6g,Protein 35g,Cholesterol 135mg,Sodium 140mg,24 ounceYukon Gold Potatoes; 2 tablespoonBBQ Seasoning; 4 unitScallions; 2 unitCorn on the Cob; 24 ounceSirloin Steak; 2 unitRoma Tomato; 2 tablespoonButter; 2 tablespoonOlive Oil; 1 teaspoonVegetable Oil; Salt; Pepper
Grilled Sriracha-Glazed Salmon,Soy; Wheat; Fish; Milk,Calories 720kcal,Fat 41g,Saturated Fat 11g,Carbohydrate 56g,Sugar 9g,Dietary Fiber 3g,Protein 32g,Cholesterol 105mg,Sodium 420mg,2 unitScallions; 1 unitLime; 2 unitBaby Bok Choy; 2 tablespoonHoisin Sauce; 1 teaspoonSriracha; 1/2 cupJasmine Rice; 10 ounceSkin-on Salmon; 2 tablespoonButter; 4 teaspoonVegetable Oil; Salt; Pepper
Grilling Cheese Burgers,Eggs; Milk; Wheat,Calories 700kcal,Fat 42g,Saturated Fat 17g,Carbohydrate 58g,Sugar 12g,Dietary Fiber 7g,Protein 27g,Cholesterol 75mg,Sodium 840mg,1 unitZucchini; 1 unitYellow Squash; 1 cloveGarlic; 1/4 ounceMint; 1 unitLemon; 2 tablespoonMayonnaise; 1 teaspoonSumac; 5.33 ounceGrilling Cheese; 2 unitBrioche Buns; 1 tablespoonOlive Oil; Salt; Pepper
Ground Beef and Guacamole Tacos,Wheat; Milk,Calories 740kcal,Fat 43g,Saturated Fat 15g,Carbohydrate 56g,Sugar 5g,Dietary Fiber 8g,Protein 31g,Cholesterol 95mg,Sodium 600mg,8 ounceGround Beef; 6 unitFlour Tortilla; 1 unitAvocado; 2 unitScallions; 3 unitRadishes; 1 unitRed Bell Pepper; 1 teaspoonSouthwest Spice Blend; 4 tablespoonSour Cream; 1 unitLime; 1 teaspoonVegetable Oil; unitPepper; unitSalt
Ground Beef,,Calories 360kcal,Fat 28g,Saturated Fat 10g,,,,Protein 24g,Cholesterol 100mg,Sodium 95mg,Ingredients/ serving 2 people10 ounceGround Beef; 10 ounceGround Beef
Ground Pork,,Calories 310kcal,Fat 23g,Saturated Fat 8g,,,,Protein 23g,Cholesterol 95mg,Sodium 125mg,Ingredients/ serving 2 people10 ounceGround Pork; 10 ounceGround Pork
Guacamole Green Goddess Bowl,Wheat; Milk,Calories 810kcal,Fat 31g,Saturated Fat 6g,Carbohydrate 103g,Sugar 13g,Dietary Fiber 24g,Protein 27g,Cholesterol 20mg,Sodium 600mg,1 unitShallot; 1/2 cupFarro; 1 unitVeggie Stock Concentrate; 1 unitSweet Potatoes; 13.4 ounceChickpeas; 1 tablespoonFry Seasoning; 1/4 ounceChives; 1 unitLemon; 4 tablespoonGuacamole; 4 tablespoonSour Cream; 2 ounceArugula; 2 tablespoonOlive Oil; Salt; Pepper
"Guest Chef Recipe:  Ras el Hanout-Spiced Chicken Thighs with Freekeh Salad, Butternut, and Lemony Yogurt Sauce",Wheat; Milk,Calories 1056kcal,Fat 48g,Saturated Fat 3g,Carbohydrate 88g,Sugar 14g,Dietary Fiber 21g,Protein 64g,,Sodium 406mg,16 ounceChicken Thighs; 3/4 cupCracked Freekeh; 1 boxVeggie Stock Concentrate; 2 ounceFava Beans; 4 ounceGrape Tomatoes; 1 unitLemon; 1 unitRed Onion; 1 teaspoonCumin; 1 teaspoonRas el Hanout; 8 ounceButternut Squash; 5.3 ounceYogurt; 1 teaspoonSmoked Paprika; 1/4 ounceOregano; 5 teaspoonOlive Oil
Gussied-Up Breakfast Grits,Milk,Calories 570kcal,Fat 27g,Saturated Fat 10g,Carbohydrate 71g,Sugar 9g,Dietary Fiber 10g,Protein 15g,Cholesterol 25mg,Sodium 370mg,2 unitRoma Tomato; 12 ounceYukon Gold Potatoes; 1 unitRed Onion; 3 ounceBacon; 5 ounceSpinach; 1/2 cupGrits; 1 tablespoonVegetable Oil; 1 tablespoonButter; unitSalt; unitPepper
